CRASH_ID,SER_NO,CRASH_DT,CRASH_MO_NO,CRASH_DAY_NO,CRASH_YR_NO,CRASH_WK_DAY_CD,CRASH_HR_NO,CRASH_HR_SHORT_DESC,CNTY_ID,CNTY_NM,CITY_SECT_ID,CITY_SECT_NM,URB_AREA_CD,URB_AREA_SHORT_NM,FC_CD,FC_SHORT_DESC,NHS_FLG,HWY_NO,HWY_SFX_NO,HWY_MED_NM,RDWY_NO,HWY_COMPNT_CD,HWY_COMPNT_SHORT_DESC,MLGE_TYP_CD,MLGE_TYP_SHORT_DESC,RD_CON_NO,LRS_VAL,LAT_DEG_NO,LAT_MINUTE_NO,LAT_SEC_NO,LONGTD_DEG_NO,LONGTD_MINUTE_NO,LONGTD_SEC_NO,LAT_DD,LONGTD_DD,SPECL_JRSDCT_ID,SPECL_JRSDCT_SHORT_DESC,JRSDCT_GRP_CD,JRSDCT_GRP_LONG_DESC,AGY_ST_NO,ST_FULL_NM,RECRE_RD_NM,ISECT_AGY_ST_NO,ISECT_ST_FULL_NM,ISECT_RECRE_RD_NM,ISECT_SEQ_NO,FROM_ISECT_DSTNC_QTY,CMPSS_DIR_CD,MP_NO,POST_SPEED_LMT_VAL,RD_CHAR_CD,RD_CHAR_SHORT_DESC,OFF_RDWY_FLG,ISECT_TYP_CD,ISECT_TYP_SHORT_DESC,ISECT_REL_FLG,RNDABT_FLG,DRVWY_REL_FLG,LN_QTY,TURNG_LEG_QTY,MEDN_TYP_CD,MEDN_TYP_SHORT_DESC,IMPCT_LOC_CD,CRASH_TYP_CD,CRASH_TYP_SHORT_DESC,COLLIS_TYP_CD,COLLIS_TYP_SHORT_DESC,CRASH_SVRTY_CD,CRASH_SVRTY_SHORT_DESC,WTHR_COND_CD,WTHR_COND_SHORT_DESC,RD_SURF_COND_CD,RD_SURF_SHORT_DESC,LGT_COND_CD,LGT_COND_SHORT_DESC,TRAF_CNTL_DEVICE_CD,TRAF_CNTL_DEVICE_SHORT_DESC,TRAF_CNTL_FUNC_FLG,INVSTG_AGY_CD,INVSTG_AGY_SHORT_DESC,CRASH_EVNT_1_CD,CRASH_EVNT_1_SHORT_DESC,CRASH_EVNT_2_CD,CRASH_EVNT_2_SHORT_DESC,CRASH_EVNT_3_CD,CRASH_EVNT_3_SHORT_DESC,CRASH_CAUSE_1_CD,CRASH_CAUSE_1_SHORT_DESC,CRASH_CAUSE_2_CD,CRASH_CAUSE_2_SHORT_DESC,CRASH_CAUSE_3_CD,CRASH_CAUSE_3_SHORT_DESC,SCHL_ZONE_IND,WRK_ZONE_IND,ALCHL_INVLV_FLG,DRUG_INVLV_FLG,MJ_INVLV_FLG,CRASH_SPEED_INVLV_FLG,CRASH_HIT_RUN_FLG,POP_RNG_CD,POP_RNG_MED_DESC,RD_CNTL_CD,RD_CNTL_MED_DESC,RTE_TYP_CD,RTE_ID,RTE_NM,REG_ID,DIST_ID,SEG_MRK_ID,SEG_PT_LRS_MEAS,UNLOCT_FLG,CRASH_LAST_UD_DT,TOT_VHCL_CNT,TOT_FATAL_CNT,TOT_INJ_LVL_A_CNT,TOT_INJ_LVL_B_CNT,TOT_INJ_LVL_C_CNT,TOT_INJ_CNT,TOT_UNINJD_AGE00_04_CNT,TOT_UNINJD_PER_CNT,TOT_PED_CNT,TOT_PED_FATAL_CNT,TOT_PED_INJ_LVL_A_CNT,TOT_PED_INJ_CNT,TOT_PEDCYCL_CNT,TOT_PEDCYCL_FATAL_CNT,TOT_PEDCYCL_INJ_LVL_A_CNT,TOT_PEDCYCL_INJ_CNT,TOT_UNKNWN_CNT,TOT_UNKNWN_FATAL_CNT,TOT_UNKNWN_INJ_CNT,TOT_OCCUP_CNT,TOT_PER_INVLV_CNT,TOT_SFTY_EQUIP_USED_QTY,TOT_SFTY_EQUIP_UNUSED_QTY,TOT_SFTY_EQUIP_USE_UNKNWN_QTY,TOT_PSNGR_VHCL_OCC_UNRESTRND_FATAL_CNT,TOT_MCYCLST_FATAL_CNT,TOT_MCYCLST_INJ_LVL_A_CNT,TOT_MCYCLST_INJ_CNT,TOT_MCYCLST_UNHELMTD_FATAL_CNT,TOT_ALCHL_IMPAIRED_DRVR_INV_FATAL_CNT,TOT_DRVR_AGE_01_20_CNT,LANE_RDWY_DPRT_CRASH_FLG
1777352,01300,02/18/18 00:00:00,02,18,2018,1,18,6P,26,Multnomah,245,Portland SE,57,PORTLAND UA,17,U MJ-COL,0,NA,NA,NA,NA,NA,NA,NA,NA,NA,NA,45,29,23.13,-122,32,52.79,45.489758333333334,-122.54799722222133,NA,NA,NA,NA,01055,SE HOLGATE BLVD,NA,05112,SE 112TH AVE,NA,1,0,9,NA,NA,1,INTER,0,3,3-LEG,0,0,0,NA,0,NA,NA,03,B,ANGL-OTH,1,ANGL,4,INJ,6,SNOW,3,SNO,3,DARK,001,TRF SIGNAL,0,0,NONE,NA,NA,NA,NA,NA,NA,02,NO-YIELD,NA,NA,NA,NA,NA,NA,0,0,0,0,0,9,"Over 200,000",1,PORTLAND CITY STREET,NA,NA,NA,1,02C,58_124757,NA,0,10/30/19 17:21:04,2,0,0,0,2,2,0,1,0,0,0,0,0,0,0,0,0,0,0,3,3,3,0,0,0,0,0,0,0,0,0,N
1777369,00364,01/16/18 00:00:00,01,16,2018,3,18,6P,26,Multnomah,245,Portland SE,57,PORTLAND UA,14,U PR-ART,1,026,NA,MT. HOOD,1,0,MN,0,R,NA,002600100S00,45,29,34.53,-122,29,15.65,45.49292499999933,-122.48768055555533,NA,NA,NA,NA,01940,SE POWELL BLVD,NA,05170,SE 170TH AVE,NA,1,NA,4,9.72999954,35,2,ALLEY,0,NA,NA,0,0,0,3,NA,0,NONE,05,H,O-1 L-TURN,6,TURN,4,INJ,1,CLR,1,DRY,2,DLIT,099,UNKNOWN,1,5,NO RPT,NA,NA,NA,NA,NA,NA,02,NO-YIELD,NA,NA,NA,NA,NA,NA,0,0,0,0,0,9,"Over 200,000",2,PORTLAND HWY SYSTEM,US,26,US 26,1,02B,293_19397,NA,0,10/30/19 17:21:03,2,0,0,0,1,1,0,1,0,0,0,0,0,0,0,0,0,0,0,2,2,2,0,0,0,0,0,0,0,0,0,N
1777371,00365,01/16/18 00:00:00,01,16,2018,3,11,11A,26,Multnomah,245,Portland SE,57,PORTLAND UA,14,U PR-ART,1,068,NA,CASCADE HWY NORTH,1,0,MN,0,R,NA,006800100S00,45,27,48.48,-122,34,44.56,45.463466666666,-122.57904444444367,NA,NA,NA,NA,01018,SE HARNEY ST,NA,05082,SE 82ND AVE,NA,1,NA,1,7.07000017,35,1,INTER,0,3,3-LEG,0,0,0,NA,0,NA,NA,06,C,S-STRGHT,3,REAR,4,INJ,1,CLR,1,DRY,1,DAY,099,UNKNOWN,1,5,NO RPT,013,FORCED,NA,NA,NA,NA,27,INATTENT,29,F AVOID,NA,NA,NA,NA,0,0,0,0,0,9,"Over 200,000",2,PORTLAND HWY SYSTEM,OR,213,OR 213,1,02B,293_18738,NA,0,10/30/19 17:21:03,3,0,0,0,1,1,0,2,0,0,0,0,0,0,0,0,0,0,0,3,3,0,0,3,0,0,0,0,0,0,0,N
1777376,00367,01/16/18 00:00:00,01,16,2018,3,21,9P,26,Multnomah,245,Portland SE,57,PORTLAND UA,14,U PR-ART,1,NA,NA,NA,NA,NA,NA,NA,NA,NA,NA,45,30,59.48,-122,39,38.71,45.516522222222,-122.660752777777,NA,NA,NA,NA,00226,SE BELMONT ST,NA,00929,SE GRAND AVE,NA,1,0,7,NA,NA,1,INTER,0,5,5-LEG,0,0,0,NA,0,NA,NA,06,E,S-1STOP,3,REAR,4,INJ,1,CLR,1,DRY,2,DLIT,001,TRF SIGNAL,1,5,NO RPT,NA,NA,NA,NA,NA,NA,27,INATTENT,29,F AVOID,NA,NA,NA,NA,0,0,0,0,0,9,"Over 200,000",1,PORTLAND CITY STREET,NA,NA,NA,1,02B,58_115902,NA,0,10/30/19 17:21:03,2,0,0,0,1,1,0,1,0,0,0,0,0,0,0,0,0,0,0,2,2,1,0,1,0,0,0,0,0,0,0,N
1777379,00368,01/16/18 00:00:00,01,16,2018,3,12,12P,26,Multnomah,245,Portland SE,57,PORTLAND UA,16,U MN-ART,0,NA,NA,NA,NA,NA,NA,NA,NA,NA,NA,45,31,18.79,-122,30,38.37,45.52188611111067,-122.510658333333,NA,NA,NA,NA,05148,SE 148TH AVE,NA,00283,E BURNSIDE ST,NA,1,100,5,NA,NA,3,STRGHT,0,NA,NA,0,0,0,2,NA,0,NONE,07,C,S-STRGHT,3,REAR,4,INJ,1,CLR,1,DRY,1,DAY,099,UNKNOWN,1,3,CITY,NA,NA,NA,NA,NA,NA,07,TOO-CLOS,29,F AVOID,NA,NA,0,0,0,0,0,0,1,9,"Over 200,000",1,PORTLAND CITY STREET,NA,NA,NA,1,02B,58_199116,NA,0,10/30/19 17:21:03,2,0,0,0,1,1,0,1,0,0,0,0,0,0,0,0,0,0,0,2,2,1,0,1,0,0,0,0,0,0,0,N
1777384,00369,01/16/18 00:00:00,01,16,2018,3,18,6P,26,Multnomah,245,Portland SE,57,PORTLAND UA,16,U MN-ART,0,NA,NA,NA,NA,NA,NA,NA,NA,NA,NA,45,30,43.87,-122,38,47.67,45.512186111111,-122.64657499999933,NA,NA,NA,NA,01028,SE HAWTHORNE BLVD,NA,05019,SE 19TH AVE,NA,1,0,3,NA,NA,1,INTER,0,3,3-LEG,0,0,0,NA,0,NA,NA,05,C,S-STRGHT,5,SS-O,4,INJ,1,CLR,2,WET,2,DLIT,099,UNKNOWN,1,0,NONE,NA,NA,NA,NA,NA,NA,13,IMP LN C,NA,NA,NA,NA,NA,NA,0,0,0,0,0,9,"Over 200,000",1,PORTLAND CITY STREET,NA,NA,NA,1,02B,58_117420,NA,0,10/30/19 17:21:03,2,0,0,0,1,1,0,1,0,0,0,0,0,0,0,0,0,0,0,2,2,2,0,0,0,0,0,0,0,0,0,N
1777386,00370,01/16/18 00:00:00,01,16,2018,3,13,1P,26,Multnomah,245,Portland SE,57,PORTLAND UA,14,U PR-ART,1,NA,NA,NA,NA,NA,NA,NA,NA,NA,NA,45,30,14.66,-122,31,57.19,45.504072222222,-122.53255277777767,NA,NA,NA,NA,00614,SE DIVISION ST,NA,05129,SE 129TH AVE,NA,1,325,7,NA,NA,3,STRGHT,0,NA,NA,0,0,0,4,NA,0,NONE,08,E,S-1STOP,3,REAR,4,INJ,1,CLR,1,DRY,1,DAY,019,SP PED SIG,1,0,NONE,004,INDRCT PED,NA,NA,NA,NA,29,F AVOID,NA,NA,NA,NA,NA,NA,0,0,0,0,0,9,"Over 200,000",1,PORTLAND CITY STREET,NA,NA,NA,1,02B,58_185859,NA,0,10/30/19 17:21:03,2,0,0,0,2,2,0,1,0,0,0,0,0,0,0,0,0,0,0,3,3,2,0,1,0,0,0,0,0,0,0,N
1777418,00375,01/16/18 00:00:00,01,16,2018,3,07,7A,26,Multnomah,245,Portland SE,57,PORTLAND UA,16,U MN-ART,0,NA,NA,NA,NA,NA,NA,NA,NA,NA,NA,45,31,6.88,-122,32,15.99,45.518577777777665,-122.53777499999933,NA,NA,NA,NA,02259,SE STARK ST,NA,05122,SE 122ND AVE,NA,1,110,5,NA,NA,2,ALLEY,0,NA,NA,0,0,0,4,NA,0,NONE,08,B,ANGL-OTH,6,TURN,4,INJ,3,RAIN,2,WET,4,DAWN,099,UNKNOWN,1,0,NONE,NA,NA,NA,NA,NA,NA,02,NO-YIELD,NA,NA,NA,NA,NA,NA,0,0,0,0,0,9,"Over 200,000",1,PORTLAND CITY STREET,NA,NA,NA,1,02B,58_116482,NA,0,10/30/19 17:21:03,2,0,0,0,2,2,0,0,0,0,0,0,0,0,0,0,0,0,0,2,2,1,0,1,0,0,0,0,0,0,0,N
1777454,01332,02/19/18 00:00:00,02,19,2018,2,12,12P,26,Multnomah,245,Portland SE,57,PORTLAND UA,19,U LOCAL,0,NA,NA,NA,NA,NA,NA,NA,NA,NA,NA,45,30,7.61,-122,39,17.63,45.502113888888,-122.654897222222,NA,NA,NA,NA,02659,SE WOODWARD ST,NA,01567,SE MILWAUKIE AVE,NA,1,140,7,NA,NA,3,STRGHT,0,NA,NA,0,0,0,2,NA,0,NONE,07,E,S-1STOP,3,REAR,4,INJ,1,CLR,1,DRY,1,DAY,099,UNKNOWN,1,3,CITY,013,FORCED,NA,NA,NA,NA,33,RECKLESS,01,TOO-FAST,NA,NA,0,0,0,0,0,1,1,9,"Over 200,000",1,PORTLAND CITY STREET,NA,NA,NA,1,02B,58_120201,NA,0,10/30/19 17:21:04,3,0,0,0,1,1,0,2,0,0,0,0,0,0,0,0,0,0,0,3,3,0,0,3,0,0,0,0,0,0,0,N
1777504,00400,01/15/18 00:00:00,01,15,2018,2,16,4P,26,Multnomah,245,Portland SE,57,PORTLAND UA,16,U MN-ART,0,NA,NA,NA,NA,NA,NA,NA,NA,NA,NA,45,31,8.6,-122,31,54.25,45.519055555554665,-122.53173611111066,NA,NA,NA,NA,02259,SE STARK ST,NA,05128,SE 128TH AVE,NA,1,0,9,NA,NA,1,INTER,0,3,3-LEG,0,0,0,NA,0,NA,NA,04,6,BIKE,6,TURN,4,INJ,1,CLR,1,DRY,1,DAY,004,STOP SIGN,1,3,CITY,NA,NA,NA,NA,NA,NA,02,NO-YIELD,NA,NA,NA,NA,NA,NA,0,0,0,0,0,9,"Over 200,000",1,PORTLAND CITY STREET,NA,NA,NA,1,02B,58_115819,NA,0,10/30/19 17:21:03,1,0,0,0,1,1,0,2,0,0,0,0,1,0,0,1,0,0,0,2,3,2,0,1,0,0,0,0,0,0,0,N
1777531,00405,01/17/18 00:00:00,01,17,2018,4,14,2P,26,Multnomah,245,Portland SE,57,PORTLAND UA,14,U PR-ART,1,068,NA,CASCADE HWY NORTH,1,0,MN,0,R,NA,006800100S00,45,29,6.79,-122,34,44.11,45.48521944444433,-122.57891944444367,NA,NA,NA,NA,01574,SE MITCHELL ST,NA,05082,SE 82ND AVE,NA,1,NA,5,5.5999999,35,1,INTER,0,3,3-LEG,0,0,0,NA,0,NA,NA,06,C,S-STRGHT,5,SS-O,4,INJ,1,CLR,1,DRY,1,DAY,099,UNKNOWN,1,5,NO RPT,NA,NA,NA,NA,NA,NA,13,IMP LN C,NA,NA,NA,NA,NA,NA,0,0,0,0,0,9,"Over 200,000",2,PORTLAND HWY SYSTEM,OR,213,OR 213,1,02B,293_19755,NA,0,10/30/19 17:21:03,2,0,0,0,2,2,0,1,0,0,0,0,0,0,0,0,0,0,0,3,3,1,0,2,0,0,0,0,0,0,0,N
1777543,00406,01/17/18 00:00:00,01,17,2018,4,17,5P,26,Multnomah,245,Portland SE,57,PORTLAND UA,16,U MN-ART,0,NA,NA,NA,NA,NA,NA,NA,NA,NA,NA,45,30,43.45,-122,38,5.18,45.512069444444,-122.63477222222133,NA,NA,NA,NA,01028,SE HAWTHORNE BLVD,NA,05030,SE 30TH AVE,NA,1,0,1,NA,25,1,INTER,0,1,CROSS,0,0,0,NA,0,NA,NA,05,3,PED,0,PED,4,INJ,3,RAIN,2,WET,2,DLIT,001,TRF SIGNAL,1,3,CITY,NA,NA,NA,NA,NA,NA,18,IN RDWY,19,NT VISBL,NA,NA,NA,NA,0,0,0,0,0,9,"Over 200,000",1,PORTLAND CITY STREET,NA,NA,NA,1,02B,58_117508,NA,0,10/30/19 17:21:03,1,0,0,0,1,1,0,1,1,0,0,1,0,0,0,0,0,0,0,1,2,1,0,0,0,0,0,0,0,0,0,N
1777568,00425,01/17/18 00:00:00,01,17,2018,4,15,3P,26,Multnomah,245,Portland SE,57,PORTLAND UA,14,U PR-ART,1,NA,NA,NA,NA,NA,NA,NA,NA,NA,NA,45,30,56.89,-122,39,42.49,45.515802777777,-122.661802777777,NA,NA,NA,NA,02402,SE MLK/UNION,NA,02702,SE YAMHILL ST,NA,1,0,5,NA,NA,1,INTER,0,1,CROSS,0,0,0,NA,0,NA,NA,05,E,S-1STOP,3,REAR,4,INJ,2,CLD,2,WET,1,DAY,099,UNKNOWN,1,0,NONE,NA,NA,NA,NA,NA,NA,29,F AVOID,NA,NA,NA,NA,NA,NA,0,0,0,0,0,9,"Over 200,000",1,PORTLAND CITY STREET,NA,NA,NA,1,02B,58_139511,NA,0,10/30/19 17:21:03,2,0,0,0,1,1,0,1,0,0,0,0,0,0,0,0,0,0,0,2,2,1,0,1,0,0,0,0,0,0,0,N
1777582,01850,02/25/18 00:00:00,02,25,2018,1,10,10A,26,Multnomah,245,Portland SE,57,PORTLAND UA,14,U PR-ART,1,081,NA,PACIFIC HIGHWAY EAST,1,6,CN,0,R,2,0081BQ100S00,45,27,55.11,-122,38,17.86,45.465308333333,-122.63829444444433,NA,NA,NA,NA,01506,SE MCLOUGHLIN BLVD,NA,09730,NB EX-ENFR TACOMA,NA,1,NA,2,4.32999992,NA,1,INTER,0,3,3-LEG,0,0,0,NA,1,NA,NA,09,E,S-1STOP,3,REAR,4,INJ,1,CLR,2,WET,1,DAY,004,STOP SIGN,1,0,NONE,NA,NA,NA,NA,NA,NA,29,F AVOID,NA,NA,NA,NA,NA,NA,0,0,0,0,0,9,"Over 200,000",2,PORTLAND HWY SYSTEM,OR,99,OR 99E,1,02B,293_1898,NA,0,10/30/19 17:21:04,2,0,0,0,2,2,0,4,0,0,0,0,0,0,0,0,0,0,0,6,6,4,0,2,0,0,0,0,0,0,0,N
1777592,00434,01/18/18 00:00:00,01,18,2018,5,18,6P,26,Multnomah,245,Portland SE,57,PORTLAND UA,16,U MN-ART,0,NA,NA,NA,NA,NA,NA,NA,NA,NA,NA,45,31,8.48,-122,32,16,45.519022222221665,-122.53777777777734,NA,NA,NA,NA,02259,SE STARK ST,NA,05122,SE 122ND AVE,NA,1,0,9,NA,NA,1,INTER,0,1,CROSS,0,0,0,NA,0,NA,NA,04,F,S-OTHER,6,TURN,4,INJ,3,RAIN,2,WET,2,DLIT,001,TRF SIGNAL,1,3,CITY,004,INDRCT PED,NA,NA,NA,NA,29,F AVOID,NA,NA,NA,NA,0,0,0,0,0,0,1,9,"Over 200,000",1,PORTLAND CITY STREET,NA,NA,NA,1,02B,58_115798,NA,0,10/30/19 17:21:03,2,0,0,0,1,1,1,2,0,0,0,0,0,0,0,0,0,0,0,3,3,0,0,3,0,0,0,0,0,0,0,N
1777611,01855,02/26/18 00:00:00,02,26,2018,2,11,11A,26,Multnomah,245,Portland SE,57,PORTLAND UA,17,U MJ-COL,0,NA,NA,NA,NA,NA,NA,NA,NA,NA,NA,45,30,59.27,-122,38,44.01,45.516463888888,-122.64555833333333,NA,NA,NA,NA,00226,SE BELMONT ST,NA,05020,SE 20TH AVE,NA,1,0,1,NA,NA,1,INTER,1,1,CROSS,0,0,0,NA,0,NA,NA,06,8,FIX OBJ,9,FIX,4,INJ,1,CLR,1,DRY,1,DAY,001,TRF SIGNAL,1,3,CITY,053,POLE UTL,NA,NA,NA,NA,17,ILLNESS,NA,NA,NA,NA,0,0,0,0,0,0,0,9,"Over 200,000",1,PORTLAND CITY STREET,NA,NA,NA,1,02B,58_116219,NA,0,10/30/19 17:21:04,1,0,0,0,1,1,0,0,0,0,0,0,0,0,0,0,0,0,0,1,1,0,0,1,0,0,0,0,0,0,0,N
1777623,01857,02/25/18 00:00:00,02,25,2018,1,19,7P,26,Multnomah,245,Portland SE,57,PORTLAND UA,17,U MJ-COL,0,NA,NA,NA,NA,NA,NA,NA,NA,NA,NA,45,29,55.83,-122,38,53.76,45.49884166666633,-122.64826666666633,NA,NA,NA,NA,01922,SE PERSHING ST,NA,05017,SE 17TH AVE,NA,1,0,5,NA,NA,1,INTER,0,1,CROSS,0,0,0,NA,0,NA,NA,06,E,S-1STOP,3,REAR,4,INJ,3,RAIN,2,WET,2,DLIT,004,STOP SIGN,1,3,CITY,NA,NA,NA,NA,NA,NA,07,TOO-CLOS,NA,NA,NA,NA,NA,1,0,0,0,0,0,9,"Over 200,000",1,PORTLAND CITY STREET,NA,NA,NA,1,02B,58_121250,NA,0,10/30/19 17:21:04,2,0,0,0,1,1,0,2,0,0,0,0,0,0,0,0,0,0,0,3,3,1,0,2,0,0,0,0,0,0,0,N
1777644,00449,01/18/18 00:00:00,01,18,2018,5,17,5P,26,Multnomah,245,Portland SE,57,PORTLAND UA,14,U PR-ART,1,NA,NA,NA,NA,NA,NA,NA,NA,NA,NA,45,30,14.81,-122,32,22.76,45.504113888888,-122.53965555555533,NA,NA,NA,NA,00614,SE DIVISION ST,NA,05121,SE 121ST AVE,NA,1,160,7,NA,NA,3,STRGHT,0,NA,NA,0,0,1,5,NA,0,NONE,08,H,O-1 L-TURN,6,TURN,4,INJ,3,RAIN,2,WET,2,DLIT,090,L-TURN REF,1,5,NO RPT,NA,NA,NA,NA,NA,NA,02,NO-YIELD,NA,NA,NA,NA,NA,NA,0,0,0,0,0,9,"Over 200,000",1,PORTLAND CITY STREET,NA,NA,NA,1,02B,58_183193,NA,0,10/30/19 17:21:03,2,0,0,0,1,1,0,1,0,0,0,0,0,0,0,0,0,0,0,2,2,1,0,1,0,0,0,0,0,0,0,N
1777647,00045,01/04/18 00:00:00,01,04,2018,5,14,2P,26,Multnomah,245,Portland SE,57,PORTLAND UA,16,U MN-ART,0,NA,NA,NA,NA,NA,NA,NA,NA,NA,NA,45,31,8.81,-122,31,1.64,45.51911388888867,-122.51712222222167,NA,NA,NA,NA,02259,SE STARK ST,NA,05142,SE 142ND AVE,NA,1,0,9,NA,NA,1,INTER,0,3,3-LEG,0,0,0,NA,0,NA,NA,03,H,O-1 L-TURN,6,TURN,4,INJ,1,CLR,1,DRY,1,DAY,090,L-TURN REF,1,5,NO RPT,NA,NA,NA,NA,NA,NA,02,NO-YIELD,NA,NA,NA,NA,NA,NA,0,0,0,0,0,9,"Over 200,000",1,PORTLAND CITY STREET,NA,NA,NA,1,02B,58_115883,NA,0,10/30/19 17:21:03,2,0,0,1,0,1,0,1,0,0,0,0,0,0,0,0,0,0,0,2,2,1,0,1,0,0,0,0,0,0,1,N
1777648,00450,01/18/18 00:00:00,01,18,2018,5,12,12P,26,Multnomah,245,Portland SE,57,PORTLAND UA,14,U PR-ART,1,NA,NA,NA,NA,NA,NA,NA,NA,NA,NA,45,31,22.02,-122,37,22.88,45.52278333333267,-122.62302222222166,NA,NA,NA,NA,00124,SE ANKENY ST,NA,05039,SE 39TH AV/CESAR CHAVEZ,NA,1,0,9,NA,NA,1,INTER,0,1,CROSS,0,0,0,NA,0,NA,NA,01,B,ANGL-OTH,1,ANGL,4,INJ,1,CLR,1,DRY,1,DAY,004,STOP SIGN,1,0,NONE,NA,NA,NA,NA,NA,NA,02,NO-YIELD,03,PAS-STOP,NA,NA,NA,NA,0,0,0,0,0,9,"Over 200,000",1,PORTLAND CITY STREET,NA,NA,NA,1,02B,58_114501,NA,0,10/30/19 17:21:03,2,0,0,1,0,1,0,1,0,0,0,0,0,0,0,0,0,0,0,2,2,2,0,0,0,0,0,0,0,0,0,N
1777660,00464,01/19/18 00:00:00,01,19,2018,6,10,10A,26,Multnomah,245,Portland SE,57,PORTLAND UA,16,U MN-ART,0,NA,NA,NA,NA,NA,NA,NA,NA,NA,NA,45,31,8.77,-122,31,18.77,45.51910277777767,-122.52188055555467,NA,NA,NA,NA,02259,SE STARK ST,NA,05139,SE 139TH AVE,NA,1,200,7,NA,NA,3,STRGHT,0,NA,NA,0,0,0,4,NA,0,NONE,07,E,S-1STOP,3,REAR,4,INJ,1,CLR,2,WET,1,DAY,099,UNKNOWN,1,5,NO RPT,013,FORCED,NA,NA,NA,NA,29,F AVOID,NA,NA,NA,NA,NA,NA,0,0,0,0,0,9,"Over 200,000",1,PORTLAND CITY STREET,NA,NA,NA,1,02B,58_115864,NA,0,10/30/19 17:21:03,3,0,0,0,1,1,0,2,0,0,0,0,0,0,0,0,0,0,0,3,3,1,0,2,0,0,0,0,0,0,0,N
1777666,01341,02/09/18 00:00:00,02,09,2018,6,20,8P,26,Multnomah,245,Portland SE,57,PORTLAND UA,16,U MN-ART,0,NA,NA,NA,NA,NA,NA,NA,NA,NA,NA,45,31,8.77,-122,31,15.68,45.51910277777767,-122.52102222222166,NA,NA,NA,NA,02259,SE STARK ST,NA,05139,SE 139TH AVE,NA,1,0,3,NA,NA,1,INTER,0,1,CROSS,0,0,0,NA,0,NA,NA,05,3,PED,0,PED,4,INJ,3,RAIN,2,WET,2,DLIT,001,TRF SIGNAL,1,3,CITY,NA,NA,NA,NA,NA,NA,02,NO-YIELD,NA,NA,NA,NA,NA,NA,0,0,0,0,0,9,"Over 200,000",1,PORTLAND CITY STREET,NA,NA,NA,1,02B,58_115864,NA,0,10/30/19 17:21:04,1,0,0,0,1,1,0,1,1,0,0,1,0,0,0,0,0,0,0,1,2,1,0,0,0,0,0,0,0,0,0,N
1777667,00468,01/19/18 00:00:00,01,19,2018,6,18,6P,26,Multnomah,245,Portland SE,57,PORTLAND UA,14,U PR-ART,1,NA,NA,NA,NA,NA,NA,NA,NA,NA,NA,45,30,14.8,-122,32,20.26,45.504111111111,-122.53896111111034,NA,NA,NA,NA,00614,SE DIVISION ST,NA,05121,SE 121ST AVE,NA,1,0,3,NA,NA,1,INTER,0,3,3-LEG,0,0,0,NA,0,NA,NA,05,E,S-1STOP,3,REAR,4,INJ,1,CLR,1,DRY,2,DLIT,099,UNKNOWN,1,3,CITY,NA,NA,NA,NA,NA,NA,29,F AVOID,33,RECKLESS,NA,NA,0,0,1,1,0,0,0,9,"Over 200,000",1,PORTLAND CITY STREET,NA,NA,NA,1,02B,58_183193,NA,0,10/30/19 17:21:03,2,0,0,0,1,1,0,3,0,0,0,0,0,0,0,0,0,0,0,4,4,2,0,2,0,0,0,0,0,0,0,N
1777671,00047,01/03/18 00:00:00,01,03,2018,4,19,7P,26,Multnomah,245,Portland SE,57,PORTLAND UA,19,U LOCAL,0,NA,NA,NA,NA,NA,NA,NA,NA,NA,NA,45,28,47.79,-122,37,2.91,45.47994166666667,-122.61747499999967,NA,NA,NA,NA,05044,SE 44TH AVE,NA,02658,SE WOODSTOCK BLVD,NA,1,250,1,NA,NA,2,ALLEY,0,NA,NA,0,0,0,2,NA,0,NONE,08,H,O-1 L-TURN,6,TURN,4,INJ,1,CLR,1,DRY,2,DLIT,099,UNKNOWN,1,0,NONE,NA,NA,NA,NA,NA,NA,02,NO-YIELD,NA,NA,NA,NA,NA,NA,0,0,0,0,0,9,"Over 200,000",1,PORTLAND CITY STREET,NA,NA,NA,1,02B,58_127143,NA,0,10/30/19 17:21:03,2,0,0,0,2,2,0,2,0,0,0,0,0,0,0,0,0,0,0,4,4,3,0,1,0,0,0,0,0,0,0,N
1777677,00472,01/19/18 00:00:00,01,19,2018,6,17,5P,26,Multnomah,245,Portland SE,57,PORTLAND UA,14,U PR-ART,1,026,NA,MT. HOOD,1,0,MN,0,R,NA,002600100S00,45,29,47.12,-122,33,41.96,45.496422222221334,-122.561655555555,NA,NA,NA,NA,01940,SE POWELL BLVD,NA,05099,SE 99TH AVE,NA,1,NA,3,6.03000021,35,1,INTER,0,3,3-LEG,0,0,0,NA,0,NA,NA,06,C,S-STRGHT,3,REAR,4,INJ,1,CLR,1,DRY,5,DUSK,099,UNKNOWN,1,3,CITY,013,FORCED,NA,NA,NA,NA,29,F AVOID,33,RECKLESS,NA,NA,0,0,1,0,0,0,0,9,"Over 200,000",2,PORTLAND HWY SYSTEM,US,26,US 26,1,02B,293_21203,NA,0,10/30/19 17:21:03,3,0,0,0,4,4,0,1,0,0,0,0,0,0,0,0,0,0,0,5,5,5,0,0,0,0,0,0,0,0,0,N