CRASH_ID,SER_NO,CRASH_DT,CRASH_MO_NO,CRASH_DAY_NO,CRASH_YR_NO,CRASH_WK_DAY_CD,CRASH_HR_NO,CRASH_HR_SHORT_DESC,CNTY_ID,CNTY_NM,CITY_SECT_ID,CITY_SECT_NM,URB_AREA_CD,URB_AREA_SHORT_NM,FC_CD,FC_SHORT_DESC,NHS_FLG,HWY_NO,HWY_SFX_NO,HWY_MED_NM,RDWY_NO,HWY_COMPNT_CD,HWY_COMPNT_SHORT_DESC,MLGE_TYP_CD,MLGE_TYP_SHORT_DESC,RD_CON_NO,LRS_VAL,LAT_DEG_NO,LAT_MINUTE_NO,LAT_SEC_NO,LONGTD_DEG_NO,LONGTD_MINUTE_NO,LONGTD_SEC_NO,LAT_DD,LONGTD_DD,SPECL_JRSDCT_ID,SPECL_JRSDCT_SHORT_DESC,JRSDCT_GRP_CD,JRSDCT_GRP_LONG_DESC,AGY_ST_NO,ST_FULL_NM,RECRE_RD_NM,ISECT_AGY_ST_NO,ISECT_ST_FULL_NM,ISECT_RECRE_RD_NM,ISECT_SEQ_NO,FROM_ISECT_DSTNC_QTY,CMPSS_DIR_CD,MP_NO,POST_SPEED_LMT_VAL,RD_CHAR_CD,RD_CHAR_SHORT_DESC,OFF_RDWY_FLG,ISECT_TYP_CD,ISECT_TYP_SHORT_DESC,ISECT_REL_FLG,RNDABT_FLG,DRVWY_REL_FLG,LN_QTY,TURNG_LEG_QTY,MEDN_TYP_CD,MEDN_TYP_SHORT_DESC,IMPCT_LOC_CD,CRASH_TYP_CD,CRASH_TYP_SHORT_DESC,COLLIS_TYP_CD,COLLIS_TYP_SHORT_DESC,CRASH_SVRTY_CD,CRASH_SVRTY_SHORT_DESC,WTHR_COND_CD,WTHR_COND_SHORT_DESC,RD_SURF_COND_CD,RD_SURF_SHORT_DESC,LGT_COND_CD,LGT_COND_SHORT_DESC,TRAF_CNTL_DEVICE_CD,TRAF_CNTL_DEVICE_SHORT_DESC,TRAF_CNTL_FUNC_FLG,INVSTG_AGY_CD,INVSTG_AGY_SHORT_DESC,CRASH_EVNT_1_CD,CRASH_EVNT_1_SHORT_DESC,CRASH_EVNT_2_CD,CRASH_EVNT_2_SHORT_DESC,CRASH_EVNT_3_CD,CRASH_EVNT_3_SHORT_DESC,CRASH_CAUSE_1_CD,CRASH_CAUSE_1_SHORT_DESC,CRASH_CAUSE_2_CD,CRASH_CAUSE_2_SHORT_DESC,CRASH_CAUSE_3_CD,CRASH_CAUSE_3_SHORT_DESC,SCHL_ZONE_IND,WRK_ZONE_IND,ALCHL_INVLV_FLG,DRUG_INVLV_FLG,MJ_INVLV_FLG,CRASH_SPEED_INVLV_FLG,CRASH_HIT_RUN_FLG,POP_RNG_CD,POP_RNG_MED_DESC,RD_CNTL_CD,RD_CNTL_MED_DESC,RTE_TYP_CD,RTE_ID,RTE_NM,REG_ID,DIST_ID,SEG_MRK_ID,SEG_PT_LRS_MEAS,UNLOCT_FLG,CRASH_LAST_UD_DT,TOT_VHCL_CNT,TOT_FATAL_CNT,TOT_INJ_LVL_A_CNT,TOT_INJ_LVL_B_CNT,TOT_INJ_LVL_C_CNT,TOT_INJ_CNT,TOT_UNINJD_AGE00_04_CNT,TOT_UNINJD_PER_CNT,TOT_PED_CNT,TOT_PED_FATAL_CNT,TOT_PED_INJ_LVL_A_CNT,TOT_PED_INJ_CNT,TOT_PEDCYCL_CNT,TOT_PEDCYCL_FATAL_CNT,TOT_PEDCYCL_INJ_LVL_A_CNT,TOT_PEDCYCL_INJ_CNT,TOT_UNKNWN_CNT,TOT_UNKNWN_FATAL_CNT,TOT_UNKNWN_INJ_CNT,TOT_OCCUP_CNT,TOT_PER_INVLV_CNT,TOT_SFTY_EQUIP_USED_QTY,TOT_SFTY_EQUIP_UNUSED_QTY,TOT_SFTY_EQUIP_USE_UNKNWN_QTY,TOT_PSNGR_VHCL_OCC_UNRESTRND_FATAL_CNT,TOT_MCYCLST_FATAL_CNT,TOT_MCYCLST_INJ_LVL_A_CNT,TOT_MCYCLST_INJ_CNT,TOT_MCYCLST_UNHELMTD_FATAL_CNT,TOT_ALCHL_IMPAIRED_DRVR_INV_FATAL_CNT,TOT_DRVR_AGE_01_20_CNT,LANE_RDWY_DPRT_CRASH_FLG
1778488,00641,01/20/18 00:00:00,01,20,2018,7,03,3A,26,Multnomah,245,Portland SE,57,PORTLAND UA,16,U MN-ART,0,NA,NA,NA,NA,NA,NA,NA,NA,NA,NA,45,31,6,-122,33,27.37,45.51833333333267,-122.557602777777,NA,NA,NA,NA,02612,SE WASHINGTON ST,NA,07103,SE 103RD DR,NA,1,0,9,NA,NA,1,INTER,0,1,CROSS,0,0,0,NA,0,NA,NA,04,B,ANGL-OTH,1,ANGL,4,INJ,3,RAIN,2,WET,2,DLIT,001,TRF SIGNAL,1,5,NO RPT,115,DSTRCT GPS,NA,NA,NA,NA,27,INATTENT,04,DIS SIG,NA,NA,NA,NA,0,0,0,0,0,9,"Over 200,000",1,PORTLAND CITY STREET,NA,NA,NA,1,02B,58_115950,NA,0,10/30/19 17:21:04,2,0,0,0,3,3,0,1,0,0,0,0,0,0,0,0,0,0,0,4,4,1,0,3,0,0,0,0,0,0,1,N
1778503,01560,02/25/18 00:00:00,02,25,2018,1,16,4P,26,Multnomah,245,Portland SE,57,PORTLAND UA,11,U INTRST,1,001,NA,PACIFIC,2,0,MN,0,R,NA,000100200S00,45,30,39.18,-122,40,0.22,45.510883333333,-122.66672777777767,NA,NA,NA,NA,00302,PACIFIC HY I-5,NA,09452,SB EX MARQUAM BR,NA,1,NA,5,300.640015,50,8,BRIDGE,0,NA,NA,0,0,0,3,NA,0,NONE,04,E,S-1STOP,3,REAR,4,INJ,1,CLR,1,DRY,1,DAY,015,ONE-WAY,1,0,NONE,013,FORCED,NA,NA,NA,NA,01,TOO-FAST,NA,NA,NA,NA,NA,NA,0,0,0,1,0,9,"Over 200,000",2,PORTLAND HWY SYSTEM,IS,5,I-5,1,02B,293_3024,NA,0,10/30/19 17:21:04,3,0,0,0,1,1,0,4,0,0,0,0,0,0,0,0,0,0,0,5,5,5,0,0,0,0,0,0,0,0,0,N
1778505,00649,01/25/18 00:00:00,01,25,2018,5,01,1A,26,Multnomah,245,Portland SE,57,PORTLAND UA,19,U LOCAL,0,NA,NA,NA,NA,NA,NA,NA,NA,NA,NA,45,29,41.31,-122,34,26.59,45.49480833333333,-122.57405277777767,NA,NA,NA,NA,00287,SE BUSH ST,NA,05086,SE 86TH AVE,NA,1,0,7,NA,25,1,INTER,1,2,2-LEG,0,0,0,NA,0,NA,NA,06,8,FIX OBJ,9,FIX,4,INJ,1,CLR,2,WET,2,DLIT,099,UNKNOWN,1,3,CITY,040,CURB,062,TREE,NA,NA,30,SPEED,08,IMP-TURN,NA,NA,0,0,0,0,0,1,0,9,"Over 200,000",1,PORTLAND CITY STREET,NA,NA,NA,1,02B,58_190792,NA,0,10/30/19 17:21:04,1,0,0,4,0,4,0,0,0,0,0,0,0,0,0,0,0,0,0,4,4,0,4,0,0,0,0,0,0,0,0,N
1778524,01563,02/25/18 00:00:00,02,25,2018,1,00,12A,26,Multnomah,245,Portland SE,57,PORTLAND UA,17,U MJ-COL,0,NA,NA,NA,NA,NA,NA,NA,NA,NA,NA,45,30,59.35,-122,39,9.48,45.516486111111,-122.652633333333,NA,NA,NA,NA,00226,SE BELMONT ST,NA,05013,SE 13TH AVE,NA,1,0,9,NA,NA,1,INTER,0,1,CROSS,0,0,0,NA,0,NA,NA,04,B,ANGL-OTH,1,ANGL,4,INJ,1,CLR,2,WET,2,DLIT,004,STOP SIGN,1,5,NO RPT,013,FORCED,NA,NA,NA,NA,03,PAS-STOP,NA,NA,NA,NA,NA,NA,0,0,0,0,0,9,"Over 200,000",1,PORTLAND CITY STREET,NA,NA,NA,1,02B,58_115978,NA,0,10/30/19 17:21:04,3,0,0,0,1,1,0,1,0,0,0,0,0,0,0,0,0,0,0,2,2,1,0,1,0,0,0,0,0,0,0,N
1778539,01567,02/25/18 00:00:00,02,25,2018,1,15,3P,26,Multnomah,245,Portland SE,57,PORTLAND UA,14,U PR-ART,1,026,NA,MT. HOOD,1,6,CN,0,R,1,0026AD100S00,45,30,4.64,-122,39,41.09,45.501288888888,-122.661413888888,NA,NA,NA,NA,01642,SB EF ROSS IS BR C1,NA,01940,SE POWELL BLVD,NA,1,NA,4,0.980000019,NA,8,BRIDGE,0,NA,NA,0,0,0,1,NA,0,NONE,03,&,OVERTURN,8,NCOL,4,INJ,3,RAIN,2,WET,1,DAY,015,ONE-WAY,1,5,NO RPT,124,SLIPPERY,NA,NA,NA,NA,01,TOO-FAST,NA,NA,NA,NA,NA,NA,0,0,0,1,0,9,"Over 200,000",2,PORTLAND HWY SYSTEM,US,26,US 26,1,02B,293_6303,NA,0,10/30/19 17:21:04,1,0,0,0,1,1,0,0,0,0,0,0,0,0,0,0,0,0,0,1,1,1,0,0,0,0,0,0,0,0,0,Y
1778545,00652,01/25/18 00:00:00,01,25,2018,5,18,6P,26,Multnomah,245,Portland SE,57,PORTLAND UA,16,U MN-ART,0,NA,NA,NA,NA,NA,NA,NA,NA,NA,NA,45,31,8.69,-122,31,39.93,45.519080555554666,-122.52775833333267,NA,NA,NA,NA,02259,SE STARK ST,NA,05133,SE 133RD AVE,NA,1,390,7,NA,NA,3,STRGHT,0,NA,NA,0,0,1,5,NA,0,NONE,08,H,O-1 L-TURN,6,TURN,4,INJ,3,RAIN,2,WET,2,DLIT,090,L-TURN REF,1,0,NONE,NA,NA,NA,NA,NA,NA,02,NO-YIELD,NA,NA,NA,NA,NA,NA,0,0,0,0,0,9,"Over 200,000",1,PORTLAND CITY STREET,NA,NA,NA,1,02B,58_185681,NA,0,10/30/19 17:21:04,2,0,0,1,0,1,0,1,0,0,0,0,0,0,0,0,0,0,0,2,2,1,0,1,0,0,0,0,0,0,0,N
1778596,00671,01/26/18 00:00:00,01,26,2018,6,16,4P,26,Multnomah,245,Portland SE,57,PORTLAND UA,17,U MJ-COL,0,NA,NA,NA,NA,NA,NA,NA,NA,NA,NA,45,29,24.08,-122,34,6.98,45.490022222221334,-122.56860555555467,NA,NA,NA,NA,01055,SE HOLGATE BLVD,NA,05092,SE 92ND AVE,NA,1,0,1,NA,NA,1,INTER,0,1,CROSS,0,0,0,NA,0,NA,NA,06,E,S-1STOP,3,REAR,4,INJ,1,CLR,1,DRY,1,DAY,001,TRF SIGNAL,1,0,NONE,NA,NA,NA,NA,NA,NA,29,F AVOID,NA,NA,NA,NA,NA,NA,0,0,0,0,0,9,"Over 200,000",1,PORTLAND CITY STREET,NA,NA,NA,1,02B,58_184562,NA,0,10/30/19 17:21:04,2,0,0,0,1,1,0,3,0,0,0,0,0,0,0,0,0,0,0,4,4,3,0,1,0,0,0,0,0,0,0,N
1778598,00673,01/26/18 00:00:00,01,26,2018,6,12,12P,26,Multnomah,245,Portland SE,57,PORTLAND UA,14,U PR-ART,1,NA,NA,NA,NA,NA,NA,NA,NA,NA,NA,45,30,44.76,-122,37,22.33,45.512433333333,-122.62286944444367,NA,NA,NA,NA,05039,SE 39TH AV/CESAR CHAVEZ,NA,01028,SE HAWTHORNE BLVD,NA,1,110,1,NA,NA,3,STRGHT,0,NA,NA,1,0,0,4,NA,0,NONE,08,E,S-1STOP,3,REAR,4,INJ,1,CLR,1,DRY,1,DAY,099,UNKNOWN,1,0,NONE,NA,NA,NA,NA,NA,NA,27,INATTENT,29,F AVOID,NA,NA,NA,NA,0,0,0,0,0,9,"Over 200,000",1,PORTLAND CITY STREET,NA,NA,NA,1,02B,58_117583,NA,0,10/30/19 17:21:04,2,0,0,0,2,2,0,1,0,0,0,0,0,0,0,0,0,0,0,3,3,3,0,0,0,0,0,0,0,0,0,N
1778701,01590,02/26/18 00:00:00,02,26,2018,2,12,12P,26,Multnomah,245,Portland SE,57,PORTLAND UA,14,U PR-ART,1,026,NA,MT. HOOD,1,0,MN,0,R,NA,002600100S00,45,29,49.42,-122,32,17.9,45.497061111110334,-122.53830555555534,NA,NA,NA,NA,01940,SE POWELL BLVD,NA,05122,SE 122ND AVE,NA,1,NA,7,7.17999983,35,3,STRGHT,0,NA,NA,0,0,0,2,NA,0,NONE,03,E,S-1STOP,3,REAR,4,INJ,1,CLR,1,DRY,1,DAY,099,UNKNOWN,1,5,NO RPT,013,FORCED,NA,NA,NA,NA,07,TOO-CLOS,NA,NA,NA,NA,NA,NA,0,0,0,0,0,9,"Over 200,000",2,PORTLAND HWY SYSTEM,US,26,US 26,1,02B,293_18791,NA,0,10/30/19 17:21:04,3,0,0,0,3,3,0,1,0,0,0,0,0,0,0,0,0,0,0,4,4,4,0,0,0,0,0,0,0,0,0,N
1778705,00693,01/27/18 00:00:00,01,27,2018,7,11,11A,26,Multnomah,245,Portland SE,57,PORTLAND UA,19,U LOCAL,0,NA,NA,NA,NA,NA,NA,NA,NA,NA,NA,45,28,16.75,-122,36,9.28,45.471319444443665,-122.602577777777,NA,NA,NA,NA,01807,SE OGDEN ST,NA,05060,SE 60TH AVE,NA,1,75,7,NA,NA,2,ALLEY,0,NA,NA,0,0,0,2,NA,0,NONE,07,2,PRKD MV,-,BACK,4,INJ,1,CLR,1,DRY,1,DAY,099,UNKNOWN,1,0,NONE,NA,NA,NA,NA,NA,NA,02,NO-YIELD,NA,NA,NA,NA,NA,NA,0,0,0,0,0,9,"Over 200,000",1,PORTLAND CITY STREET,NA,NA,NA,1,02B,58_500214,NA,0,10/30/19 17:21:04,2,0,0,0,1,1,0,1,0,0,0,0,0,0,0,0,0,0,0,2,2,1,0,1,0,0,0,0,0,0,0,N
1778709,01593,02/26/18 00:00:00,02,26,2018,2,23,11P,26,Multnomah,245,Portland SE,57,PORTLAND UA,11,U INTRST,1,001,NA,PACIFIC,1,6,CN,0,R,1,0001UY100S00,45,30,47.74,-122,40,2.57,45.513261111111,-122.66738055555467,NA,NA,NA,NA,00302,PACIFIC HY I-5,NA,09452,SB EX MARQUAM BR,NA,1,NA,1,300.809998,50,8,BRIDGE,0,NA,NA,0,0,0,2,NA,0,NONE,04,E,S-1STOP,3,REAR,4,INJ,1,CLR,1,DRY,2,DLIT,015,ONE-WAY,1,5,NO RPT,013,FORCED,NA,NA,NA,NA,07,TOO-CLOS,NA,NA,NA,NA,NA,1,0,0,0,0,0,9,"Over 200,000",2,PORTLAND HWY SYSTEM,IS,5,I-5,1,02B,293_4006,NA,0,10/30/19 17:21:04,3,0,0,0,2,2,0,1,0,0,0,0,0,0,0,0,0,0,0,3,3,2,0,1,0,0,0,0,0,0,1,N
1778727,01595,02/26/18 00:00:00,02,26,2018,2,19,7P,26,Multnomah,245,Portland SE,57,PORTLAND UA,16,U MN-ART,0,NA,NA,NA,NA,NA,NA,NA,NA,NA,NA,45,28,35.2,-122,32,36.36,45.476444444443665,-122.54343333333334,NA,NA,NA,NA,00824,SE FOSTER RD,NA,00857,SE FOSTER PL,NA,1,504,7,NA,NA,3,STRGHT,0,NA,NA,0,0,0,5,NA,0,NONE,08,3,PED,0,PED,4,INJ,2,CLD,1,DRY,2,DLIT,090,L-TURN REF,1,3,CITY,NA,NA,NA,NA,NA,NA,18,IN RDWY,19,NT VISBL,NA,NA,0,0,0,0,0,0,0,9,"Over 200,000",1,PORTLAND CITY STREET,NA,NA,NA,1,02C,58_194268,NA,0,10/30/19 17:21:04,1,0,0,1,0,1,0,1,1,0,0,1,0,0,0,0,0,0,0,1,2,1,0,0,0,0,0,0,0,0,0,N
1778752,01607,02/27/18 00:00:00,02,27,2018,3,20,8P,26,Multnomah,245,Portland SE,57,PORTLAND UA,14,U PR-ART,1,NA,NA,NA,NA,NA,NA,NA,NA,NA,NA,45,31,4.57,-122,39,38.67,45.517936111110664,-122.660741666666,NA,NA,NA,NA,00113,SE ALDER ST,NA,00929,SE GRAND AVE,NA,1,0,9,NA,NA,1,INTER,0,1,CROSS,0,0,0,NA,0,NA,NA,04,B,ANGL-OTH,1,ANGL,4,INJ,1,CLR,1,DRY,2,DLIT,004,STOP SIGN,1,5,NO RPT,NA,NA,NA,NA,NA,NA,02,NO-YIELD,NA,NA,NA,NA,NA,NA,0,0,0,0,0,9,"Over 200,000",1,PORTLAND CITY STREET,NA,NA,NA,1,02B,58_115498,NA,0,10/30/19 17:21:04,2,0,1,0,0,1,0,1,0,0,0,0,0,0,0,0,0,0,0,2,2,1,0,1,0,0,1,1,0,0,0,N
1778764,01610,02/27/18 00:00:00,02,27,2018,3,18,6P,26,Multnomah,245,Portland SE,57,PORTLAND UA,17,U MJ-COL,0,NA,NA,NA,NA,NA,NA,NA,NA,NA,NA,45,27,41.21,-122,36,5.41,45.461447222222,-122.601502777777,NA,NA,NA,NA,00457,SE CLATSOP ST,NA,00852,SE FLAVEL DR,NA,1,0,9,NA,NA,1,INTER,0,1,CROSS,0,0,0,NA,0,NA,NA,02,B,ANGL-OTH,1,ANGL,4,INJ,1,CLR,1,DRY,5,DUSK,004,STOP SIGN,1,5,NO RPT,NA,NA,NA,NA,NA,NA,02,NO-YIELD,NA,NA,NA,NA,NA,NA,0,0,0,0,0,9,"Over 200,000",1,PORTLAND CITY STREET,NA,NA,NA,1,02B,58_131064,NA,0,10/30/19 17:21:04,2,0,0,1,0,1,0,1,0,0,0,0,0,0,0,0,0,0,0,2,2,1,0,1,0,0,0,0,0,0,0,N
1778811,01630,02/20/18 00:00:00,02,20,2018,3,17,5P,26,Multnomah,245,Portland SE,57,PORTLAND UA,16,U MN-ART,0,NA,NA,NA,NA,NA,NA,NA,NA,NA,NA,45,28,30.61,-122,29,53.6,45.475169444443665,-122.49822222222133,NA,NA,NA,NA,00824,SE FOSTER RD,NA,05162,SE 162ND AVE,NA,1,0,8,NA,NA,1,INTER,1,3,3-LEG,0,0,0,NA,0,NA,NA,06,8,FIX OBJ,9,FIX,4,INJ,1,CLR,1,DRY,1,DAY,001,TRF SIGNAL,1,3,CITY,043,GARDRAIL,013,FORCED,NA,NA,17,ILLNESS,NA,NA,NA,NA,NA,NA,0,0,0,0,0,9,"Over 200,000",1,PORTLAND CITY STREET,NA,NA,NA,1,02C,58_500086,NA,0,10/30/19 17:21:04,2,0,0,0,2,2,0,2,0,0,0,0,0,0,0,0,0,0,0,4,4,0,0,4,0,0,0,0,0,0,0,N
1778813,00709,01/27/18 00:00:00,01,27,2018,7,10,10A,26,Multnomah,245,Portland SE,57,PORTLAND UA,17,U MJ-COL,0,NA,NA,NA,NA,NA,NA,NA,NA,NA,NA,45,28,24.48,-122,38,51.65,45.47346666666667,-122.64768055555534,NA,NA,NA,NA,05017,SE 17TH AVE,NA,00290,SE BYBEE BLVD,NA,1,100,5,NA,NA,2,ALLEY,0,NA,NA,0,0,0,2,NA,0,NONE,07,B,ANGL-OTH,6,TURN,4,INJ,2,CLD,2,WET,1,DAY,099,UNKNOWN,1,0,NONE,082,VEH HID,NA,NA,NA,NA,02,NO-YIELD,NA,NA,NA,NA,NA,NA,0,0,0,0,0,9,"Over 200,000",1,PORTLAND CITY STREET,NA,NA,NA,1,02B,58_128843,NA,0,10/30/19 17:21:04,2,0,0,1,0,1,1,2,0,0,0,0,0,0,0,0,0,0,0,3,3,3,0,0,0,0,0,0,0,0,0,N
1778818,00071,01/04/18 00:00:00,01,04,2018,5,17,5P,26,Multnomah,245,Portland SE,57,PORTLAND UA,14,U PR-ART,1,NA,NA,NA,NA,NA,NA,NA,NA,NA,NA,45,30,24.69,-122,37,21.64,45.506858333333,-122.62267777777767,NA,NA,NA,NA,00931,SE GRANT CT,NA,05039,SE 39TH AV/CESAR CHAVEZ,NA,1,0,9,NA,NA,1,INTER,0,1,CROSS,0,0,0,NA,0,NA,NA,04,B,ANGL-OTH,1,ANGL,4,INJ,3,RAIN,2,WET,2,DLIT,004,STOP SIGN,1,5,NO RPT,057,STOPSIGN,NA,NA,NA,NA,02,NO-YIELD,03,PAS-STOP,NA,NA,NA,NA,0,0,0,0,0,9,"Over 200,000",1,PORTLAND CITY STREET,NA,NA,NA,1,02B,58_119188,NA,0,10/30/19 17:21:04,2,0,0,3,0,3,0,0,0,0,0,0,0,0,0,0,0,0,0,3,3,3,0,0,0,0,0,0,0,0,0,N
1778821,01632,02/24/18 00:00:00,02,24,2018,7,15,3P,26,Multnomah,245,Portland SE,57,PORTLAND UA,14,U PR-ART,1,026,NA,MT. HOOD,1,0,MN,0,R,NA,002600100S00,45,29,50.89,-122,36,12.51,45.497469444444334,-122.603475,NA,NA,NA,NA,01940,SE POWELL BLVD,NA,05058,SE 58TH AVE,NA,1,NA,7,3.83999991,35,3,STRGHT,0,NA,NA,0,0,0,4,NA,0,NONE,05,E,S-1STOP,3,REAR,4,INJ,3,RAIN,2,WET,1,DAY,008,WARNING,1,0,NONE,NA,NA,NA,NA,NA,NA,07,TOO-CLOS,NA,NA,NA,NA,NA,NA,0,0,0,0,0,9,"Over 200,000",2,PORTLAND HWY SYSTEM,US,26,US 26,1,02B,293_13693,NA,0,10/30/19 17:21:04,2,0,0,0,1,1,0,1,0,0,0,0,0,0,0,0,0,0,0,2,2,2,0,0,0,0,0,0,0,0,0,N
1778867,01642,02/28/18 00:00:00,02,28,2018,4,20,8P,26,Multnomah,245,Portland SE,57,PORTLAND UA,16,U MN-ART,0,NA,NA,NA,NA,NA,NA,NA,NA,NA,NA,45,31,19.93,-122,39,16.63,45.522202777777665,-122.654619444444,NA,NA,NA,NA,00124,SE ANKENY ST,NA,02210,SE SANDY BLVD,NA,1,0,9,NA,NA,1,INTER,0,6,6-LEG,0,0,0,NA,0,NA,NA,01,B,ANGL-OTH,1,ANGL,4,INJ,3,RAIN,2,WET,2,DLIT,004,STOP SIGN,1,0,NONE,NA,NA,NA,NA,NA,NA,02,NO-YIELD,NA,NA,NA,NA,NA,NA,0,0,0,0,0,9,"Over 200,000",1,PORTLAND CITY STREET,NA,NA,NA,1,02B,58_114692,NA,0,10/30/19 17:21:04,2,0,0,0,2,2,0,0,0,0,0,0,0,0,0,0,0,0,0,2,2,1,0,1,0,0,0,0,0,0,0,N
1778889,00724,01/28/18 00:00:00,01,28,2018,1,18,6P,26,Multnomah,245,Portland SE,57,PORTLAND UA,16,U MN-ART,0,064,NA,EAST PORTLAND FREEWAY,1,6,CN,0,R,3,0064BM100S00,45,28,43.57,-122,33,53.16,45.478769444443664,-122.564766666666,NA,NA,NA,NA,00824,SE FOSTER RD,NA,05096,SE 96TH AVE,NA,1,NA,9,17.8099995,NA,1,INTER,0,1,CROSS,0,0,0,NA,0,NA,NA,03,D,S-1TURN,6,TURN,4,INJ,1,CLR,1,DRY,2,DLIT,001,TRF SIGNAL,1,5,NO RPT,NA,NA,NA,NA,NA,NA,14,DIS TCD,NA,NA,NA,NA,NA,NA,0,0,0,0,0,9,"Over 200,000",2,PORTLAND HWY SYSTEM,IS,205,I-205,1,02B,293_6091,NA,0,10/30/19 17:21:04,2,0,0,0,1,1,0,3,0,0,0,0,0,0,0,0,0,0,0,4,4,4,0,0,0,0,0,0,0,0,1,N
1778891,00727,01/28/18 00:00:00,01,28,2018,1,17,5P,26,Multnomah,245,Portland SE,57,PORTLAND UA,14,U PR-ART,1,026,NA,MT. HOOD,1,0,MN,0,R,NA,002600100S00,45,29,49.49,-122,32,15.58,45.497080555555335,-122.53766111111034,NA,NA,NA,NA,01940,SE POWELL BLVD,NA,05122,SE 122ND AVE,NA,1,NA,7,7.21000004,35,1,INTER,0,1,CROSS,0,0,0,NA,0,NA,NA,06,E,S-1STOP,3,REAR,4,INJ,1,CLR,1,DRY,2,DLIT,001,TRF SIGNAL,1,0,NONE,NA,NA,NA,NA,NA,NA,27,INATTENT,29,F AVOID,NA,NA,NA,NA,0,0,0,0,0,9,"Over 200,000",2,PORTLAND HWY SYSTEM,US,26,US 26,1,02B,293_18791,NA,0,10/30/19 17:21:04,2,0,0,0,1,1,0,3,0,0,0,0,0,0,0,0,0,0,0,4,4,4,0,0,0,0,0,0,0,0,0,N
1778894,00728,01/28/18 00:00:00,01,28,2018,1,06,6A,26,Multnomah,245,Portland SE,57,PORTLAND UA,17,U MJ-COL,0,NA,NA,NA,NA,NA,NA,NA,NA,NA,NA,45,30,53.52,-122,36,6.99,45.514866666666,-122.601941666666,NA,NA,NA,NA,02309,SE TAYLOR ST,NA,05060,SE 60TH AVE,NA,1,0,9,NA,NA,1,INTER,0,3,3-LEG,0,0,1,NA,0,NA,NA,04,B,ANGL-OTH,-,BACK,4,INJ,3,RAIN,2,WET,2,DLIT,099,UNKNOWN,1,5,NO RPT,NA,NA,NA,NA,NA,NA,02,NO-YIELD,NA,NA,NA,NA,NA,NA,0,0,0,0,0,9,"Over 200,000",1,PORTLAND CITY STREET,NA,NA,NA,1,02B,58_116832,NA,0,10/30/19 17:21:04,2,0,0,0,1,1,0,1,0,0,0,0,0,0,0,0,0,0,0,2,2,2,0,0,0,0,0,0,0,0,0,N
1778900,00730,01/28/18 00:00:00,01,28,2018,1,13,1P,26,Multnomah,245,Portland SE,57,PORTLAND UA,14,U PR-ART,1,026,NA,MT. HOOD,1,0,MN,0,R,NA,002600100S00,45,29,52.29,-122,31,24.78,45.49785833333333,-122.52354999999967,NA,NA,NA,NA,01940,SE POWELL BLVD,NA,05136,SE 136TH AVE,NA,1,NA,2,7.9000001,35,1,INTER,0,1,CROSS,0,0,0,NA,0,NA,NA,06,C,S-STRGHT,5,SS-O,4,INJ,1,CLR,1,DRY,1,DAY,001,TRF SIGNAL,1,3,CITY,NA,NA,NA,NA,NA,NA,13,IMP LN C,NA,NA,NA,NA,0,0,0,0,0,0,0,9,"Over 200,000",2,PORTLAND HWY SYSTEM,US,26,US 26,1,02B,293_14853,NA,0,10/30/19 17:21:04,2,0,0,1,2,3,1,1,0,0,0,0,0,0,0,0,0,0,0,4,4,3,0,1,0,0,0,0,0,0,0,N
1778906,07363,01/03/18 00:00:00,01,03,2018,4,20,8P,26,Multnomah,245,Portland SE,57,PORTLAND UA,16,U MN-ART,0,NA,NA,NA,NA,NA,NA,NA,NA,NA,NA,45,29,22.93,-122,35,48.92,45.48970277777733,-122.59692222222134,NA,NA,NA,NA,00824,SE FOSTER RD,NA,05064,SE 64TH AVE,NA,1,0,4,NA,NA,1,INTER,0,3,3-LEG,0,0,0,NA,0,NA,NA,06,E,S-1STOP,3,REAR,4,INJ,0,UNK,0,UNK,2,DLIT,001,TRF SIGNAL,1,0,NONE,NA,NA,NA,NA,NA,NA,29,F AVOID,NA,NA,NA,NA,NA,NA,0,0,0,0,0,9,"Over 200,000",1,PORTLAND CITY STREET,NA,NA,NA,1,02B,58_124566,NA,0,10/30/19 17:21:04,2,0,0,0,1,1,0,1,0,0,0,0,0,0,0,0,0,0,0,2,2,0,0,2,0,0,0,0,0,0,0,N
1778910,00740,01/29/18 00:00:00,01,29,2018,2,18,6P,26,Multnomah,245,Portland SE,57,PORTLAND UA,14,U PR-ART,1,NA,NA,NA,NA,NA,NA,NA,NA,NA,NA,45,30,15.09,-122,32,51.12,45.504191666666,-122.54753333333333,NA,NA,NA,NA,00614,SE DIVISION ST,NA,05112,SE 112TH AVE,NA,1,100,3,NA,NA,3,STRGHT,0,NA,NA,0,0,0,4,NA,0,NONE,08,E,S-1STOP,3,REAR,4,INJ,3,RAIN,2,WET,2,DLIT,099,UNKNOWN,1,0,NONE,NA,NA,NA,NA,NA,NA,29,F AVOID,NA,NA,NA,NA,NA,NA,0,0,0,0,0,9,"Over 200,000",1,PORTLAND CITY STREET,NA,NA,NA,1,02B,58_120129,NA,0,10/30/19 17:21:04,2,0,0,0,1,1,0,1,0,0,0,0,0,0,0,0,0,0,0,2,2,1,0,1,0,0,0,0,0,0,0,N