CRASH_ID,SER_NO,CRASH_DT,CRASH_MO_NO,CRASH_DAY_NO,CRASH_YR_NO,CRASH_WK_DAY_CD,CRASH_HR_NO,CRASH_HR_SHORT_DESC,CNTY_ID,CNTY_NM,CITY_SECT_ID,CITY_SECT_NM,URB_AREA_CD,URB_AREA_SHORT_NM,FC_CD,FC_SHORT_DESC,NHS_FLG,HWY_NO,HWY_SFX_NO,HWY_MED_NM,RDWY_NO,HWY_COMPNT_CD,HWY_COMPNT_SHORT_DESC,MLGE_TYP_CD,MLGE_TYP_SHORT_DESC,RD_CON_NO,LRS_VAL,LAT_DEG_NO,LAT_MINUTE_NO,LAT_SEC_NO,LONGTD_DEG_NO,LONGTD_MINUTE_NO,LONGTD_SEC_NO,LAT_DD,LONGTD_DD,SPECL_JRSDCT_ID,SPECL_JRSDCT_SHORT_DESC,JRSDCT_GRP_CD,JRSDCT_GRP_LONG_DESC,AGY_ST_NO,ST_FULL_NM,RECRE_RD_NM,ISECT_AGY_ST_NO,ISECT_ST_FULL_NM,ISECT_RECRE_RD_NM,ISECT_SEQ_NO,FROM_ISECT_DSTNC_QTY,CMPSS_DIR_CD,MP_NO,POST_SPEED_LMT_VAL,RD_CHAR_CD,RD_CHAR_SHORT_DESC,OFF_RDWY_FLG,ISECT_TYP_CD,ISECT_TYP_SHORT_DESC,ISECT_REL_FLG,RNDABT_FLG,DRVWY_REL_FLG,LN_QTY,TURNG_LEG_QTY,MEDN_TYP_CD,MEDN_TYP_SHORT_DESC,IMPCT_LOC_CD,CRASH_TYP_CD,CRASH_TYP_SHORT_DESC,COLLIS_TYP_CD,COLLIS_TYP_SHORT_DESC,CRASH_SVRTY_CD,CRASH_SVRTY_SHORT_DESC,WTHR_COND_CD,WTHR_COND_SHORT_DESC,RD_SURF_COND_CD,RD_SURF_SHORT_DESC,LGT_COND_CD,LGT_COND_SHORT_DESC,TRAF_CNTL_DEVICE_CD,TRAF_CNTL_DEVICE_SHORT_DESC,TRAF_CNTL_FUNC_FLG,INVSTG_AGY_CD,INVSTG_AGY_SHORT_DESC,CRASH_EVNT_1_CD,CRASH_EVNT_1_SHORT_DESC,CRASH_EVNT_2_CD,CRASH_EVNT_2_SHORT_DESC,CRASH_EVNT_3_CD,CRASH_EVNT_3_SHORT_DESC,CRASH_CAUSE_1_CD,CRASH_CAUSE_1_SHORT_DESC,CRASH_CAUSE_2_CD,CRASH_CAUSE_2_SHORT_DESC,CRASH_CAUSE_3_CD,CRASH_CAUSE_3_SHORT_DESC,SCHL_ZONE_IND,WRK_ZONE_IND,ALCHL_INVLV_FLG,DRUG_INVLV_FLG,MJ_INVLV_FLG,CRASH_SPEED_INVLV_FLG,CRASH_HIT_RUN_FLG,POP_RNG_CD,POP_RNG_MED_DESC,RD_CNTL_CD,RD_CNTL_MED_DESC,RTE_TYP_CD,RTE_ID,RTE_NM,REG_ID,DIST_ID,SEG_MRK_ID,SEG_PT_LRS_MEAS,UNLOCT_FLG,CRASH_LAST_UD_DT,TOT_VHCL_CNT,TOT_FATAL_CNT,TOT_INJ_LVL_A_CNT,TOT_INJ_LVL_B_CNT,TOT_INJ_LVL_C_CNT,TOT_INJ_CNT,TOT_UNINJD_AGE00_04_CNT,TOT_UNINJD_PER_CNT,TOT_PED_CNT,TOT_PED_FATAL_CNT,TOT_PED_INJ_LVL_A_CNT,TOT_PED_INJ_CNT,TOT_PEDCYCL_CNT,TOT_PEDCYCL_FATAL_CNT,TOT_PEDCYCL_INJ_LVL_A_CNT,TOT_PEDCYCL_INJ_CNT,TOT_UNKNWN_CNT,TOT_UNKNWN_FATAL_CNT,TOT_UNKNWN_INJ_CNT,TOT_OCCUP_CNT,TOT_PER_INVLV_CNT,TOT_SFTY_EQUIP_USED_QTY,TOT_SFTY_EQUIP_UNUSED_QTY,TOT_SFTY_EQUIP_USE_UNKNWN_QTY,TOT_PSNGR_VHCL_OCC_UNRESTRND_FATAL_CNT,TOT_MCYCLST_FATAL_CNT,TOT_MCYCLST_INJ_LVL_A_CNT,TOT_MCYCLST_INJ_CNT,TOT_MCYCLST_UNHELMTD_FATAL_CNT,TOT_ALCHL_IMPAIRED_DRVR_INV_FATAL_CNT,TOT_DRVR_AGE_01_20_CNT,LANE_RDWY_DPRT_CRASH_FLG
1781008,02790,04/05/18 00:00:00,04,05,2018,5,06,6A,26,Multnomah,245,Portland SE,57,PORTLAND UA,11,U INTRST,1,064,NA,EAST PORTLAND FREEWAY,1,0,MN,0,R,NA,006400100S00,45,30,52.26,-122,33,54.94,45.514516666666,-122.565261111111,NA,NA,NA,NA,00745,EAST PORTLAND FY,NA,09723,NB EX WASH-STARK C1,NA,1,NA,5,20.3099995,55,3,STRGHT,0,NA,NA,0,0,0,6,NA,2,DIVMD,04,E,S-1STOP,3,REAR,4,INJ,3,RAIN,2,WET,4,DAWN,099,UNKNOWN,1,5,NO RPT,013,FORCED,NA,NA,NA,NA,29,F AVOID,NA,NA,NA,NA,NA,NA,0,0,0,0,0,9,"Over 200,000",2,PORTLAND HWY SYSTEM,IS,205,I-205,1,02B,293_5709,NA,0,10/30/19 17:21:04,3,0,0,0,1,1,0,2,0,0,0,0,0,0,0,0,0,0,0,3,3,1,0,2,0,0,0,0,0,0,0,N
1781039,02034,03/13/18 00:00:00,03,13,2018,3,12,12P,26,Multnomah,245,Portland SE,57,PORTLAND UA,16,U MN-ART,0,NA,NA,NA,NA,NA,NA,NA,NA,NA,NA,45,27,51.55,-122,38,49.35,45.464319444444,-122.64704166666634,NA,NA,NA,NA,02301,SE TACOMA ST,NA,05017,SE 17TH AVE,NA,1,0,9,NA,NA,1,INTER,0,1,CROSS,0,0,0,NA,0,NA,NA,02,H,O-1 L-TURN,6,TURN,4,INJ,1,CLR,1,DRY,1,DAY,001,TRF SIGNAL,1,5,NO RPT,NA,NA,NA,NA,NA,NA,02,NO-YIELD,NA,NA,NA,NA,NA,NA,0,0,0,0,0,9,"Over 200,000",1,PORTLAND CITY STREET,NA,NA,NA,1,02B,58_130518,NA,0,10/30/19 17:21:04,2,0,0,0,3,3,0,0,0,0,0,0,0,0,0,0,0,0,0,3,3,3,0,0,0,0,0,0,0,0,0,N
1781061,02800,04/05/18 00:00:00,04,05,2018,5,18,6P,26,Multnomah,245,Portland SE,57,PORTLAND UA,19,U LOCAL,0,NA,NA,NA,NA,NA,NA,NA,NA,NA,NA,45,30,4.82,-122,38,44.32,45.501338888888,-122.64564444444433,NA,NA,NA,NA,00268,SE BROOKLYN ST,NA,05020,SE 20TH AVE,NA,1,0,9,NA,NA,1,INTER,0,1,CROSS,0,0,0,NA,0,NA,NA,01,B,ANGL-OTH,1,ANGL,4,INJ,3,RAIN,2,WET,1,DAY,004,STOP SIGN,1,0,NONE,013,FORCED,NA,NA,NA,NA,02,NO-YIELD,NA,NA,NA,NA,NA,NA,0,0,0,0,0,9,"Over 200,000",1,PORTLAND CITY STREET,NA,NA,NA,1,02B,58_120518,NA,0,10/30/19 17:21:04,4,0,0,0,1,1,0,1,0,0,0,0,0,0,0,0,0,0,0,2,2,0,0,2,0,0,0,0,0,0,0,N
1781075,02813,04/05/18 00:00:00,04,05,2018,5,12,12P,26,Multnomah,245,Portland SE,57,PORTLAND UA,14,U PR-ART,1,068,NA,CASCADE HWY NORTH,1,0,MN,0,R,NA,006800100S00,45,28,7.17,-122,34,44.52,45.46865833333267,-122.57903333333266,NA,NA,NA,NA,00817,SE FLAVEL ST,NA,05082,SE 82ND AVE,NA,1,NA,1,6.73000002,35,1,INTER,0,1,CROSS,0,0,0,NA,0,NA,NA,06,E,S-1STOP,3,REAR,4,INJ,1,CLR,1,DRY,1,DAY,001,TRF SIGNAL,1,0,NONE,NA,NA,NA,NA,NA,NA,29,F AVOID,NA,NA,NA,NA,NA,NA,0,0,0,0,0,9,"Over 200,000",2,PORTLAND HWY SYSTEM,OR,213,OR 213,1,02B,293_19730,NA,0,10/30/19 17:21:04,2,0,0,2,0,2,0,1,0,0,0,0,0,0,0,0,0,0,0,3,3,2,0,1,0,0,0,0,0,0,0,N
1781137,02843,04/06/18 00:00:00,04,06,2018,6,14,2P,26,Multnomah,245,Portland SE,57,PORTLAND UA,14,U PR-ART,1,026,NA,MT. HOOD,1,0,MN,0,R,NA,002600100S00,45,29,49.31,-122,32,21.76,45.497030555555334,-122.53937777777733,NA,NA,NA,NA,01940,SE POWELL BLVD,NA,05120,SE 120TH AVE,NA,1,NA,3,7.13000011,35,1,INTER,0,3,3-LEG,0,0,0,NA,0,NA,NA,06,E,S-1STOP,3,REAR,4,INJ,1,CLR,1,DRY,1,DAY,099,UNKNOWN,1,5,NO RPT,013,FORCED,NA,NA,NA,NA,29,F AVOID,NA,NA,NA,NA,NA,NA,0,0,0,0,0,9,"Over 200,000",2,PORTLAND HWY SYSTEM,US,26,US 26,1,02B,293_16246,NA,0,10/30/19 17:21:04,3,0,0,0,1,1,0,2,0,0,0,0,0,0,0,0,0,0,0,3,3,1,0,2,0,0,0,0,0,0,0,N
1781141,02847,04/07/18 00:00:00,04,07,2018,7,13,1P,26,Multnomah,245,Portland SE,57,PORTLAND UA,11,U INTRST,1,064,NA,EAST PORTLAND FREEWAY,1,0,MN,0,R,NA,006400100S00,45,30,43.56,-122,33,55.11,45.5121,-122.565308333333,NA,NA,NA,NA,00745,EAST PORTLAND FY,NA,09723,NB EX WASH-STARK C1,NA,1,NA,5,20.1499996,55,3,STRGHT,0,NA,NA,0,0,0,6,NA,2,DIVMD,03,E,S-1STOP,3,REAR,4,INJ,1,CLR,1,DRY,1,DAY,099,UNKNOWN,1,0,NONE,NA,NA,NA,NA,NA,NA,29,F AVOID,NA,NA,NA,NA,NA,NA,0,0,0,0,0,9,"Over 200,000",2,PORTLAND HWY SYSTEM,IS,205,I-205,1,02B,293_5709,NA,0,10/30/19 17:21:04,2,0,0,0,2,2,0,1,0,0,0,0,0,0,0,0,0,0,0,3,3,2,0,1,0,0,0,0,0,0,0,N
1781168,02046,03/13/18 00:00:00,03,13,2018,3,12,12P,26,Multnomah,245,Portland SE,57,PORTLAND UA,16,U MN-ART,0,064,NA,EAST PORTLAND FREEWAY,1,6,CN,0,R,7,0064BQ100S00,45,28,42.81,-122,34,0.37,45.478558333332664,-122.56676944444366,NA,NA,NA,NA,02658,SE WOODSTOCK BLVD,NA,05094,SE 94TH AVE,NA,1,NA,1,17.9500008,NA,1,INTER,0,1,CROSS,0,0,0,NA,0,NA,NA,06,E,S-1STOP,3,REAR,4,INJ,2,CLD,2,WET,1,DAY,001,TRF SIGNAL,1,2,COUNTY,NA,NA,NA,NA,NA,NA,29,F AVOID,NA,NA,NA,NA,0,0,0,0,0,0,0,9,"Over 200,000",2,PORTLAND HWY SYSTEM,IS,205,I-205,1,02B,293_6121,NA,0,10/30/19 17:21:04,2,0,0,0,2,2,0,3,0,0,0,0,0,0,0,0,0,0,0,5,5,2,0,3,0,0,0,0,0,0,0,N
1781171,02857,04/07/18 00:00:00,04,07,2018,7,22,10P,26,Multnomah,245,Portland SE,57,PORTLAND UA,16,U MN-ART,0,NA,NA,NA,NA,NA,NA,NA,NA,NA,NA,45,31,2.01,-122,39,37.06,45.51722499999967,-122.660294444444,NA,NA,NA,NA,01591,SE MORRISON ST,NA,00929,SE GRAND AVE,NA,1,91,3,NA,NA,3,STRGHT,0,NA,NA,0,0,0,2,NA,0,NONE,03,F,S-OTHER,7,PARK,4,INJ,3,RAIN,2,WET,3,DARK,015,ONE-WAY,1,3,CITY,NA,NA,NA,NA,NA,NA,02,NO-YIELD,NA,NA,NA,NA,0,0,0,0,0,0,1,9,"Over 200,000",1,PORTLAND CITY STREET,NA,NA,NA,1,02B,58_115672,NA,0,10/30/19 17:21:04,2,0,0,0,1,1,0,1,0,0,0,0,0,0,0,0,0,0,0,2,2,1,0,1,0,0,0,0,0,0,0,N
1781172,02047,03/13/18 00:00:00,03,13,2018,3,18,6P,26,Multnomah,245,Portland SE,57,PORTLAND UA,14,U PR-ART,1,026,NA,MT. HOOD,1,0,MN,0,R,NA,002600100S00,45,29,49.38,-122,32,19.44,45.497049999999334,-122.53873333333333,NA,NA,NA,NA,01940,SE POWELL BLVD,NA,05122,SE 122ND AVE,NA,1,NA,7,7.15999985,35,2,ALLEY,0,NA,NA,0,0,0,2,NA,0,NONE,02,3,PED,0,PED,4,INJ,2,CLD,2,WET,5,DUSK,099,UNKNOWN,1,3,CITY,NA,NA,NA,NA,NA,NA,18,IN RDWY,19,NT VISBL,NA,NA,0,0,0,0,0,0,0,9,"Over 200,000",2,PORTLAND HWY SYSTEM,US,26,US 26,1,02B,293_18791,NA,0,10/30/19 17:21:04,1,0,0,0,1,1,0,1,1,0,0,1,0,0,0,0,0,0,0,1,2,0,0,1,0,0,0,0,0,0,0,N
1781188,02048,03/13/18 00:00:00,03,13,2018,3,20,8P,26,Multnomah,245,Portland SE,57,PORTLAND UA,14,U PR-ART,1,068,NA,CASCADE HWY NORTH,1,0,MN,0,R,NA,006800100S00,45,29,51.7,-122,34,43.35,45.497694444444335,-122.57870833333267,NA,NA,NA,NA,05082,SE 82ND AVE,NA,01940,SE POWELL BLVD,NA,1,NA,1,4.73000002,35,2,ALLEY,0,NA,NA,0,0,0,4,NA,0,NONE,06,B,ANGL-OTH,6,TURN,4,INJ,3,RAIN,2,WET,5,DUSK,099,UNKNOWN,1,5,NO RPT,NA,NA,NA,NA,NA,NA,02,NO-YIELD,NA,NA,NA,NA,NA,NA,0,0,0,0,0,9,"Over 200,000",2,PORTLAND HWY SYSTEM,OR,213,OR 213,1,02B,293_19012,NA,0,10/30/19 17:21:04,2,0,0,0,6,6,0,0,0,0,0,0,0,0,0,0,0,0,0,6,6,6,0,0,0,0,0,0,0,0,0,N
1781195,02864,04/07/18 00:00:00,04,07,2018,7,13,1P,26,Multnomah,245,Portland SE,57,PORTLAND UA,14,U PR-ART,1,026,NA,MT. HOOD,1,0,MN,0,R,NA,002600100S00,45,29,51.16,-122,31,31.79,45.49754444444433,-122.52549722222167,NA,NA,NA,NA,01940,SE POWELL BLVD,NA,05134,SE 134TH AVE,NA,1,NA,7,7.8000001900000004,35,3,STRGHT,0,NA,NA,0,0,0,2,NA,0,NONE,03,G,O-STRGHT,4,SS-M,4,INJ,3,RAIN,2,WET,1,DAY,099,UNKNOWN,1,3,CITY,NA,NA,NA,NA,NA,NA,27,INATTENT,05,LEFT-CTR,NA,NA,0,0,0,0,0,0,0,9,"Over 200,000",2,PORTLAND HWY SYSTEM,US,26,US 26,1,02B,293_19871,NA,0,10/30/19 17:21:04,2,0,0,0,7,7,1,0,0,0,0,0,0,0,0,0,0,0,0,7,7,6,1,0,0,0,0,0,0,0,0,Y
1781199,02053,03/13/18 00:00:00,03,13,2018,3,14,2P,26,Multnomah,245,Portland SE,57,PORTLAND UA,16,U MN-ART,0,NA,NA,NA,NA,NA,NA,NA,NA,NA,NA,45,29,45.85,-122,37,21.49,45.49606944444433,-122.62263611111067,NA,NA,NA,NA,01422,SE LAFAYETTE CT,NA,05039,SE 39TH AV/CESAR CHAVEZ,NA,1,0,5,NA,NA,1,INTER,0,3,3-LEG,0,0,0,NA,0,NA,NA,05,C,S-STRGHT,3,REAR,4,INJ,1,CLR,1,DRY,1,DAY,099,UNKNOWN,1,0,NONE,NA,NA,NA,NA,NA,NA,29,F AVOID,NA,NA,NA,NA,NA,NA,0,0,0,0,0,9,"Over 200,000",1,PORTLAND CITY STREET,NA,NA,NA,1,02B,58_122354,NA,0,10/30/19 17:21:04,2,0,0,0,2,2,0,1,0,0,0,0,0,0,0,0,0,0,0,3,3,2,0,1,0,0,0,0,0,0,0,N
1781203,02055,03/13/18 00:00:00,03,13,2018,3,18,6P,26,Multnomah,245,Portland SE,57,PORTLAND UA,16,U MN-ART,0,NA,NA,NA,NA,NA,NA,NA,NA,NA,NA,45,31,8.56,-122,33,37.08,45.519044444443665,-122.5603,NA,NA,NA,NA,02259,SE STARK ST,NA,05100,SE 100TH AVE,NA,1,0,9,NA,NA,1,INTER,0,3,3-LEG,0,0,0,NA,0,NA,NA,04,D,S-1TURN,6,TURN,4,INJ,1,CLR,1,DRY,1,DAY,015,ONE-WAY,1,0,NONE,NA,NA,NA,NA,NA,NA,08,IMP-TURN,NA,NA,NA,NA,NA,NA,0,0,0,0,0,9,"Over 200,000",1,PORTLAND CITY STREET,NA,NA,NA,1,02B,58_139148,NA,0,10/30/19 17:21:04,2,0,0,0,1,1,0,2,0,0,0,0,0,0,0,0,0,0,0,3,3,2,0,1,0,0,0,0,0,0,0,N
1781205,02871,04/08/18 00:00:00,04,08,2018,1,13,1P,26,Multnomah,245,Portland SE,57,PORTLAND UA,14,U PR-ART,1,NA,NA,NA,NA,NA,NA,NA,NA,NA,NA,45,30,16.46,-122,29,47.85,45.504572222222,-122.49662499999933,NA,NA,NA,NA,00614,SE DIVISION ST,NA,05162,SE 162ND AVE,NA,1,0,3,NA,NA,1,INTER,0,1,CROSS,0,0,0,NA,0,NA,NA,06,E,S-1STOP,3,REAR,4,INJ,1,CLR,2,WET,1,DAY,001,TRF SIGNAL,1,0,NONE,NA,NA,NA,NA,NA,NA,27,INATTENT,NA,NA,NA,NA,NA,NA,0,0,0,0,0,9,"Over 200,000",1,PORTLAND CITY STREET,NA,NA,NA,1,02B,58_120303,NA,0,10/30/19 17:21:04,2,0,0,0,1,1,0,1,0,0,0,0,0,0,0,0,0,0,0,2,2,0,0,2,0,0,0,0,0,0,0,N
1781217,02879,04/08/18 00:00:00,04,08,2018,1,14,2P,26,Multnomah,245,Portland SE,57,PORTLAND UA,16,U MN-ART,0,NA,NA,NA,NA,NA,NA,NA,NA,NA,NA,45,30,46.58,-122,39,27.83,45.512938888888,-122.657730555555,NA,NA,NA,NA,01513,SE MADISON ST,NA,05008,SE 8TH AVE,NA,1,0,9,NA,NA,1,INTER,0,1,CROSS,0,0,0,NA,0,NA,NA,04,B,ANGL-OTH,1,ANGL,4,INJ,1,CLR,1,DRY,1,DAY,004,STOP SIGN,1,5,NO RPT,NA,NA,NA,NA,NA,NA,02,NO-YIELD,NA,NA,NA,NA,NA,NA,0,0,0,0,0,9,"Over 200,000",1,PORTLAND CITY STREET,NA,NA,NA,1,02B,58_117107,NA,0,10/30/19 17:21:04,2,0,0,0,1,1,0,2,0,0,0,0,0,0,0,0,0,0,0,3,3,2,0,1,0,0,0,0,0,0,0,N
1781221,02880,04/08/18 00:00:00,04,08,2018,1,13,1P,26,Multnomah,245,Portland SE,57,PORTLAND UA,17,U MJ-COL,0,NA,NA,NA,NA,NA,NA,NA,NA,NA,NA,45,27,57.28,-122,34,6.98,45.465911111111,-122.56860555555467,NA,NA,NA,NA,05092,SE 92ND AVE,NA,00498,SE CRYSTAL SPRNGS BLVD,NA,1,417,1,NA,NA,2,ALLEY,0,NA,NA,0,0,0,2,NA,0,NONE,08,B,ANGL-OTH,6,TURN,4,INJ,1,CLR,1,DRY,1,DAY,099,UNKNOWN,1,5,NO RPT,NA,NA,NA,NA,NA,NA,02,NO-YIELD,NA,NA,NA,NA,NA,NA,0,0,0,0,0,9,"Over 200,000",1,PORTLAND CITY STREET,NA,NA,NA,1,02B,58_185060,NA,0,10/30/19 17:21:04,2,0,0,0,2,2,0,1,0,0,0,0,0,0,0,0,0,0,0,3,3,2,0,1,0,0,0,0,0,0,0,N
1781244,02885,04/09/18 00:00:00,04,09,2018,2,21,9P,26,Multnomah,245,Portland SE,57,PORTLAND UA,14,U PR-ART,1,NA,NA,NA,NA,NA,NA,NA,NA,NA,NA,45,30,15.2,-122,30,38.15,45.504222222222,-122.510597222222,NA,NA,NA,NA,00614,SE DIVISION ST,NA,05148,SE 148TH AVE,NA,1,0,3,NA,NA,1,INTER,0,1,CROSS,0,0,0,NA,2,NA,NA,06,E,S-1STOP,3,REAR,4,INJ,1,CLR,1,DRY,2,DLIT,001,TRF SIGNAL,1,5,NO RPT,NA,NA,NA,NA,NA,NA,29,F AVOID,NA,NA,NA,NA,NA,NA,0,0,0,0,0,9,"Over 200,000",1,PORTLAND CITY STREET,NA,NA,NA,1,02B,58_120362,NA,0,10/30/19 17:21:04,2,0,1,0,0,1,0,1,0,0,0,0,0,0,0,0,0,0,0,2,2,0,0,2,0,0,0,0,0,0,0,N
1781252,02069,03/15/18 00:00:00,03,15,2018,5,12,12P,26,Multnomah,245,Portland SE,57,PORTLAND UA,16,U MN-ART,0,NA,NA,NA,NA,NA,NA,NA,NA,NA,NA,45,29,31.24,-122,29,4.85,45.49201111111033,-122.48468055555533,NA,NA,NA,NA,05174,SE 174TH AVE,NA,01940,SE POWELL BLVD,NA,1,85,5,NA,NA,2,ALLEY,0,NA,NA,0,0,0,2,NA,0,NONE,07,E,S-1STOP,3,REAR,4,INJ,3,RAIN,2,WET,1,DAY,099,UNKNOWN,1,5,NO RPT,013,FORCED,NA,NA,NA,NA,29,F AVOID,NA,NA,NA,NA,NA,NA,0,0,0,0,0,9,"Over 200,000",1,PORTLAND CITY STREET,NA,NA,NA,1,02B,58_124866,NA,0,10/30/19 17:21:04,3,0,0,0,3,3,1,2,0,0,0,0,0,0,0,0,0,0,0,5,5,4,0,1,0,0,0,0,0,0,0,N
1781256,02072,03/15/18 00:00:00,03,15,2018,5,16,4P,26,Multnomah,245,Portland SE,57,PORTLAND UA,14,U PR-ART,1,026,NA,MT. HOOD,1,0,MN,0,R,NA,002600100S00,45,29,42.89,-122,29,56.22,45.49524722222133,-122.49894999999934,NA,NA,NA,NA,01940,SE POWELL BLVD,NA,05160,SE 160TH AVE,NA,1,NA,8,9.1499996199999991,35,1,INTER,0,3,3-LEG,0,0,0,NA,0,NA,NA,06,E,S-1STOP,3,REAR,4,INJ,1,CLR,1,DRY,1,DAY,099,UNKNOWN,1,5,NO RPT,013,FORCED,NA,NA,NA,NA,29,F AVOID,NA,NA,NA,NA,NA,NA,0,0,0,0,0,9,"Over 200,000",2,PORTLAND HWY SYSTEM,US,26,US 26,1,02B,293_18833,NA,0,10/30/19 17:21:04,3,0,0,0,2,2,0,2,0,0,0,0,0,0,0,0,0,0,0,4,4,0,0,4,0,0,0,0,0,0,0,N
1781263,02074,03/15/18 00:00:00,03,15,2018,5,18,6P,26,Multnomah,245,Portland SE,57,PORTLAND UA,16,U MN-ART,0,NA,NA,NA,NA,NA,NA,NA,NA,NA,NA,45,30,44.02,-122,39,31.36,45.512227777777,-122.658711111111,NA,NA,NA,NA,01028,SE HAWTHORNE BLVD,NA,05007,SE 7TH AVE,NA,1,0,9,NA,NA,1,INTER,0,1,CROSS,0,0,0,NA,0,NA,NA,03,6,BIKE,6,TURN,4,INJ,1,CLR,1,DRY,1,DAY,001,TRF SIGNAL,1,0,NONE,NA,NA,NA,NA,NA,NA,02,NO-YIELD,NA,NA,NA,NA,NA,NA,0,0,0,0,0,9,"Over 200,000",1,PORTLAND CITY STREET,NA,NA,NA,1,02B,58_139857,NA,0,10/30/19 17:21:04,1,0,1,0,0,1,0,1,0,0,0,0,1,0,1,1,0,0,0,1,2,0,0,2,0,0,0,0,0,0,0,N
1781265,02887,04/09/18 00:00:00,04,09,2018,2,16,4P,26,Multnomah,245,Portland SE,57,PORTLAND UA,16,U MN-ART,0,NA,NA,NA,NA,NA,NA,NA,NA,NA,NA,45,28,38.29,-122,30,46.73,45.477302777777666,-122.512980555555,NA,NA,NA,NA,00310,SE BARBARA WELCH RD,NA,00824,SE FOSTER RD,NA,1,0,3,NA,NA,1,INTER,0,3,3-LEG,0,0,0,NA,0,NA,NA,06,E,S-1STOP,3,REAR,4,INJ,1,CLR,1,DRY,1,DAY,001,TRF SIGNAL,1,0,NONE,013,FORCED,NA,NA,NA,NA,29,F AVOID,NA,NA,NA,NA,NA,NA,0,0,0,0,0,9,"Over 200,000",1,PORTLAND CITY STREET,NA,NA,NA,1,02C,58_199765,NA,0,10/30/19 17:21:04,3,0,0,0,1,1,0,2,0,0,0,0,0,0,0,0,0,0,0,3,3,2,0,1,0,0,0,0,0,0,1,N
1781268,02075,03/15/18 00:00:00,03,15,2018,5,18,6P,26,Multnomah,245,Portland SE,57,PORTLAND UA,19,U LOCAL,0,NA,NA,NA,NA,NA,NA,NA,NA,NA,NA,45,30,5.19,-122,34,54.89,45.501441666666,-122.58191388888866,NA,NA,NA,NA,02659,SE WOODWARD ST,NA,05079,SE 79TH AVE,NA,1,0,9,NA,25,1,INTER,0,1,CROSS,0,0,0,NA,0,NA,NA,03,B,ANGL-OTH,1,ANGL,4,INJ,2,CLD,1,DRY,1,DAY,004,STOP SIGN,1,3,CITY,057,STOPSIGN,059,HYDRANT,NA,NA,30,SPEED,02,NO-YIELD,03,PAS-STOP,0,0,0,0,0,1,1,9,"Over 200,000",1,PORTLAND CITY STREET,NA,NA,NA,1,02B,58_120839,NA,0,10/30/19 17:21:04,2,0,0,0,1,1,0,6,0,0,0,0,0,0,0,0,0,0,0,7,7,2,0,5,0,0,0,0,0,0,1,N
1781270,02889,04/09/18 00:00:00,04,09,2018,2,14,2P,26,Multnomah,245,Portland SE,57,PORTLAND UA,11,U INTRST,1,064,NA,EAST PORTLAND FREEWAY,1,0,MN,0,R,NA,006400100S00,45,28,24.54,-122,33,55.17,45.473483333332666,-122.565325,NA,NA,NA,NA,00745,EAST PORTLAND FY,NA,09710,NB EX WOODSTOCK C1,NA,1,NA,5,17.4699993,55,3,STRGHT,0,NA,NA,0,0,0,6,NA,2,DIVMD,03,E,S-1STOP,3,REAR,4,INJ,1,CLR,1,DRY,1,DAY,099,UNKNOWN,1,0,NONE,NA,NA,NA,NA,NA,NA,29,F AVOID,NA,NA,NA,NA,NA,NA,0,0,0,0,0,9,"Over 200,000",2,PORTLAND HWY SYSTEM,IS,205,I-205,1,02B,293_5703,NA,0,10/30/19 17:21:04,2,0,0,0,1,1,0,1,0,0,0,0,0,0,0,0,0,0,0,2,2,1,0,1,0,0,0,0,0,0,0,N
1781271,02078,03/15/18 00:00:00,03,15,2018,5,08,8A,26,Multnomah,245,Portland SE,57,PORTLAND UA,14,U PR-ART,1,068,NA,CASCADE HWY NORTH,1,0,MN,0,R,NA,006800100S00,45,29,16.68,-122,34,43.83,45.48796666666633,-122.57884166666666,NA,NA,NA,NA,02214,SE SCHILLER ST,NA,05082,SE 82ND AVE,NA,1,NA,9,5.4000001,35,1,INTER,0,3,3-LEG,0,0,0,NA,0,NA,NA,02,B,ANGL-OTH,6,TURN,4,INJ,1,CLR,1,DRY,4,DAWN,004,STOP SIGN,1,5,NO RPT,082,VEH HID,NA,NA,NA,NA,02,NO-YIELD,03,PAS-STOP,NA,NA,NA,NA,0,0,0,0,0,9,"Over 200,000",2,PORTLAND HWY SYSTEM,OR,213,OR 213,1,02B,293_19754,NA,0,10/30/19 17:21:04,2,0,0,0,1,1,0,1,0,0,0,0,0,0,0,0,0,0,0,2,2,2,0,0,0,0,0,0,0,0,0,N