CRASH_ID,SER_NO,CRASH_DT,CRASH_MO_NO,CRASH_DAY_NO,CRASH_YR_NO,CRASH_WK_DAY_CD,CRASH_HR_NO,CRASH_HR_SHORT_DESC,CNTY_ID,CNTY_NM,CITY_SECT_ID,CITY_SECT_NM,URB_AREA_CD,URB_AREA_SHORT_NM,FC_CD,FC_SHORT_DESC,NHS_FLG,HWY_NO,HWY_SFX_NO,HWY_MED_NM,RDWY_NO,HWY_COMPNT_CD,HWY_COMPNT_SHORT_DESC,MLGE_TYP_CD,MLGE_TYP_SHORT_DESC,RD_CON_NO,LRS_VAL,LAT_DEG_NO,LAT_MINUTE_NO,LAT_SEC_NO,LONGTD_DEG_NO,LONGTD_MINUTE_NO,LONGTD_SEC_NO,LAT_DD,LONGTD_DD,SPECL_JRSDCT_ID,SPECL_JRSDCT_SHORT_DESC,JRSDCT_GRP_CD,JRSDCT_GRP_LONG_DESC,AGY_ST_NO,ST_FULL_NM,RECRE_RD_NM,ISECT_AGY_ST_NO,ISECT_ST_FULL_NM,ISECT_RECRE_RD_NM,ISECT_SEQ_NO,FROM_ISECT_DSTNC_QTY,CMPSS_DIR_CD,MP_NO,POST_SPEED_LMT_VAL,RD_CHAR_CD,RD_CHAR_SHORT_DESC,OFF_RDWY_FLG,ISECT_TYP_CD,ISECT_TYP_SHORT_DESC,ISECT_REL_FLG,RNDABT_FLG,DRVWY_REL_FLG,LN_QTY,TURNG_LEG_QTY,MEDN_TYP_CD,MEDN_TYP_SHORT_DESC,IMPCT_LOC_CD,CRASH_TYP_CD,CRASH_TYP_SHORT_DESC,COLLIS_TYP_CD,COLLIS_TYP_SHORT_DESC,CRASH_SVRTY_CD,CRASH_SVRTY_SHORT_DESC,WTHR_COND_CD,WTHR_COND_SHORT_DESC,RD_SURF_COND_CD,RD_SURF_SHORT_DESC,LGT_COND_CD,LGT_COND_SHORT_DESC,TRAF_CNTL_DEVICE_CD,TRAF_CNTL_DEVICE_SHORT_DESC,TRAF_CNTL_FUNC_FLG,INVSTG_AGY_CD,INVSTG_AGY_SHORT_DESC,CRASH_EVNT_1_CD,CRASH_EVNT_1_SHORT_DESC,CRASH_EVNT_2_CD,CRASH_EVNT_2_SHORT_DESC,CRASH_EVNT_3_CD,CRASH_EVNT_3_SHORT_DESC,CRASH_CAUSE_1_CD,CRASH_CAUSE_1_SHORT_DESC,CRASH_CAUSE_2_CD,CRASH_CAUSE_2_SHORT_DESC,CRASH_CAUSE_3_CD,CRASH_CAUSE_3_SHORT_DESC,SCHL_ZONE_IND,WRK_ZONE_IND,ALCHL_INVLV_FLG,DRUG_INVLV_FLG,MJ_INVLV_FLG,CRASH_SPEED_INVLV_FLG,CRASH_HIT_RUN_FLG,POP_RNG_CD,POP_RNG_MED_DESC,RD_CNTL_CD,RD_CNTL_MED_DESC,RTE_TYP_CD,RTE_ID,RTE_NM,REG_ID,DIST_ID,SEG_MRK_ID,SEG_PT_LRS_MEAS,UNLOCT_FLG,CRASH_LAST_UD_DT,TOT_VHCL_CNT,TOT_FATAL_CNT,TOT_INJ_LVL_A_CNT,TOT_INJ_LVL_B_CNT,TOT_INJ_LVL_C_CNT,TOT_INJ_CNT,TOT_UNINJD_AGE00_04_CNT,TOT_UNINJD_PER_CNT,TOT_PED_CNT,TOT_PED_FATAL_CNT,TOT_PED_INJ_LVL_A_CNT,TOT_PED_INJ_CNT,TOT_PEDCYCL_CNT,TOT_PEDCYCL_FATAL_CNT,TOT_PEDCYCL_INJ_LVL_A_CNT,TOT_PEDCYCL_INJ_CNT,TOT_UNKNWN_CNT,TOT_UNKNWN_FATAL_CNT,TOT_UNKNWN_INJ_CNT,TOT_OCCUP_CNT,TOT_PER_INVLV_CNT,TOT_SFTY_EQUIP_USED_QTY,TOT_SFTY_EQUIP_UNUSED_QTY,TOT_SFTY_EQUIP_USE_UNKNWN_QTY,TOT_PSNGR_VHCL_OCC_UNRESTRND_FATAL_CNT,TOT_MCYCLST_FATAL_CNT,TOT_MCYCLST_INJ_LVL_A_CNT,TOT_MCYCLST_INJ_CNT,TOT_MCYCLST_UNHELMTD_FATAL_CNT,TOT_ALCHL_IMPAIRED_DRVR_INV_FATAL_CNT,TOT_DRVR_AGE_01_20_CNT,LANE_RDWY_DPRT_CRASH_FLG
1782070,03126,04/16/18 00:00:00,04,16,2018,2,08,8A,26,Multnomah,245,Portland SE,57,PORTLAND UA,19,U LOCAL,0,NA,NA,NA,NA,NA,NA,NA,NA,NA,NA,45,30,5.42,-122,36,32.48,45.501505555555,-122.609022222222,NA,NA,NA,NA,02659,SE WOODWARD ST,NA,05052,SE 52ND AVE,NA,1,0,1,NA,NA,1,INTER,0,4,4-LEG,0,0,0,NA,0,NA,NA,06,3,PED,0,PED,4,INJ,2,CLD,2,WET,1,DAY,004,STOP SIGN,1,3,CITY,NA,NA,NA,NA,NA,NA,33,RECKLESS,27,INATTENT,02,NO-YIELD,NA,NA,0,1,0,0,0,9,"Over 200,000",1,PORTLAND CITY STREET,NA,NA,NA,1,02B,58_121011,NA,0,10/30/19 17:21:04,1,0,0,1,0,1,0,1,1,0,0,1,0,0,0,0,0,0,0,1,2,0,0,1,0,0,0,0,0,0,0,N
1782078,02238,03/19/18 00:00:00,03,19,2018,2,16,4P,26,Multnomah,245,Portland SE,57,PORTLAND UA,16,U MN-ART,0,NA,NA,NA,NA,NA,NA,NA,NA,NA,NA,45,29,11.39,-122,35,21.06,45.48649722222133,-122.58918333333334,NA,NA,NA,NA,00824,SE FOSTER RD,NA,05072,SE 72ND AVE,NA,1,0,9,NA,NA,1,INTER,0,6,6-LEG,0,0,0,NA,0,NA,NA,03,H,O-1 L-TURN,6,TURN,4,INJ,1,CLR,1,DRY,1,DAY,001,TRF SIGNAL,1,0,NONE,NA,NA,NA,NA,NA,NA,02,NO-YIELD,04,DIS SIG,NA,NA,NA,NA,0,0,0,0,0,9,"Over 200,000",1,PORTLAND CITY STREET,NA,NA,NA,1,02B,58_125484,NA,0,10/30/19 17:21:04,2,0,0,0,2,2,0,1,0,0,0,0,0,0,0,0,0,0,0,3,3,3,0,0,0,0,0,0,0,0,0,N
1782096,02242,03/19/18 00:00:00,03,19,2018,2,17,5P,26,Multnomah,245,Portland SE,57,PORTLAND UA,17,U MJ-COL,0,NA,NA,NA,NA,NA,NA,NA,NA,NA,NA,45,28,58.14,-122,34,6.97,45.482816666666665,-122.56860277777767,NA,NA,NA,NA,01019,SE HAROLD ST,NA,05092,SE 92ND AVE,NA,1,0,5,NA,NA,1,INTER,0,3,3-LEG,0,0,0,NA,0,NA,NA,06,E,S-1STOP,3,REAR,4,INJ,1,CLR,1,DRY,1,DAY,001,TRF SIGNAL,1,0,NONE,013,FORCED,NA,NA,NA,NA,29,F AVOID,NA,NA,NA,NA,NA,NA,0,0,0,0,0,9,"Over 200,000",1,PORTLAND CITY STREET,NA,NA,NA,1,02B,58_141420,NA,0,10/30/19 17:21:04,3,0,0,0,1,1,0,2,0,0,0,0,0,0,0,0,0,0,0,3,3,2,0,1,0,0,0,0,0,0,0,N
1782117,02252,03/16/18 00:00:00,03,16,2018,6,04,4A,26,Multnomah,245,Portland SE,57,PORTLAND UA,16,U MN-ART,0,NA,NA,NA,NA,NA,NA,NA,NA,NA,NA,45,31,8.96,-122,30,38.55,45.51915555555467,-122.510708333333,NA,NA,NA,NA,02259,SE STARK ST,NA,05148,SE 148TH AVE,NA,1,0,7,NA,NA,1,INTER,0,1,CROSS,0,0,0,NA,0,NA,NA,06,E,S-1STOP,3,REAR,4,INJ,3,RAIN,2,WET,2,DLIT,001,TRF SIGNAL,1,0,NONE,NA,NA,NA,NA,NA,NA,29,F AVOID,NA,NA,NA,NA,NA,NA,0,0,0,0,0,9,"Over 200,000",1,PORTLAND CITY STREET,NA,NA,NA,1,02B,58_182989,NA,0,10/30/19 17:21:04,2,0,0,0,1,1,0,3,0,0,0,0,0,0,0,0,0,0,0,4,4,3,0,1,0,0,0,0,0,0,0,N
1782121,02268,03/19/18 00:00:00,03,19,2018,2,19,7P,26,Multnomah,245,Portland SE,57,PORTLAND UA,14,U PR-ART,1,026,NA,MT. HOOD,1,0,MN,0,R,NA,002600100S00,45,29,50.86,-122,35,53.36,45.49746111111033,-122.59815555555534,NA,NA,NA,NA,01940,SE POWELL BLVD,NA,05063,SE 63RD AVE,NA,1,NA,3,4.0999999,35,3,STRGHT,1,NA,NA,0,0,0,4,NA,0,NONE,01,8,FIX OBJ,9,FIX,4,INJ,1,CLR,1,DRY,5,DUSK,099,UNKNOWN,1,3,CITY,062,TREE,115,DSTRCT GPS,NA,NA,27,INATTENT,NA,NA,NA,NA,0,0,0,0,0,0,0,9,"Over 200,000",2,PORTLAND HWY SYSTEM,US,26,US 26,1,02B,293_18668,NA,0,10/30/19 17:21:04,1,0,0,1,1,2,0,0,0,0,0,0,0,0,0,0,0,0,0,2,2,2,0,0,0,0,0,0,0,0,0,Y
1782140,02279,03/20/18 00:00:00,03,20,2018,3,08,8A,26,Multnomah,245,Portland SE,57,PORTLAND UA,16,U MN-ART,0,NA,NA,NA,NA,NA,NA,NA,NA,NA,NA,45,28,32.99,-122,36,31.43,45.475830555554666,-122.608730555555,NA,NA,NA,NA,00626,SE DUKE ST,NA,05052,SE 52ND AVE,NA,1,0,9,NA,NA,1,INTER,0,1,CROSS,0,0,0,NA,0,NA,NA,04,H,O-1 L-TURN,6,TURN,4,INJ,1,CLR,1,DRY,4,DAWN,001,TRF SIGNAL,1,5,NO RPT,NA,NA,NA,NA,NA,NA,02,NO-YIELD,NA,NA,NA,NA,NA,NA,0,0,0,0,0,9,"Over 200,000",1,PORTLAND CITY STREET,NA,NA,NA,1,02B,58_128101,NA,0,10/30/19 17:21:04,2,0,0,0,3,3,1,0,0,0,0,0,0,0,0,0,0,0,0,3,3,3,0,0,0,0,0,0,0,0,0,N
1782161,02293,03/20/18 00:00:00,03,20,2018,3,16,4P,26,Multnomah,245,Portland SE,57,PORTLAND UA,17,U MJ-COL,0,NA,NA,NA,NA,NA,NA,NA,NA,NA,NA,45,29,24.09,-122,34,6.98,45.490024999999335,-122.56860555555467,NA,NA,NA,NA,01055,SE HOLGATE BLVD,NA,05092,SE 92ND AVE,NA,1,0,7,NA,NA,1,INTER,0,1,CROSS,0,0,0,NA,0,NA,NA,06,C,S-STRGHT,5,SS-O,4,INJ,1,CLR,1,DRY,1,DAY,023,R-GRN-SIG,1,3,CITY,001,FEL/JUMP,NA,NA,NA,NA,01,TOO-FAST,06,IMP-OVER,NA,NA,0,0,0,0,0,1,0,9,"Over 200,000",1,PORTLAND CITY STREET,NA,NA,NA,1,02B,58_184562,NA,0,10/30/19 17:21:04,2,0,1,0,0,1,0,1,0,0,0,0,0,0,0,0,0,0,0,2,2,1,0,1,0,0,1,1,0,0,0,N
1782183,02316,03/21/18 00:00:00,03,21,2018,4,08,8A,26,Multnomah,245,Portland SE,57,PORTLAND UA,14,U PR-ART,1,026,NA,MT. HOOD,1,0,MN,0,R,NA,002600100S00,45,29,50.95,-122,36,32.58,45.497486111110334,-122.60905,NA,NA,NA,NA,01940,SE POWELL BLVD,NA,05052,SE 52ND AVE,NA,1,NA,5,3.56999993,35,1,INTER,0,1,CROSS,0,0,0,NA,0,NA,NA,06,E,S-1STOP,3,REAR,4,INJ,3,RAIN,2,WET,4,DAWN,001,TRF SIGNAL,1,5,NO RPT,NA,NA,NA,NA,NA,NA,29,F AVOID,NA,NA,NA,NA,NA,NA,0,0,0,0,0,9,"Over 200,000",2,PORTLAND HWY SYSTEM,US,26,US 26,1,02B,293_19986,NA,0,10/30/19 17:21:04,2,0,0,0,3,3,0,1,0,0,0,0,0,0,0,0,0,0,0,4,4,3,0,1,0,0,0,0,0,0,0,N
1782192,02317,03/21/18 00:00:00,03,21,2018,4,18,6P,26,Multnomah,245,Portland SE,57,PORTLAND UA,16,U MN-ART,0,NA,NA,NA,NA,NA,NA,NA,NA,NA,NA,45,30,59.4,-122,39,24.09,45.5165,-122.656691666666,NA,NA,NA,NA,00226,SE BELMONT ST,NA,05009,SE 9TH AVE,NA,1,0,3,NA,30,1,INTER,1,1,CROSS,0,0,0,NA,0,NA,NA,05,8,FIX OBJ,9,FIX,4,INJ,2,CLD,1,DRY,1,DAY,015,ONE-WAY,1,3,CITY,058,OTH SIGN,NA,NA,NA,NA,17,ILLNESS,NA,NA,NA,NA,0,0,0,0,0,0,0,9,"Over 200,000",1,PORTLAND CITY STREET,NA,NA,NA,1,02B,58_115939,NA,0,10/30/19 17:21:04,1,0,0,0,1,1,0,0,0,0,0,0,0,0,0,0,0,0,0,1,1,0,0,1,0,0,0,0,0,0,0,N
1782208,03130,04/10/18 00:00:00,04,10,2018,3,16,4P,26,Multnomah,245,Portland SE,57,PORTLAND UA,19,U LOCAL,0,NA,NA,NA,NA,NA,NA,NA,NA,NA,NA,45,28,51.34,-122,35,30.77,45.480927777777666,-122.59188055555533,NA,NA,NA,NA,02107,SE RAMONA ST,NA,05069,SE 69TH AVE,NA,1,0,9,NA,NA,1,INTER,0,1,CROSS,0,0,0,NA,0,NA,NA,02,6,BIKE,6,TURN,4,INJ,1,CLR,1,DRY,1,DAY,004,STOP SIGN,1,3,CITY,110,N-MTR,NA,NA,NA,NA,03,PAS-STOP,28,NM INATT,NA,NA,0,0,0,0,0,0,0,9,"Over 200,000",1,PORTLAND CITY STREET,NA,NA,NA,1,02B,58_126889,NA,0,10/30/19 17:21:04,1,0,0,1,0,1,0,1,0,0,0,0,1,0,0,1,0,0,0,1,2,1,1,0,0,0,0,0,0,0,0,N
1782216,02332,03/21/18 00:00:00,03,21,2018,4,17,5P,26,Multnomah,245,Portland SE,57,PORTLAND UA,17,U MJ-COL,0,NA,NA,NA,NA,NA,NA,NA,NA,NA,NA,45,28,16.31,-122,36,57.55,45.47119722222167,-122.615986111111,NA,NA,NA,NA,01807,SE OGDEN ST,NA,05045,SE 45TH AVE,NA,1,0,1,NA,30,1,INTER,0,1,CROSS,0,0,0,NA,0,NA,NA,05,3,PED,0,PED,4,INJ,3,RAIN,2,WET,1,DAY,099,UNKNOWN,1,3,CITY,NA,NA,NA,NA,NA,NA,02,NO-YIELD,NA,NA,NA,NA,0,0,0,0,0,0,0,9,"Over 200,000",1,PORTLAND CITY STREET,NA,NA,NA,1,02B,58_129296,NA,0,10/30/19 17:21:04,1,0,0,0,1,1,0,1,1,0,0,1,0,0,0,0,0,0,0,1,2,1,0,0,0,0,0,0,0,0,0,N
1782228,02335,03/22/18 00:00:00,03,22,2018,5,08,8A,26,Multnomah,245,Portland SE,57,PORTLAND UA,14,U PR-ART,1,026,NA,MT. HOOD,1,0,MN,0,R,NA,002600100S00,45,29,51.17,-122,37,7.96,45.497547222221336,-122.61887777777767,NA,NA,NA,NA,01940,SE POWELL BLVD,NA,05042,SE 42ND AVE,NA,1,NA,3,3.08999991,35,1,INTER,0,3,3-LEG,0,0,0,NA,0,NA,NA,06,C,S-STRGHT,3,REAR,4,INJ,3,RAIN,2,WET,4,DAWN,001,TRF SIGNAL,1,0,NONE,NA,NA,NA,NA,NA,NA,29,F AVOID,NA,NA,NA,NA,NA,NA,0,0,0,0,0,9,"Over 200,000",2,PORTLAND HWY SYSTEM,US,26,US 26,1,02B,293_20034,NA,0,10/30/19 17:21:04,2,0,0,0,1,1,0,1,0,0,0,0,0,0,0,0,0,0,0,2,2,1,0,1,0,0,0,0,0,0,0,N
1782231,02338,03/22/18 00:00:00,03,22,2018,5,15,3P,26,Multnomah,245,Portland SE,57,PORTLAND UA,17,U MJ-COL,0,081,NA,PACIFIC HIGHWAY EAST,1,6,CN,0,R,1,0081AC100S00,45,30,7.07,-122,39,28.08,45.501963888888,-122.6578,NA,NA,NA,NA,05008,SE 8TH AVE,NA,02659,SE WOODWARD ST,NA,1,NA,5,1.63,NA,2,ALLEY,0,NA,NA,0,0,0,2,NA,0,NONE,04,D,S-1TURN,6,TURN,4,INJ,1,CLR,1,DRY,1,DAY,099,UNKNOWN,1,0,NONE,NA,NA,NA,NA,NA,NA,29,F AVOID,NA,NA,NA,NA,NA,NA,0,0,0,0,0,9,"Over 200,000",2,PORTLAND HWY SYSTEM,OR,99,OR 99E,1,02B,293_10271,NA,0,10/30/19 17:21:04,2,0,0,0,1,1,0,1,0,0,0,0,0,0,0,0,0,0,0,2,2,2,0,0,0,0,0,0,0,0,0,N
1782232,03142,04/17/18 00:00:00,04,17,2018,3,07,7A,26,Multnomah,245,Portland SE,57,PORTLAND UA,16,U MN-ART,0,064,NA,EAST PORTLAND FREEWAY,1,6,CN,0,R,4,0064BN100S00,45,28,43.56,-122,33,53.14,45.478766666666665,-122.564761111111,NA,NA,NA,NA,00824,SE FOSTER RD,NA,05096,SE 96TH AVE,NA,1,NA,9,17.8099995,NA,1,INTER,0,1,CROSS,0,0,0,NA,0,NA,NA,02,F,S-OTHER,3,REAR,4,INJ,3,RAIN,2,WET,1,DAY,001,TRF SIGNAL,1,0,NONE,004,INDRCT PED,NA,NA,NA,NA,27,INATTENT,NA,NA,NA,NA,NA,NA,0,0,0,0,0,9,"Over 200,000",2,PORTLAND HWY SYSTEM,IS,205,I-205,1,02B,293_6092,NA,0,10/30/19 17:21:04,2,0,0,0,1,1,0,1,0,0,0,0,0,0,0,0,0,0,0,2,2,2,0,0,0,0,0,0,0,0,0,N
1782255,02341,03/22/18 00:00:00,03,22,2018,5,14,2P,26,Multnomah,245,Portland SE,57,PORTLAND UA,16,U MN-ART,0,NA,NA,NA,NA,NA,NA,NA,NA,NA,NA,45,29,20.78,-122,35,43.85,45.489105555555334,-122.59551388888833,NA,NA,NA,NA,00824,SE FOSTER RD,NA,05065,SE 65TH AVE,NA,1,100,4,NA,NA,3,STRGHT,0,NA,NA,0,0,0,2,NA,0,NONE,07,C,S-STRGHT,5,SS-O,4,INJ,1,CLR,1,DRY,1,DAY,099,UNKNOWN,1,0,NONE,013,FORCED,NA,NA,NA,NA,13,IMP LN C,NA,NA,NA,NA,NA,NA,0,0,0,0,0,9,"Over 200,000",1,PORTLAND CITY STREET,NA,NA,NA,1,02B,58_124692,NA,0,10/30/19 17:21:04,3,0,0,0,1,1,0,1,0,0,0,0,0,0,0,0,0,0,0,2,2,2,0,0,0,0,0,0,0,0,1,N
1782263,02343,03/22/18 00:00:00,03,22,2018,5,18,6P,26,Multnomah,245,Portland SE,57,PORTLAND UA,14,U PR-ART,1,068,NA,CASCADE HWY NORTH,1,0,MN,0,R,NA,006800100S00,45,31,6.21,-122,34,44.49,45.518391666666666,-122.57902499999966,NA,NA,NA,NA,02612,SE WASHINGTON ST,NA,05082,SE 82ND AVE,NA,1,NA,7,3.29999995,35,1,INTER,0,1,CROSS,0,0,0,NA,0,NA,NA,06,E,S-1STOP,3,REAR,4,INJ,3,RAIN,2,WET,5,DUSK,001,TRF SIGNAL,1,0,NONE,NA,NA,NA,NA,NA,NA,27,INATTENT,29,F AVOID,NA,NA,NA,NA,0,0,0,0,0,9,"Over 200,000",2,PORTLAND HWY SYSTEM,OR,213,OR 213,1,02B,293_19725,NA,0,10/30/19 17:21:04,2,0,0,0,1,1,0,1,0,0,0,0,0,0,0,0,0,0,0,2,2,2,0,0,0,0,0,0,0,0,0,N
1782273,02345,03/22/18 00:00:00,03,22,2018,5,20,8P,26,Multnomah,245,Portland SE,57,PORTLAND UA,14,U PR-ART,1,026,NA,MT. HOOD,1,0,MN,0,R,NA,002600100S00,45,29,47.66,-122,32,52.72,45.49657222222133,-122.54797777777733,NA,NA,NA,NA,01940,SE POWELL BLVD,NA,05112,SE 112TH AVE,NA,1,NA,7,6.71000004,35,1,INTER,0,1,CROSS,0,0,0,NA,0,NA,NA,06,E,S-1STOP,3,REAR,4,INJ,3,RAIN,2,WET,5,DUSK,001,TRF SIGNAL,1,3,CITY,013,FORCED,NA,NA,NA,NA,07,TOO-CLOS,29,F AVOID,NA,NA,0,0,0,0,0,0,1,9,"Over 200,000",2,PORTLAND HWY SYSTEM,US,26,US 26,1,02B,293_13269,NA,0,10/30/19 17:21:04,3,0,0,0,4,4,0,1,0,0,0,0,0,0,0,0,0,0,0,5,5,4,0,1,0,0,0,0,0,0,1,N
1782282,03159,04/17/18 00:00:00,04,17,2018,3,22,10P,26,Multnomah,245,Portland SE,57,PORTLAND UA,17,U MJ-COL,0,NA,NA,NA,NA,NA,NA,NA,NA,NA,NA,45,31,9.52,-122,38,5.37,45.51931111111067,-122.63482499999934,NA,NA,NA,NA,02259,SE STARK ST,NA,05030,SE 30TH AVE,NA,1,0,9,NA,NA,1,INTER,0,1,CROSS,0,0,0,NA,0,NA,NA,02,H,O-1 L-TURN,6,TURN,4,INJ,1,CLR,1,DRY,2,DLIT,004,STOP SIGN,1,5,NO RPT,NA,NA,NA,NA,NA,NA,02,NO-YIELD,NA,NA,NA,NA,NA,NA,0,0,0,0,0,9,"Over 200,000",1,PORTLAND CITY STREET,NA,NA,NA,1,02B,58_115299,NA,0,10/30/19 17:21:04,2,0,0,0,1,1,0,1,0,0,0,0,0,0,0,0,0,0,0,2,2,1,0,1,0,0,0,0,0,0,0,N
1782313,03164,04/17/18 00:00:00,04,17,2018,3,09,9A,26,Multnomah,245,Portland SE,57,PORTLAND UA,16,U MN-ART,0,NA,NA,NA,NA,NA,NA,NA,NA,NA,NA,45,31,8.29,-122,32,52.76,45.51896944444367,-122.54798888888833,NA,NA,NA,NA,02259,SE STARK ST,NA,05112,SE 112TH AVE,NA,1,0,3,NA,NA,1,INTER,0,3,3-LEG,0,0,0,NA,0,NA,NA,06,E,S-1STOP,3,REAR,4,INJ,2,CLD,1,DRY,1,DAY,099,UNKNOWN,1,3,CITY,NA,NA,NA,NA,NA,NA,01,TOO-FAST,NA,NA,NA,NA,0,0,0,0,0,1,0,9,"Over 200,000",1,PORTLAND CITY STREET,NA,NA,NA,1,02B,58_115761,NA,0,10/30/19 17:21:04,2,0,0,0,1,1,1,4,0,0,0,0,0,0,0,0,0,0,0,5,5,5,0,0,0,0,0,0,0,0,1,N
1782332,03174,04/18/18 00:00:00,04,18,2018,4,16,4P,26,Multnomah,245,Portland SE,57,PORTLAND UA,14,U PR-ART,1,NA,NA,NA,NA,NA,NA,NA,NA,NA,NA,45,30,15.16,-122,30,40.69,45.504211111111,-122.511302777777,NA,NA,NA,NA,00614,SE DIVISION ST,NA,05148,SE 148TH AVE,NA,1,134,7,NA,NA,2,ALLEY,0,NA,NA,0,0,0,4,NA,0,NONE,07,B,ANGL-OTH,6,TURN,4,INJ,1,CLR,1,DRY,1,DAY,099,UNKNOWN,1,5,NO RPT,NA,NA,NA,NA,NA,NA,02,NO-YIELD,NA,NA,NA,NA,NA,NA,0,0,0,0,0,9,"Over 200,000",1,PORTLAND CITY STREET,NA,NA,NA,1,02B,58_120362,NA,0,10/30/19 17:21:04,2,0,0,0,1,1,0,1,0,0,0,0,0,0,0,0,0,0,0,2,2,0,0,2,0,0,0,0,0,0,0,N
1782370,03182,04/18/18 00:00:00,04,18,2018,4,08,8A,26,Multnomah,245,Portland SE,57,PORTLAND UA,19,U LOCAL,0,NA,NA,NA,NA,NA,NA,NA,NA,NA,NA,45,30,56.83,-122,31,29.43,45.515786111111,-122.52484166666666,NA,NA,NA,NA,05135,SE 135TH AVE,NA,02702,SE YAMHILL ST,NA,1,165,5,NA,NA,2,ALLEY,0,NA,NA,0,0,0,2,NA,0,NONE,07,B,ANGL-OTH,6,TURN,4,INJ,1,CLR,1,DRY,1,DAY,099,UNKNOWN,1,5,NO RPT,NA,NA,NA,NA,NA,NA,02,NO-YIELD,NA,NA,NA,NA,NA,NA,0,0,0,0,0,9,"Over 200,000",1,PORTLAND CITY STREET,NA,NA,NA,1,02B,58_117240,NA,0,10/30/19 17:21:04,2,0,0,0,1,1,0,2,0,0,0,0,0,0,0,0,0,0,0,3,3,3,0,0,0,0,0,0,0,0,1,N
1782405,02351,03/22/18 00:00:00,03,22,2018,5,09,9A,26,Multnomah,245,Portland SE,57,PORTLAND UA,17,U MJ-COL,0,NA,NA,NA,NA,NA,NA,NA,NA,NA,NA,45,31,9.31,-122,36,7.46,45.519252777777666,-122.602072222222,NA,NA,NA,NA,02259,SE STARK ST,NA,05060,SE 60TH AVE,NA,1,0,9,NA,NA,1,INTER,0,4,4-LEG,0,0,0,NA,0,NA,NA,01,H,O-1 L-TURN,6,TURN,4,INJ,3,RAIN,2,WET,1,DAY,001,TRF SIGNAL,1,5,NO RPT,NA,NA,NA,NA,NA,NA,02,NO-YIELD,NA,NA,NA,NA,NA,NA,0,0,0,0,0,9,"Over 200,000",1,PORTLAND CITY STREET,NA,NA,NA,1,02B,58_115420,NA,0,10/30/19 17:21:04,2,0,0,1,0,1,0,2,0,0,0,0,0,0,0,0,0,0,0,3,3,2,0,1,0,0,0,0,0,0,0,N
1782426,02366,03/23/18 00:00:00,03,23,2018,6,21,9P,26,Multnomah,245,Portland SE,57,PORTLAND UA,16,U MN-ART,0,NA,NA,NA,NA,NA,NA,NA,NA,NA,NA,45,30,43.48,-122,38,25.12,45.512077777777,-122.64031111111034,NA,NA,NA,NA,01028,SE HAWTHORNE BLVD,NA,05025,SE 25TH AVE,NA,1,0,9,NA,NA,1,INTER,0,1,CROSS,0,0,0,NA,0,NA,NA,04,B,ANGL-OTH,6,TURN,4,INJ,3,RAIN,2,WET,2,DLIT,004,STOP SIGN,1,5,NO RPT,082,VEH HID,NA,NA,NA,NA,02,NO-YIELD,03,PAS-STOP,NA,NA,NA,NA,0,0,0,0,0,9,"Over 200,000",1,PORTLAND CITY STREET,NA,NA,NA,1,02B,58_117485,NA,0,10/30/19 17:21:04,2,0,0,0,1,1,0,2,0,0,0,0,0,0,0,0,0,0,0,3,3,2,0,1,0,0,0,0,0,0,0,N
1782433,02367,03/23/18 00:00:00,03,23,2018,6,18,6P,26,Multnomah,245,Portland SE,57,PORTLAND UA,17,U MJ-COL,0,NA,NA,NA,NA,NA,NA,NA,NA,NA,NA,45,30,34.45,-122,34,8.74,45.509569444444,-122.56909444444366,NA,NA,NA,NA,05092,SE 92ND AVE,NA,02261,SE STEPHENS ST,NA,1,60,1,NA,NA,3,STRGHT,0,NA,NA,0,0,0,2,NA,0,NONE,07,F,S-OTHER,7,PARK,4,INJ,1,CLR,1,DRY,1,DAY,099,UNKNOWN,1,0,NONE,NA,NA,NA,NA,NA,NA,02,NO-YIELD,NA,NA,NA,NA,NA,NA,0,0,0,0,0,9,"Over 200,000",1,PORTLAND CITY STREET,NA,NA,NA,1,02B,58_140406,NA,0,10/30/19 17:21:04,2,0,0,0,1,1,0,1,0,0,0,0,0,0,0,0,0,0,0,2,2,0,0,2,0,0,0,0,0,0,1,N
1782436,03197,04/18/18 00:00:00,04,18,2018,4,08,8A,26,Multnomah,245,Portland SE,57,PORTLAND UA,16,U MN-ART,0,NA,NA,NA,NA,NA,NA,NA,NA,NA,NA,45,31,2.01,-122,39,35.03,45.51722499999967,-122.659730555555,NA,NA,NA,NA,01591,SE MORRISON ST,NA,05006,SE 6TH AVE,NA,1,0,9,NA,NA,1,INTER,0,1,CROSS,0,0,0,NA,0,NA,NA,01,B,ANGL-OTH,6,TURN,4,INJ,1,CLR,1,DRY,1,DAY,004,STOP SIGN,1,3,CITY,NA,NA,NA,NA,NA,NA,02,NO-YIELD,NA,NA,NA,NA,0,0,0,0,0,0,1,9,"Over 200,000",1,PORTLAND CITY STREET,NA,NA,NA,1,02B,58_115683,NA,0,10/30/19 17:21:04,2,0,0,0,1,1,0,2,0,0,0,0,0,0,0,0,0,0,0,3,3,2,0,1,0,0,0,0,0,0,0,N