CRASH_ID,SER_NO,CRASH_DT,CRASH_MO_NO,CRASH_DAY_NO,CRASH_YR_NO,CRASH_WK_DAY_CD,CRASH_HR_NO,CRASH_HR_SHORT_DESC,CNTY_ID,CNTY_NM,CITY_SECT_ID,CITY_SECT_NM,URB_AREA_CD,URB_AREA_SHORT_NM,FC_CD,FC_SHORT_DESC,NHS_FLG,HWY_NO,HWY_SFX_NO,HWY_MED_NM,RDWY_NO,HWY_COMPNT_CD,HWY_COMPNT_SHORT_DESC,MLGE_TYP_CD,MLGE_TYP_SHORT_DESC,RD_CON_NO,LRS_VAL,LAT_DEG_NO,LAT_MINUTE_NO,LAT_SEC_NO,LONGTD_DEG_NO,LONGTD_MINUTE_NO,LONGTD_SEC_NO,LAT_DD,LONGTD_DD,SPECL_JRSDCT_ID,SPECL_JRSDCT_SHORT_DESC,JRSDCT_GRP_CD,JRSDCT_GRP_LONG_DESC,AGY_ST_NO,ST_FULL_NM,RECRE_RD_NM,ISECT_AGY_ST_NO,ISECT_ST_FULL_NM,ISECT_RECRE_RD_NM,ISECT_SEQ_NO,FROM_ISECT_DSTNC_QTY,CMPSS_DIR_CD,MP_NO,POST_SPEED_LMT_VAL,RD_CHAR_CD,RD_CHAR_SHORT_DESC,OFF_RDWY_FLG,ISECT_TYP_CD,ISECT_TYP_SHORT_DESC,ISECT_REL_FLG,RNDABT_FLG,DRVWY_REL_FLG,LN_QTY,TURNG_LEG_QTY,MEDN_TYP_CD,MEDN_TYP_SHORT_DESC,IMPCT_LOC_CD,CRASH_TYP_CD,CRASH_TYP_SHORT_DESC,COLLIS_TYP_CD,COLLIS_TYP_SHORT_DESC,CRASH_SVRTY_CD,CRASH_SVRTY_SHORT_DESC,WTHR_COND_CD,WTHR_COND_SHORT_DESC,RD_SURF_COND_CD,RD_SURF_SHORT_DESC,LGT_COND_CD,LGT_COND_SHORT_DESC,TRAF_CNTL_DEVICE_CD,TRAF_CNTL_DEVICE_SHORT_DESC,TRAF_CNTL_FUNC_FLG,INVSTG_AGY_CD,INVSTG_AGY_SHORT_DESC,CRASH_EVNT_1_CD,CRASH_EVNT_1_SHORT_DESC,CRASH_EVNT_2_CD,CRASH_EVNT_2_SHORT_DESC,CRASH_EVNT_3_CD,CRASH_EVNT_3_SHORT_DESC,CRASH_CAUSE_1_CD,CRASH_CAUSE_1_SHORT_DESC,CRASH_CAUSE_2_CD,CRASH_CAUSE_2_SHORT_DESC,CRASH_CAUSE_3_CD,CRASH_CAUSE_3_SHORT_DESC,SCHL_ZONE_IND,WRK_ZONE_IND,ALCHL_INVLV_FLG,DRUG_INVLV_FLG,MJ_INVLV_FLG,CRASH_SPEED_INVLV_FLG,CRASH_HIT_RUN_FLG,POP_RNG_CD,POP_RNG_MED_DESC,RD_CNTL_CD,RD_CNTL_MED_DESC,RTE_TYP_CD,RTE_ID,RTE_NM,REG_ID,DIST_ID,SEG_MRK_ID,SEG_PT_LRS_MEAS,UNLOCT_FLG,CRASH_LAST_UD_DT,TOT_VHCL_CNT,TOT_FATAL_CNT,TOT_INJ_LVL_A_CNT,TOT_INJ_LVL_B_CNT,TOT_INJ_LVL_C_CNT,TOT_INJ_CNT,TOT_UNINJD_AGE00_04_CNT,TOT_UNINJD_PER_CNT,TOT_PED_CNT,TOT_PED_FATAL_CNT,TOT_PED_INJ_LVL_A_CNT,TOT_PED_INJ_CNT,TOT_PEDCYCL_CNT,TOT_PEDCYCL_FATAL_CNT,TOT_PEDCYCL_INJ_LVL_A_CNT,TOT_PEDCYCL_INJ_CNT,TOT_UNKNWN_CNT,TOT_UNKNWN_FATAL_CNT,TOT_UNKNWN_INJ_CNT,TOT_OCCUP_CNT,TOT_PER_INVLV_CNT,TOT_SFTY_EQUIP_USED_QTY,TOT_SFTY_EQUIP_UNUSED_QTY,TOT_SFTY_EQUIP_USE_UNKNWN_QTY,TOT_PSNGR_VHCL_OCC_UNRESTRND_FATAL_CNT,TOT_MCYCLST_FATAL_CNT,TOT_MCYCLST_INJ_LVL_A_CNT,TOT_MCYCLST_INJ_CNT,TOT_MCYCLST_UNHELMTD_FATAL_CNT,TOT_ALCHL_IMPAIRED_DRVR_INV_FATAL_CNT,TOT_DRVR_AGE_01_20_CNT,LANE_RDWY_DPRT_CRASH_FLG
1782441,02369,03/23/18 00:00:00,03,23,2018,6,17,5P,26,Multnomah,245,Portland SE,57,PORTLAND UA,14,U PR-ART,1,068,NA,CASCADE HWY NORTH,1,0,MN,0,R,NA,006800100S00,45,30,5.12,-122,34,43.25,45.501422222222,-122.57868055555467,NA,NA,NA,NA,02659,SE WOODWARD ST,NA,05082,SE 82ND AVE,NA,1,NA,9,4.46999979,35,1,INTER,0,1,CROSS,0,0,0,NA,0,NA,NA,02,B,ANGL-OTH,6,TURN,4,INJ,3,RAIN,2,WET,1,DAY,001,TRF SIGNAL,1,0,NONE,NA,NA,NA,NA,NA,NA,02,NO-YIELD,04,DIS SIG,NA,NA,NA,NA,0,0,0,0,0,9,"Over 200,000",2,PORTLAND HWY SYSTEM,OR,213,OR 213,1,02B,293_21277,NA,0,10/30/19 17:21:04,2,0,0,0,1,1,0,1,0,0,0,0,0,0,0,0,0,0,0,2,2,1,0,1,0,0,0,0,0,0,0,N
1782457,02371,03/23/18 00:00:00,03,23,2018,6,09,9A,26,Multnomah,245,Portland SE,57,PORTLAND UA,16,U MN-ART,0,NA,NA,NA,NA,NA,NA,NA,NA,NA,NA,45,30,59.37,-122,39,13.15,45.516491666666,-122.653652777777,NA,NA,NA,NA,00226,SE BELMONT ST,NA,05012,SE 12TH AVE,NA,1,0,9,NA,NA,1,INTER,0,1,CROSS,0,0,0,NA,0,NA,NA,04,B,ANGL-OTH,1,ANGL,4,INJ,1,CLR,1,DRY,1,DAY,001,TRF SIGNAL,1,5,NO RPT,NA,NA,NA,NA,NA,NA,02,NO-YIELD,04,DIS SIG,NA,NA,NA,NA,0,0,0,0,0,9,"Over 200,000",1,PORTLAND CITY STREET,NA,NA,NA,1,02B,58_116178,NA,0,10/30/19 17:21:04,2,0,0,0,1,1,0,1,0,0,0,0,0,0,0,0,0,0,0,2,2,2,0,0,0,0,0,0,0,0,0,N
1782460,02372,03/23/18 00:00:00,03,23,2018,6,18,6P,26,Multnomah,245,Portland SE,57,PORTLAND UA,16,U MN-ART,0,NA,NA,NA,NA,NA,NA,NA,NA,NA,NA,45,30,41.56,-122,32,15.62,45.511544444444,-122.53767222222133,NA,NA,NA,NA,01528,SE MARKET ST,NA,05122,SE 122ND AVE,NA,1,0,1,NA,NA,1,INTER,0,1,CROSS,0,0,0,NA,0,NA,NA,06,E,S-1STOP,3,REAR,4,INJ,3,RAIN,2,WET,5,DUSK,001,TRF SIGNAL,1,5,NO RPT,NA,NA,NA,NA,NA,NA,29,F AVOID,NA,NA,NA,NA,NA,NA,0,0,0,0,0,9,"Over 200,000",1,PORTLAND CITY STREET,NA,NA,NA,1,02B,58_118123,NA,0,10/30/19 17:21:04,2,0,0,0,1,1,0,1,0,0,0,0,0,0,0,0,0,0,0,2,2,1,0,1,0,0,0,0,0,0,0,N
1782499,02377,03/23/18 00:00:00,03,23,2018,6,16,4P,26,Multnomah,245,Portland SE,57,PORTLAND UA,17,U MJ-COL,0,NA,NA,NA,NA,NA,NA,NA,NA,NA,NA,45,30,59.61,-122,36,45.24,45.516558333333,-122.612566666666,NA,NA,NA,NA,00226,SE BELMONT ST,NA,05049,SE 49TH AVE,NA,1,0,9,NA,20,1,INTER,0,1,CROSS,0,0,0,NA,0,NA,NA,02,B,ANGL-OTH,6,TURN,4,INJ,3,RAIN,2,WET,1,DAY,004,STOP SIGN,1,3,CITY,053,POLE UTL,NA,NA,NA,NA,02,NO-YIELD,03,PAS-STOP,NA,NA,0,0,0,0,0,0,0,9,"Over 200,000",1,PORTLAND CITY STREET,NA,NA,NA,1,02B,58_116358,NA,0,10/30/19 17:21:04,2,0,0,2,0,2,0,0,0,0,0,0,0,0,0,0,0,0,0,2,2,2,0,0,0,0,0,0,0,0,0,N
1782602,03239,04/11/18 00:00:00,04,11,2018,4,17,5P,26,Multnomah,245,Portland SE,57,PORTLAND UA,17,U MJ-COL,0,NA,NA,NA,NA,NA,NA,NA,NA,NA,NA,45,30,17.27,-122,37,57.38,45.504797222222,-122.63260555555466,NA,NA,NA,NA,00614,SE DIVISION ST,NA,05032,SE 32ND AVE,NA,1,0,9,NA,NA,1,INTER,0,1,CROSS,0,0,0,NA,0,NA,NA,03,6,BIKE,1,ANGL,4,INJ,3,RAIN,2,WET,1,DAY,004,STOP SIGN,1,3,CITY,110,N-MTR,NA,NA,NA,NA,02,NO-YIELD,NA,NA,NA,NA,0,0,0,0,0,0,0,9,"Over 200,000",1,PORTLAND CITY STREET,NA,NA,NA,1,02B,58_119538,NA,0,10/30/19 17:21:04,1,0,0,0,1,1,0,1,0,0,0,0,1,0,0,1,0,0,0,1,2,1,0,1,0,0,0,0,0,0,0,N
1782604,02405,03/25/18 00:00:00,03,25,2018,1,16,4P,26,Multnomah,245,Portland SE,57,PORTLAND UA,17,U MJ-COL,0,NA,NA,NA,NA,NA,NA,NA,NA,NA,NA,45,28,32.97,-122,35,58.77,45.475824999999666,-122.59965833333334,NA,NA,NA,NA,00626,SE DUKE ST,NA,05062,SE 62ND AVE,NA,1,0,9,NA,NA,1,INTER,0,1,CROSS,0,0,0,NA,0,NA,NA,02,B,ANGL-OTH,1,ANGL,4,INJ,1,CLR,1,DRY,1,DAY,004,STOP SIGN,1,5,NO RPT,NA,NA,NA,NA,NA,NA,02,NO-YIELD,03,PAS-STOP,NA,NA,NA,NA,0,0,0,0,0,9,"Over 200,000",1,PORTLAND CITY STREET,NA,NA,NA,1,02B,58_128139,NA,0,10/30/19 17:21:04,2,0,0,0,1,1,0,5,0,0,0,0,0,0,0,0,0,0,0,6,6,0,0,6,0,0,0,0,0,0,1,N
1782610,02411,03/24/18 00:00:00,03,24,2018,7,11,11A,26,Multnomah,245,Portland SE,57,PORTLAND UA,11,U INTRST,1,064,NA,EAST PORTLAND FREEWAY,1,6,CN,0,R,1,0064CD100S00,45,31,8.56,-122,33,52.57,45.519044444443665,-122.564602777777,NA,NA,NA,NA,02259,SE STARK ST,NA,09723,NB EX WASH-STARK C1,NA,1,NA,3,20.6200008,NA,1,INTER,0,1,CROSS,0,0,0,NA,0,NA,NA,06,E,S-1STOP,3,REAR,4,INJ,1,CLR,1,DRY,1,DAY,001,TRF SIGNAL,1,0,NONE,NA,NA,NA,NA,NA,NA,29,F AVOID,NA,NA,NA,NA,NA,NA,0,0,0,0,0,9,"Over 200,000",2,PORTLAND HWY SYSTEM,IS,205,I-205,1,02B,293_6166,NA,0,10/30/19 17:21:04,2,0,0,0,1,1,0,2,0,0,0,0,0,0,0,0,0,0,0,3,3,2,0,1,0,0,0,0,0,0,0,N
1782619,03245,04/13/18 00:00:00,04,13,2018,6,23,11P,26,Multnomah,245,Portland SE,57,PORTLAND UA,17,U MJ-COL,0,NA,NA,NA,NA,NA,NA,NA,NA,NA,NA,45,28,28.35,-122,38,52.13,45.47454166666667,-122.64781388888834,NA,NA,NA,NA,05017,SE 17TH AVE,NA,00290,SE BYBEE BLVD,NA,1,255,1,NA,NA,3,STRGHT,1,NA,NA,0,0,0,2,NA,0,NONE,07,2,PRKD MV,5,SS-O,4,INJ,2,CLD,1,DRY,3,DARK,001,TRF SIGNAL,1,3,CITY,010,SUB OTRN,NA,NA,NA,NA,33,RECKLESS,01,TOO-FAST,NA,NA,0,0,1,0,0,1,0,9,"Over 200,000",1,PORTLAND CITY STREET,NA,NA,NA,1,02B,58_128460,NA,0,10/30/19 17:21:04,2,0,0,0,1,1,0,0,0,0,0,0,0,0,0,0,0,0,0,1,1,1,0,0,0,0,0,0,0,0,0,Y
1782646,03246,04/13/18 00:00:00,04,13,2018,6,17,5P,26,Multnomah,245,Portland SE,57,PORTLAND UA,16,U MN-ART,0,NA,NA,NA,NA,NA,NA,NA,NA,NA,NA,45,30,36.09,-122,32,15.64,45.510025,-122.53767777777733,NA,NA,NA,NA,01562,SE MILL ST,NA,05122,SE 122ND AVE,NA,1,0,1,NA,NA,1,INTER,0,3,3-LEG,0,0,1,NA,0,NA,NA,06,B,ANGL-OTH,6,TURN,4,INJ,1,CLR,1,DRY,1,DAY,004,STOP SIGN,1,5,NO RPT,NA,NA,NA,NA,NA,NA,02,NO-YIELD,NA,NA,NA,NA,NA,NA,0,0,0,0,0,9,"Over 200,000",1,PORTLAND CITY STREET,NA,NA,NA,1,02B,58_501552,NA,0,10/30/19 17:21:04,2,0,0,0,1,1,0,1,0,0,0,0,0,0,0,0,0,0,0,2,2,1,0,1,0,0,0,0,0,0,0,N
1782648,03247,04/14/18 00:00:00,04,14,2018,7,23,11P,26,Multnomah,245,Portland SE,57,PORTLAND UA,16,U MN-ART,0,NA,NA,NA,NA,NA,NA,NA,NA,NA,NA,45,31,8.59,-122,33,30.31,45.51905277777767,-122.558419444444,NA,NA,NA,NA,02259,SE STARK ST,NA,05102,SE 102ND AVE,NA,1,0,9,NA,NA,1,INTER,0,1,CROSS,0,0,0,NA,0,NA,NA,03,B,ANGL-OTH,1,ANGL,4,INJ,3,RAIN,2,WET,2,DLIT,001,TRF SIGNAL,1,0,NONE,NA,NA,NA,NA,NA,NA,15,WRNG WAY,NA,NA,NA,NA,NA,NA,0,0,0,0,0,9,"Over 200,000",1,PORTLAND CITY STREET,NA,NA,NA,1,02B,58_115685,NA,0,10/30/19 17:21:04,2,0,0,0,3,3,0,0,0,0,0,0,0,0,0,0,0,0,0,3,3,2,0,1,0,0,0,0,0,0,0,N
1782653,03248,04/13/18 00:00:00,04,13,2018,6,18,6P,26,Multnomah,245,Portland SE,57,PORTLAND UA,19,U LOCAL,0,NA,NA,NA,NA,NA,NA,NA,NA,NA,NA,45,29,32.67,-122,35,28.3,45.49240833333333,-122.59119444444433,NA,NA,NA,NA,00248,SE BOISE ST,NA,05070,SE 70TH AVE,NA,1,0,3,NA,NA,1,INTER,0,1,CROSS,0,0,0,NA,0,NA,NA,06,A,ANGL-STP,6,TURN,4,INJ,2,CLD,1,DRY,5,DUSK,004,STOP SIGN,1,3,CITY,NA,NA,NA,NA,NA,NA,08,IMP-TURN,NA,NA,NA,NA,NA,NA,0,0,0,0,1,9,"Over 200,000",1,PORTLAND CITY STREET,NA,NA,NA,1,02B,58_123757,NA,0,10/30/19 17:21:04,2,0,0,0,1,1,0,1,0,0,0,0,0,0,0,0,0,0,0,2,2,0,0,2,0,0,0,0,0,0,0,N
1782658,03264,04/20/18 00:00:00,04,20,2018,6,15,3P,26,Multnomah,245,Portland SE,57,PORTLAND UA,16,U MN-ART,0,NA,NA,NA,NA,NA,NA,NA,NA,NA,NA,45,31,8.34,-122,32,57.62,45.51898333333267,-122.54933888888833,NA,NA,NA,NA,02259,SE STARK ST,NA,05111,SE 111TH AVE,NA,1,0,3,NA,NA,1,INTER,0,1,CROSS,0,0,0,NA,0,NA,NA,06,E,S-1STOP,3,REAR,4,INJ,1,CLR,1,DRY,1,DAY,001,TRF SIGNAL,1,0,NONE,013,FORCED,NA,NA,NA,NA,07,TOO-CLOS,NA,NA,NA,NA,NA,NA,0,0,0,0,0,9,"Over 200,000",1,PORTLAND CITY STREET,NA,NA,NA,1,02B,58_115761,NA,0,10/30/19 17:21:04,3,0,0,0,1,1,0,4,0,0,0,0,0,0,0,0,0,0,0,5,5,2,0,3,0,0,0,0,0,0,2,N
1782694,03266,04/20/18 00:00:00,04,20,2018,6,17,5P,26,Multnomah,245,Portland SE,57,PORTLAND UA,14,U PR-ART,1,NA,NA,NA,NA,NA,NA,NA,NA,NA,NA,45,30,15.74,-122,30,12.51,45.504372222222,-122.503475,NA,NA,NA,NA,00614,SE DIVISION ST,NA,05156,SE 156TH AVE,NA,1,101,7,NA,NA,3,STRGHT,1,NA,NA,0,0,0,4,NA,0,NONE,08,2,PRKD MV,3,REAR,4,INJ,1,CLR,1,DRY,1,DAY,099,UNKNOWN,1,3,CITY,013,FORCED,005,SUB-PED,106,MAN WHLCHR,16,FATIGUE,NA,NA,NA,NA,NA,NA,0,0,0,0,0,9,"Over 200,000",1,PORTLAND CITY STREET,NA,NA,NA,1,02B,58_183404,NA,0,10/30/19 17:21:04,2,0,0,4,1,5,1,1,1,0,0,1,0,0,0,0,0,0,0,5,6,1,1,3,0,0,0,0,0,0,0,Y
1782702,03269,04/20/18 00:00:00,04,20,2018,6,07,7A,26,Multnomah,245,Portland SE,57,PORTLAND UA,14,U PR-ART,1,NA,NA,NA,NA,NA,NA,NA,NA,NA,NA,45,31,19.26,-122,37,22.91,45.522016666666666,-122.62303055555466,NA,NA,NA,NA,05039,SE 39TH AV/CESAR CHAVEZ,NA,00134,SE ASH ST,NA,1,93,1,NA,NA,3,STRGHT,0,NA,NA,0,0,0,4,NA,0,NONE,07,E,S-1STOP,3,REAR,4,INJ,1,CLR,1,DRY,1,DAY,099,UNKNOWN,1,0,NONE,NA,NA,NA,NA,NA,NA,29,F AVOID,NA,NA,NA,NA,NA,NA,0,0,0,0,0,9,"Over 200,000",1,PORTLAND CITY STREET,NA,NA,NA,1,02B,58_114823,NA,0,10/30/19 17:21:04,2,0,0,0,2,2,0,1,0,0,0,0,0,0,0,0,0,0,0,3,3,3,0,0,0,0,0,0,0,0,1,N
1782705,02441,03/26/18 00:00:00,03,26,2018,2,13,1P,26,Multnomah,245,Portland SE,57,PORTLAND UA,16,U MN-ART,0,NA,NA,NA,NA,NA,NA,NA,NA,NA,NA,45,31,5.96,-122,33,44.31,45.51832222222167,-122.562308333333,NA,NA,NA,NA,02612,SE WASHINGTON ST,NA,05099,SE 99TH AVE,NA,1,0,9,NA,30,1,INTER,0,1,CROSS,0,0,0,NA,0,NA,NA,01,D,S-1TURN,6,TURN,4,INJ,1,CLR,1,DRY,1,DAY,015,ONE-WAY,1,3,CITY,NA,NA,NA,NA,NA,NA,08,IMP-TURN,NA,NA,NA,NA,NA,NA,0,0,0,0,0,9,"Over 200,000",1,PORTLAND CITY STREET,NA,NA,NA,1,02B,58_184678,NA,0,10/30/19 17:21:04,2,0,0,0,1,1,3,4,0,0,0,0,0,0,0,0,0,0,0,5,5,1,0,4,0,0,0,0,0,0,0,N
1782722,03274,04/20/18 00:00:00,04,20,2018,6,16,4P,26,Multnomah,245,Portland SE,57,PORTLAND UA,17,U MJ-COL,0,NA,NA,NA,NA,NA,NA,NA,NA,NA,NA,45,31,9.5,-122,37,51.35,45.519305555554666,-122.63093055555467,NA,NA,NA,NA,02259,SE STARK ST,NA,05033,SE 33RD AVE,NA,1,0,9,NA,NA,1,INTER,0,1,CROSS,0,0,0,NA,0,NA,NA,03,B,ANGL-OTH,6,TURN,4,INJ,1,CLR,1,DRY,1,DAY,001,TRF SIGNAL,1,5,NO RPT,NA,NA,NA,NA,NA,NA,08,IMP-TURN,NA,NA,NA,NA,NA,NA,0,0,0,0,0,9,"Over 200,000",1,PORTLAND CITY STREET,NA,NA,NA,1,02B,58_115320,NA,0,10/30/19 17:21:04,2,0,0,1,1,2,0,2,0,0,0,0,0,0,0,0,0,0,0,4,4,4,0,0,0,0,0,0,0,0,0,N
1782728,03278,04/20/18 00:00:00,04,20,2018,6,21,9P,26,Multnomah,245,Portland SE,57,PORTLAND UA,14,U PR-ART,1,NA,NA,NA,NA,NA,NA,NA,NA,NA,NA,45,30,14.94,-122,32,34.16,45.50415,-122.54282222222133,NA,NA,NA,NA,00614,SE DIVISION ST,NA,05117,SE 117TH AVE,NA,1,0,3,NA,NA,1,INTER,0,3,3-LEG,0,0,0,NA,0,NA,NA,06,3,PED,0,PED,4,INJ,2,CLD,1,DRY,2,DLIT,004,STOP SIGN,1,3,CITY,NA,NA,NA,NA,NA,NA,18,IN RDWY,19,NT VISBL,NA,NA,0,0,1,0,0,0,0,9,"Over 200,000",1,PORTLAND CITY STREET,NA,NA,NA,1,02B,58_120199,NA,0,10/30/19 17:21:04,1,0,1,0,0,1,0,1,1,0,1,1,0,0,0,0,0,0,0,1,2,1,0,0,0,0,0,0,0,0,0,N
1782743,02445,03/27/18 00:00:00,03,27,2018,3,15,3P,26,Multnomah,245,Portland SE,57,PORTLAND UA,11,U INTRST,1,064,NA,EAST PORTLAND FREEWAY,1,6,CN,0,R,8,0064BZ100S00,45,29,50.61,-122,33,59.51,45.49739166666633,-122.566530555555,NA,NA,NA,NA,01940,SE POWELL BLVD,NA,09719,SB EF DIV-POWELL C8,NA,1,NA,9,20.2299995,NA,1,INTER,0,3,3-LEG,0,0,0,NA,0,NA,NA,01,F,S-OTHER,6,TURN,4,INJ,1,CLR,2,WET,1,DAY,023,R-GRN-SIG,1,0,NONE,NA,NA,NA,NA,NA,NA,01,TOO-FAST,29,F AVOID,NA,NA,NA,NA,0,0,0,1,0,9,"Over 200,000",2,PORTLAND HWY SYSTEM,IS,205,I-205,1,02B,293_6162,NA,0,10/30/19 17:21:04,2,0,0,0,1,1,0,1,0,0,0,0,0,0,0,0,0,0,0,2,2,1,0,1,0,0,0,0,0,0,0,N
1782748,11750,12/18/18 00:00:00,12,18,2018,3,21,9P,26,Multnomah,245,Portland SE,57,PORTLAND UA,11,U INTRST,1,064,NA,EAST PORTLAND FREEWAY,2,0,MN,0,R,NA,006400200S00,45,31,6.7,-122,33,56.06,45.51852777777767,-122.565572222222,NA,NA,NA,NA,00745,EAST PORTLAND FY,NA,09727,SB EF GLSN-STARK C8,NA,1,NA,5,20.6200008,55,3,STRGHT,1,NA,NA,0,0,0,6,NA,2,DIVMD,05,2,PRKD MV,3,REAR,2,FAT,2,CLD,2,WET,2,DLIT,099,UNKNOWN,1,3,CITY,087,FIRE/EXP,NA,NA,NA,NA,33,RECKLESS,29,F AVOID,NA,NA,NA,1,0,1,1,0,0,9,"Over 200,000",2,PORTLAND HWY SYSTEM,IS,205,I-205,1,02B,293_5895,NA,0,10/30/19 17:21:05,2,1,0,1,0,1,0,0,0,0,0,0,0,0,0,0,0,0,0,2,2,2,0,0,0,0,0,0,0,0,0,Y
1782761,03284,04/20/18 00:00:00,04,20,2018,6,20,8P,26,Multnomah,245,Portland SE,57,PORTLAND UA,16,U MN-ART,0,NA,NA,NA,NA,NA,NA,NA,NA,NA,NA,45,30,41.56,-122,32,15.62,45.511544444444,-122.53767222222133,NA,NA,NA,NA,01528,SE MARKET ST,NA,05122,SE 122ND AVE,NA,1,0,9,NA,NA,1,INTER,0,1,CROSS,0,0,0,NA,0,NA,NA,04,H,O-1 L-TURN,6,TURN,4,INJ,1,CLR,1,DRY,5,DUSK,001,TRF SIGNAL,1,3,CITY,NA,NA,NA,NA,NA,NA,02,NO-YIELD,NA,NA,NA,NA,0,0,0,0,0,0,1,9,"Over 200,000",1,PORTLAND CITY STREET,NA,NA,NA,1,02B,58_118123,NA,0,10/30/19 17:21:04,2,0,0,0,2,2,0,1,0,0,0,0,0,0,0,0,0,0,0,3,3,2,0,1,0,0,0,0,0,0,0,N
1782763,02451,03/27/18 00:00:00,03,27,2018,3,17,5P,26,Multnomah,245,Portland SE,57,PORTLAND UA,14,U PR-ART,1,068,NA,CASCADE HWY NORTH,1,0,MN,0,R,NA,006800100S00,45,29,50.68,-122,34,43.35,45.49741111111033,-122.57870833333267,NA,NA,NA,NA,01940,SE POWELL BLVD,NA,05082,SE 82ND AVE,NA,1,NA,5,4.75,35,1,INTER,0,1,CROSS,0,0,0,NA,0,NA,NA,05,C,S-STRGHT,5,SS-O,4,INJ,1,CLR,1,DRY,1,DAY,099,UNKNOWN,1,0,NONE,NA,NA,NA,NA,NA,NA,13,IMP LN C,NA,NA,NA,NA,NA,NA,0,0,0,0,0,9,"Over 200,000",2,PORTLAND HWY SYSTEM,OR,213,OR 213,1,02B,293_18733,NA,0,10/30/19 17:21:04,2,0,0,0,1,1,0,1,0,0,0,0,0,0,0,0,0,0,0,2,2,0,0,2,0,0,0,0,0,0,0,N
1782767,02453,03/27/18 00:00:00,03,27,2018,3,10,10A,26,Multnomah,245,Portland SE,57,PORTLAND UA,16,U MN-ART,0,NA,NA,NA,NA,NA,NA,NA,NA,NA,NA,45,31,8.58,-122,32,4.12,45.519049999999666,-122.53447777777733,NA,NA,NA,NA,02259,SE STARK ST,NA,05126,SE 126TH AVE,NA,1,130,7,NA,NA,3,STRGHT,0,NA,NA,0,0,0,4,NA,0,NONE,07,E,S-1STOP,3,REAR,4,INJ,1,CLR,1,DRY,1,DAY,099,UNKNOWN,1,0,NONE,NA,NA,NA,NA,NA,NA,29,F AVOID,NA,NA,NA,NA,NA,1,0,0,0,0,0,9,"Over 200,000",1,PORTLAND CITY STREET,NA,NA,NA,1,02B,58_115810,NA,0,10/30/19 17:21:04,2,0,0,0,1,1,0,1,0,0,0,0,0,0,0,0,0,0,0,2,2,0,0,2,0,0,0,0,0,0,1,N
1782781,02456,03/27/18 00:00:00,03,27,2018,3,15,3P,26,Multnomah,245,Portland SE,57,PORTLAND UA,17,U MJ-COL,0,NA,NA,NA,NA,NA,NA,NA,NA,NA,NA,45,28,33.19,-122,35,21.65,45.47588611111067,-122.58934722222133,NA,NA,NA,NA,00626,SE DUKE ST,NA,05072,SE 72ND AVE,NA,1,0,9,NA,NA,1,INTER,0,1,CROSS,0,0,0,NA,0,NA,NA,03,B,ANGL-OTH,1,ANGL,4,INJ,2,CLD,1,DRY,1,DAY,001,TRF SIGNAL,1,3,CITY,053,POLE UTL,NA,NA,NA,NA,04,DIS SIG,NA,NA,NA,NA,0,0,0,0,0,0,0,9,"Over 200,000",1,PORTLAND CITY STREET,NA,NA,NA,1,02B,58_128410,NA,0,10/30/19 17:21:04,2,0,0,4,0,4,0,3,0,0,0,0,0,0,0,0,0,0,0,7,7,7,0,0,0,0,0,0,0,0,0,N
1782782,03291,04/21/18 00:00:00,04,21,2018,7,15,3P,26,Multnomah,245,Portland SE,57,PORTLAND UA,14,U PR-ART,1,026,NA,MT. HOOD,1,0,MN,0,R,NA,002600100S00,45,29,45.35,-122,30,8.39,45.49593055555533,-122.502330555555,NA,NA,NA,NA,01940,SE POWELL BLVD,NA,05157,SE 157TH AVE,NA,1,NA,7,8.97999954,35,1,INTER,0,3,3-LEG,0,0,0,NA,0,NA,NA,05,E,S-1STOP,3,REAR,4,INJ,1,CLR,1,DRY,1,DAY,099,UNKNOWN,1,0,NONE,013,FORCED,NA,NA,NA,NA,29,F AVOID,NA,NA,NA,NA,NA,NA,0,0,0,0,0,9,"Over 200,000",2,PORTLAND HWY SYSTEM,US,26,US 26,1,02B,293_18832,NA,0,10/30/19 17:21:04,3,0,0,0,4,4,0,2,0,0,0,0,0,0,0,0,0,0,0,6,6,2,0,4,0,0,0,0,0,0,0,N
1782812,02462,03/27/18 00:00:00,03,27,2018,3,04,4A,26,Multnomah,245,Portland SE,57,PORTLAND UA,16,U MN-ART,0,NA,NA,NA,NA,NA,NA,NA,NA,NA,NA,45,28,38.14,-122,33,35.42,45.477261111110664,-122.559838888888,NA,NA,NA,NA,00824,SE FOSTER RD,NA,05101,SE 101ST AVE,NA,1,0,8,NA,NA,1,INTER,1,1,CROSS,0,0,0,NA,0,NA,NA,05,8,FIX OBJ,9,FIX,4,INJ,3,RAIN,2,WET,2,DLIT,001,TRF SIGNAL,1,5,NO RPT,010,SUB OTRN,040,CURB,121,FENCE,26,PHANTOM,NA,NA,NA,NA,NA,NA,0,0,0,0,0,9,"Over 200,000",1,PORTLAND CITY STREET,NA,NA,NA,1,02B,58_128012,NA,0,10/30/19 17:21:04,1,0,0,0,1,1,0,0,0,0,0,0,0,0,0,0,0,0,0,1,1,1,0,0,0,0,0,0,0,0,0,N