CRASH_ID,SER_NO,CRASH_DT,CRASH_MO_NO,CRASH_DAY_NO,CRASH_YR_NO,CRASH_WK_DAY_CD,CRASH_HR_NO,CRASH_HR_SHORT_DESC,CNTY_ID,CNTY_NM,CITY_SECT_ID,CITY_SECT_NM,URB_AREA_CD,URB_AREA_SHORT_NM,FC_CD,FC_SHORT_DESC,NHS_FLG,HWY_NO,HWY_SFX_NO,HWY_MED_NM,RDWY_NO,HWY_COMPNT_CD,HWY_COMPNT_SHORT_DESC,MLGE_TYP_CD,MLGE_TYP_SHORT_DESC,RD_CON_NO,LRS_VAL,LAT_DEG_NO,LAT_MINUTE_NO,LAT_SEC_NO,LONGTD_DEG_NO,LONGTD_MINUTE_NO,LONGTD_SEC_NO,LAT_DD,LONGTD_DD,SPECL_JRSDCT_ID,SPECL_JRSDCT_SHORT_DESC,JRSDCT_GRP_CD,JRSDCT_GRP_LONG_DESC,AGY_ST_NO,ST_FULL_NM,RECRE_RD_NM,ISECT_AGY_ST_NO,ISECT_ST_FULL_NM,ISECT_RECRE_RD_NM,ISECT_SEQ_NO,FROM_ISECT_DSTNC_QTY,CMPSS_DIR_CD,MP_NO,POST_SPEED_LMT_VAL,RD_CHAR_CD,RD_CHAR_SHORT_DESC,OFF_RDWY_FLG,ISECT_TYP_CD,ISECT_TYP_SHORT_DESC,ISECT_REL_FLG,RNDABT_FLG,DRVWY_REL_FLG,LN_QTY,TURNG_LEG_QTY,MEDN_TYP_CD,MEDN_TYP_SHORT_DESC,IMPCT_LOC_CD,CRASH_TYP_CD,CRASH_TYP_SHORT_DESC,COLLIS_TYP_CD,COLLIS_TYP_SHORT_DESC,CRASH_SVRTY_CD,CRASH_SVRTY_SHORT_DESC,WTHR_COND_CD,WTHR_COND_SHORT_DESC,RD_SURF_COND_CD,RD_SURF_SHORT_DESC,LGT_COND_CD,LGT_COND_SHORT_DESC,TRAF_CNTL_DEVICE_CD,TRAF_CNTL_DEVICE_SHORT_DESC,TRAF_CNTL_FUNC_FLG,INVSTG_AGY_CD,INVSTG_AGY_SHORT_DESC,CRASH_EVNT_1_CD,CRASH_EVNT_1_SHORT_DESC,CRASH_EVNT_2_CD,CRASH_EVNT_2_SHORT_DESC,CRASH_EVNT_3_CD,CRASH_EVNT_3_SHORT_DESC,CRASH_CAUSE_1_CD,CRASH_CAUSE_1_SHORT_DESC,CRASH_CAUSE_2_CD,CRASH_CAUSE_2_SHORT_DESC,CRASH_CAUSE_3_CD,CRASH_CAUSE_3_SHORT_DESC,SCHL_ZONE_IND,WRK_ZONE_IND,ALCHL_INVLV_FLG,DRUG_INVLV_FLG,MJ_INVLV_FLG,CRASH_SPEED_INVLV_FLG,CRASH_HIT_RUN_FLG,POP_RNG_CD,POP_RNG_MED_DESC,RD_CNTL_CD,RD_CNTL_MED_DESC,RTE_TYP_CD,RTE_ID,RTE_NM,REG_ID,DIST_ID,SEG_MRK_ID,SEG_PT_LRS_MEAS,UNLOCT_FLG,CRASH_LAST_UD_DT,TOT_VHCL_CNT,TOT_FATAL_CNT,TOT_INJ_LVL_A_CNT,TOT_INJ_LVL_B_CNT,TOT_INJ_LVL_C_CNT,TOT_INJ_CNT,TOT_UNINJD_AGE00_04_CNT,TOT_UNINJD_PER_CNT,TOT_PED_CNT,TOT_PED_FATAL_CNT,TOT_PED_INJ_LVL_A_CNT,TOT_PED_INJ_CNT,TOT_PEDCYCL_CNT,TOT_PEDCYCL_FATAL_CNT,TOT_PEDCYCL_INJ_LVL_A_CNT,TOT_PEDCYCL_INJ_CNT,TOT_UNKNWN_CNT,TOT_UNKNWN_FATAL_CNT,TOT_UNKNWN_INJ_CNT,TOT_OCCUP_CNT,TOT_PER_INVLV_CNT,TOT_SFTY_EQUIP_USED_QTY,TOT_SFTY_EQUIP_UNUSED_QTY,TOT_SFTY_EQUIP_USE_UNKNWN_QTY,TOT_PSNGR_VHCL_OCC_UNRESTRND_FATAL_CNT,TOT_MCYCLST_FATAL_CNT,TOT_MCYCLST_INJ_LVL_A_CNT,TOT_MCYCLST_INJ_CNT,TOT_MCYCLST_UNHELMTD_FATAL_CNT,TOT_ALCHL_IMPAIRED_DRVR_INV_FATAL_CNT,TOT_DRVR_AGE_01_20_CNT,LANE_RDWY_DPRT_CRASH_FLG
1783315,02613,03/31/18 00:00:00,03,31,2018,7,15,3P,26,Multnomah,245,Portland SE,57,PORTLAND UA,16,U MN-ART,0,NA,NA,NA,NA,NA,NA,NA,NA,NA,NA,45,31,8.96,-122,30,38.55,45.51915555555467,-122.510708333333,NA,NA,NA,NA,02259,SE STARK ST,NA,05148,SE 148TH AVE,NA,1,0,9,NA,NA,1,INTER,0,1,CROSS,0,0,0,NA,0,NA,NA,03,F,S-OTHER,6,TURN,4,INJ,1,CLR,0,UNK,1,DAY,001,TRF SIGNAL,1,0,NONE,NA,NA,NA,NA,NA,NA,08,IMP-TURN,NA,NA,NA,NA,NA,NA,0,0,0,0,0,9,"Over 200,000",1,PORTLAND CITY STREET,NA,NA,NA,1,02B,58_182989,NA,0,10/30/19 17:21:04,2,0,0,0,2,2,0,0,0,0,0,0,0,0,0,0,0,0,0,2,2,0,0,2,0,0,0,0,0,0,0,N
1783328,03434,04/26/18 00:00:00,04,26,2018,5,08,8A,26,Multnomah,245,Portland SE,57,PORTLAND UA,16,U MN-ART,0,NA,NA,NA,NA,NA,NA,NA,NA,NA,NA,45,30,59.4,-122,39,31.23,45.5165,-122.658675,NA,NA,NA,NA,00226,SE BELMONT ST,NA,05007,SE 7TH AVE,NA,1,0,9,NA,NA,1,INTER,0,1,CROSS,0,0,0,NA,0,NA,NA,04,6,BIKE,6,TURN,4,INJ,1,CLR,1,DRY,1,DAY,001,TRF SIGNAL,1,3,CITY,NA,NA,NA,NA,NA,NA,02,NO-YIELD,NA,NA,NA,NA,0,0,0,0,0,0,0,9,"Over 200,000",1,PORTLAND CITY STREET,NA,NA,NA,1,02B,58_115932,NA,0,10/30/19 17:21:04,1,0,0,0,1,1,0,1,0,0,0,0,1,0,0,1,0,0,0,1,2,1,0,1,0,0,0,0,0,0,0,N
1783340,03438,04/26/18 00:00:00,04,26,2018,5,12,12P,26,Multnomah,245,Portland SE,57,PORTLAND UA,14,U PR-ART,1,026,NA,MT. HOOD,1,0,MN,0,R,NA,002600100S00,45,29,52.6,-122,38,22.63,45.497944444444336,-122.63961944444434,NA,NA,NA,NA,01940,SE POWELL BLVD,NA,05026,SE 26TH AVE,NA,1,NA,1,2.06999993,35,1,INTER,0,1,CROSS,0,0,0,NA,0,NA,NA,06,E,S-1STOP,3,REAR,4,INJ,1,CLR,1,DRY,1,DAY,001,TRF SIGNAL,1,5,NO RPT,NA,NA,NA,NA,NA,NA,29,F AVOID,NA,NA,NA,NA,NA,NA,0,0,0,0,0,9,"Over 200,000",2,PORTLAND HWY SYSTEM,US,26,US 26,1,02B,293_14612,NA,0,10/30/19 17:21:04,2,0,0,0,1,1,0,1,0,0,0,0,0,0,0,0,0,0,0,2,2,2,0,0,0,0,0,0,0,0,0,N
1783357,03444,04/26/18 00:00:00,04,26,2018,5,19,7P,26,Multnomah,245,Portland SE,57,PORTLAND UA,17,U MJ-COL,0,NA,NA,NA,NA,NA,NA,NA,NA,NA,NA,45,27,52.92,-122,32,52.99,45.4647,-122.54805277777733,NA,NA,NA,NA,01623,SE MT SCOTT BLVD,NA,05112,SE 112TH AVE,NA,1,0,7,NA,NA,1,INTER,0,1,CROSS,0,0,0,NA,0,NA,NA,06,E,S-1STOP,3,REAR,4,INJ,0,UNK,0,UNK,5,DUSK,004,STOP SIGN,1,0,NONE,NA,NA,NA,NA,NA,NA,29,F AVOID,NA,NA,NA,NA,NA,NA,0,0,0,0,0,9,"Over 200,000",1,PORTLAND CITY STREET,NA,NA,NA,1,02C,58_197289,NA,0,10/30/19 17:21:04,2,0,0,0,1,1,0,1,0,0,0,0,0,0,0,0,0,0,0,2,2,0,0,2,0,0,0,0,0,0,0,N
1783378,03457,04/26/18 00:00:00,04,26,2018,5,17,5P,26,Multnomah,245,Portland SE,57,PORTLAND UA,19,U LOCAL,0,NA,NA,NA,NA,NA,NA,NA,NA,NA,NA,45,30,1.02,-122,36,32.51,45.500283333333,-122.609030555555,NA,NA,NA,NA,02326,SE TIBBETTS ST,NA,05052,SE 52ND AVE,NA,1,0,9,NA,NA,1,INTER,0,1,CROSS,0,0,0,NA,0,NA,NA,04,B,ANGL-OTH,1,ANGL,4,INJ,1,CLR,1,DRY,1,DAY,004,STOP SIGN,1,0,NONE,NA,NA,NA,NA,NA,NA,02,NO-YIELD,NA,NA,NA,NA,NA,NA,0,0,0,0,0,9,"Over 200,000",1,PORTLAND CITY STREET,NA,NA,NA,1,02B,58_121445,NA,0,10/30/19 17:21:04,2,0,0,0,1,1,0,1,0,0,0,0,0,0,0,0,0,0,0,2,2,1,0,1,0,0,0,0,0,0,0,N
1783395,02621,03/27/18 00:00:00,03,27,2018,3,15,3P,26,Multnomah,245,Portland SE,57,PORTLAND UA,16,U MN-ART,0,NA,NA,NA,NA,NA,NA,NA,NA,NA,NA,45,29,41.05,-122,36,25.8,45.494736111110335,-122.607166666666,NA,NA,NA,NA,00824,SE FOSTER RD,NA,05054,SE 54TH AVE,NA,1,0,9,NA,35,1,INTER,0,6,6-LEG,0,0,0,NA,0,NA,NA,04,B,ANGL-OTH,6,TURN,4,INJ,2,CLD,1,DRY,1,DAY,004,STOP SIGN,1,3,CITY,087,FIRE/EXP,NA,NA,NA,NA,02,NO-YIELD,03,PAS-STOP,33,RECKLESS,0,0,0,0,0,0,0,9,"Over 200,000",1,PORTLAND CITY STREET,NA,NA,NA,1,02B,58_122912,NA,0,10/30/19 17:21:04,2,0,0,1,1,2,0,0,0,0,0,0,0,0,0,0,0,0,0,2,2,2,0,0,0,0,0,0,0,0,1,N
1783406,02624,03/26/18 00:00:00,03,26,2018,2,16,4P,26,Multnomah,245,Portland SE,57,PORTLAND UA,14,U PR-ART,1,026,NA,MT. HOOD,1,0,MN,0,R,NA,002600100S00,45,29,50,-122,31,59.34,45.49722222222133,-122.53314999999967,NA,NA,NA,NA,00114,SE 127TH PL,NA,01940,SE POWELL BLVD,NA,1,NA,3,7.44000006,35,1,INTER,0,3,3-LEG,0,0,0,NA,0,NA,NA,06,E,S-1STOP,3,REAR,4,INJ,2,CLD,1,DRY,1,DAY,099,UNKNOWN,1,3,CITY,NA,NA,NA,NA,NA,NA,29,F AVOID,NA,NA,NA,NA,NA,NA,0,0,0,0,1,9,"Over 200,000",2,PORTLAND HWY SYSTEM,US,26,US 26,1,02B,293_17370,NA,0,10/30/19 17:21:04,2,0,0,2,0,2,2,5,0,0,0,0,0,0,0,0,0,0,0,7,7,5,0,2,0,0,0,0,0,0,0,N
1783408,03462,04/26/18 00:00:00,04,26,2018,5,17,5P,26,Multnomah,245,Portland SE,57,PORTLAND UA,14,U PR-ART,1,NA,NA,NA,NA,NA,NA,NA,NA,NA,NA,45,30,44.07,-122,39,38.77,45.512241666666,-122.660769444444,NA,NA,NA,NA,00929,SE GRAND AVE,NA,01028,SE HAWTHORNE BLVD,NA,1,0,1,NA,NA,1,INTER,0,1,CROSS,0,0,0,NA,0,NA,NA,05,E,S-1STOP,3,REAR,5,PDO,1,CLR,1,DRY,1,DAY,001,TRF SIGNAL,1,0,NONE,NA,NA,NA,NA,NA,NA,29,F AVOID,NA,NA,NA,NA,NA,NA,0,0,0,0,0,9,"Over 200,000",1,PORTLAND CITY STREET,NA,NA,NA,1,02B,58_199078,NA,0,10/30/19 17:21:04,2,0,0,0,0,0,0,2,0,0,0,0,0,0,0,0,0,0,0,2,2,1,0,1,0,0,0,0,0,0,0,N
1783415,03465,04/26/18 00:00:00,04,26,2018,5,01,1A,26,Multnomah,245,Portland SE,57,PORTLAND UA,19,U LOCAL,0,NA,NA,NA,NA,NA,NA,NA,NA,NA,NA,45,31,19.7,-122,38,16.07,45.52213888888867,-122.63779722222134,NA,NA,NA,NA,00124,SE ANKENY ST,NA,05028,SE 28TH AVE,NA,1,113,7,NA,NA,2,ALLEY,1,NA,NA,0,0,0,2,NA,0,NONE,07,8,FIX OBJ,9,FIX,4,INJ,1,CLR,1,DRY,2,DLIT,099,UNKNOWN,1,3,CITY,091,BUILDING,NA,NA,NA,NA,08,IMP-TURN,NA,NA,NA,NA,NA,NA,0,0,0,0,0,9,"Over 200,000",1,PORTLAND CITY STREET,NA,NA,NA,1,02B,58_114620,NA,0,10/30/19 17:21:04,1,0,0,1,0,1,0,0,0,0,0,0,0,0,0,0,0,0,0,1,1,1,0,0,0,0,0,0,0,0,0,Y
1783422,02628,03/26/18 00:00:00,03,26,2018,2,15,3P,26,Multnomah,245,Portland SE,57,PORTLAND UA,11,U INTRST,1,001,NA,PACIFIC,1,6,CN,0,R,5,0001VK100S00,45,31,13.82,-122,39,55.02,45.520505555554664,-122.665283333333,NA,NA,NA,NA,09503,EB EF MORRISN BR C5,NA,09460,NB EXTO BANFIELD C1,NA,1,NA,4,301.339996,NA,3,STRGHT,0,NA,NA,0,0,0,1,NA,1,RSDMD,03,E,S-1STOP,3,REAR,4,INJ,1,CLR,1,DRY,1,DAY,037,RAMP METER,1,3,CITY,NA,NA,NA,NA,NA,NA,29,F AVOID,NA,NA,NA,NA,0,0,0,0,0,0,1,9,"Over 200,000",2,PORTLAND HWY SYSTEM,IS,5,I-5,1,02B,293_3662,NA,0,10/30/19 17:21:04,2,0,0,1,0,1,0,1,0,0,0,0,0,0,0,0,0,0,0,2,2,1,0,1,0,0,0,0,0,0,0,N
1783426,03468,04/25/18 00:00:00,04,25,2018,4,20,8P,26,Multnomah,245,Portland SE,57,PORTLAND UA,14,U PR-ART,1,026,NA,MT. HOOD,1,0,MN,0,R,NA,002600100S00,45,29,49.1,-122,32,27.97,45.49697222222133,-122.54110277777734,NA,NA,NA,NA,01940,SE POWELL BLVD,NA,05119,SE 119TH AVE,NA,1,NA,7,7.03999996,35,3,STRGHT,0,NA,NA,0,0,0,2,NA,0,NONE,03,C,S-STRGHT,5,SS-O,4,INJ,1,CLR,1,DRY,2,DLIT,099,UNKNOWN,1,5,NO RPT,010,SUB OTRN,NA,NA,NA,NA,32,CARELESS,06,IMP-OVER,NA,NA,0,0,0,0,0,0,0,9,"Over 200,000",2,PORTLAND HWY SYSTEM,US,26,US 26,1,02B,293_3639,NA,0,10/30/19 17:21:04,2,0,0,0,1,1,0,1,0,0,0,0,0,0,0,0,0,0,0,2,2,2,0,0,0,0,0,1,0,0,0,N
1783444,03469,04/25/18 00:00:00,04,25,2018,4,17,5P,26,Multnomah,245,Portland SE,57,PORTLAND UA,19,U LOCAL,0,NA,NA,NA,NA,NA,NA,NA,NA,NA,NA,45,30,9.66,-122,38,44.29,45.502683333333,-122.64563611111033,NA,NA,NA,NA,02303,SE TAGGART ST,NA,05020,SE 20TH AVE,NA,1,0,9,NA,NA,1,INTER,0,1,CROSS,0,0,0,NA,0,NA,NA,02,B,ANGL-OTH,1,ANGL,4,INJ,1,CLR,1,DRY,1,DAY,004,STOP SIGN,1,3,CITY,062,TREE,NA,NA,NA,NA,32,CARELESS,03,PAS-STOP,NA,NA,0,0,0,0,0,0,0,9,"Over 200,000",1,PORTLAND CITY STREET,NA,NA,NA,1,02B,58_120064,NA,0,10/30/19 17:21:04,2,0,0,0,1,1,0,1,0,0,0,0,0,0,0,0,0,0,0,2,2,2,0,0,0,0,0,0,0,0,0,N
1783449,03470,04/25/18 00:00:00,04,25,2018,4,16,4P,26,Multnomah,245,Portland SE,57,PORTLAND UA,14,U PR-ART,1,NA,NA,NA,NA,NA,NA,NA,NA,NA,NA,45,30,38.93,-122,39,42.62,45.510813888888,-122.661838888888,NA,NA,NA,NA,01528,SE MARKET ST,NA,02402,SE MLK/UNION,NA,1,0,1,NA,NA,1,INTER,0,1,CROSS,0,0,0,NA,0,NA,NA,05,C,S-STRGHT,5,SS-O,4,INJ,1,CLR,1,DRY,1,DAY,004,STOP SIGN,1,0,NONE,NA,NA,NA,NA,NA,NA,13,IMP LN C,NA,NA,NA,NA,NA,NA,0,0,0,0,0,9,"Over 200,000",1,PORTLAND CITY STREET,NA,NA,NA,1,02B,58_140069,NA,0,10/30/19 17:21:04,2,0,0,0,1,1,0,1,0,0,0,0,0,0,0,0,0,0,0,2,2,1,0,1,0,0,0,0,0,0,0,N
1783453,02751,03/30/18 00:00:00,03,30,2018,6,05,5A,26,Multnomah,245,Portland SE,57,PORTLAND UA,14,U PR-ART,1,026,NA,MT. HOOD,1,0,MN,0,R,NA,002600100S00,45,29,47.49,-122,30,17.11,45.49652499999933,-122.504752777777,NA,NA,NA,NA,01940,SE POWELL BLVD,NA,05154,SE 154TH AVE,NA,1,NA,9,8.8500003800000009,35,1,INTER,0,3,3-LEG,0,0,0,NA,0,NA,NA,02,G,O-STRGHT,4,SS-M,4,INJ,1,CLR,1,DRY,2,DLIT,099,UNKNOWN,1,3,CITY,NA,NA,NA,NA,NA,NA,17,ILLNESS,15,WRNG WAY,NA,NA,0,0,0,0,0,0,0,9,"Over 200,000",2,PORTLAND HWY SYSTEM,US,26,US 26,1,02B,293_16248,NA,0,10/30/19 17:21:04,2,0,0,0,1,1,0,1,0,0,0,0,0,0,0,0,0,0,0,2,2,2,0,0,0,0,0,0,0,0,0,N
1783496,02770,03/19/18 00:00:00,03,19,2018,2,18,6P,26,Multnomah,245,Portland SE,57,PORTLAND UA,14,U PR-ART,1,026,NA,MT. HOOD,1,0,MN,0,R,NA,002600100S00,45,29,50.33,-122,38,8.02,45.497313888888335,-122.63556111111033,NA,NA,NA,NA,01940,SE POWELL BLVD,NA,05029,SE 29TH AVE,NA,1,NA,4,2.26999998,35,1,INTER,0,1,CROSS,0,0,0,NA,0,NA,NA,06,E,S-1STOP,3,REAR,4,INJ,1,CLR,1,DRY,1,DAY,001,TRF SIGNAL,1,5,NO RPT,NA,NA,NA,NA,NA,NA,29,F AVOID,NA,NA,NA,NA,NA,NA,0,0,0,0,0,9,"Over 200,000",2,PORTLAND HWY SYSTEM,US,26,US 26,1,02B,293_13691,NA,0,10/30/19 17:21:04,2,0,0,0,2,2,0,1,0,0,0,0,0,0,0,0,0,0,0,3,3,2,0,1,0,0,0,0,0,0,0,N
1783499,02773,03/27/18 00:00:00,03,27,2018,3,06,6A,26,Multnomah,245,Portland SE,57,PORTLAND UA,11,U INTRST,1,064,NA,EAST PORTLAND FREEWAY,1,6,CN,0,R,1,0064CD100S00,45,31,2.3,-122,33,53.34,45.517305555554664,-122.564816666666,NA,NA,NA,NA,09723,NB EX WASH-STARK C1,NA,00745,EAST PORTLAND FY,NA,1,NA,2,20.5,NA,3,STRGHT,1,NA,NA,0,0,0,1,NA,1,RSDMD,04,8,FIX OBJ,9,FIX,4,INJ,3,RAIN,2,WET,4,DAWN,017,MEDIAN BAR,1,3,CITY,043,GARDRAIL,NA,NA,NA,NA,17,ILLNESS,NA,NA,NA,NA,NA,NA,0,0,0,0,0,9,"Over 200,000",2,PORTLAND HWY SYSTEM,IS,205,I-205,1,02B,293_6165,NA,0,10/30/19 17:21:04,1,0,0,0,1,1,0,0,0,0,0,0,0,0,0,0,0,0,0,1,1,1,0,0,0,0,0,0,0,0,0,Y
1783521,02989,03/26/18 00:00:00,03,26,2018,2,17,5P,26,Multnomah,245,Portland SE,57,PORTLAND UA,17,U MJ-COL,0,NA,NA,NA,NA,NA,NA,NA,NA,NA,NA,45,29,5.64,-122,34,6.97,45.484899999999335,-122.56860277777767,NA,NA,NA,NA,05092,SE 92ND AVE,NA,02260,SE STEELE ST,NA,1,85,1,NA,NA,3,STRGHT,0,NA,NA,0,0,1,2,NA,0,NONE,07,H,O-1 L-TURN,6,TURN,4,INJ,1,CLR,1,DRY,1,DAY,099,UNKNOWN,1,5,NO RPT,129,HILL INV,013,FORCED,NA,NA,02,NO-YIELD,NA,NA,NA,NA,NA,NA,0,0,0,0,0,9,"Over 200,000",1,PORTLAND CITY STREET,NA,NA,NA,1,02B,58_141388,NA,0,10/30/19 17:21:04,4,0,0,1,1,2,0,0,0,0,0,0,0,0,0,0,0,0,0,2,2,2,0,0,0,0,0,0,0,0,0,N
1783544,03485,04/25/18 00:00:00,04,25,2018,4,08,8A,26,Multnomah,245,Portland SE,57,PORTLAND UA,16,U MN-ART,0,NA,NA,NA,NA,NA,NA,NA,NA,NA,NA,45,31,17.35,-122,39,20.34,45.52148611111067,-122.65565,NA,NA,NA,NA,02210,SE SANDY BLVD,NA,05010,SE 10TH AVE,NA,1,0,9,NA,NA,1,INTER,0,6,6-LEG,0,0,0,NA,0,NA,NA,02,B,ANGL-OTH,1,ANGL,4,INJ,1,CLR,1,DRY,1,DAY,004,STOP SIGN,1,0,NONE,NA,NA,NA,NA,NA,NA,02,NO-YIELD,NA,NA,NA,NA,NA,NA,0,0,0,0,0,9,"Over 200,000",1,PORTLAND CITY STREET,NA,NA,NA,1,02B,58_114865,NA,0,10/30/19 17:21:04,2,0,0,0,1,1,0,1,0,0,0,0,0,0,0,0,0,0,0,2,2,1,0,1,0,0,0,0,0,0,0,N
1783558,03095,03/18/18 00:00:00,03,18,2018,1,02,2A,26,Multnomah,245,Portland SE,57,PORTLAND UA,14,U PR-ART,1,026,NA,MT. HOOD,1,0,MN,0,R,NA,002600100S00,45,29,49.81,-122,32,6.2,45.49716944444433,-122.53505555555533,NA,NA,NA,NA,01940,SE POWELL BLVD,NA,05124,SE 124TH AVE,NA,1,NA,3,7.34000015,35,3,STRGHT,0,NA,NA,0,0,0,2,NA,0,NONE,04,3,PED,0,PED,4,INJ,2,CLD,2,WET,2,DLIT,099,UNKNOWN,1,3,CITY,NA,NA,NA,NA,NA,NA,30,SPEED,18,IN RDWY,19,NT VISBL,0,0,0,0,0,1,0,9,"Over 200,000",2,PORTLAND HWY SYSTEM,US,26,US 26,1,02B,293_20865,NA,0,10/30/19 17:21:04,1,0,1,1,0,2,0,1,2,0,1,2,0,0,0,0,0,0,0,1,3,1,0,0,0,0,0,0,0,0,0,N
1783561,03487,04/25/18 00:00:00,04,25,2018,4,19,7P,26,Multnomah,245,Portland SE,57,PORTLAND UA,11,U INTRST,0,064,NA,EAST PORTLAND FREEWAY,1,6,CN,0,R,4,0064BV100S00,45,30,15.96,-122,33,57.37,45.504433333333,-122.565936111111,NA,NA,NA,NA,00614,SE DIVISION ST,NA,09722,SB EX DIVISION C6,NA,1,NA,9,19.75,NA,1,INTER,0,1,CROSS,0,0,0,NA,0,NA,NA,04,D,S-1TURN,6,TURN,4,INJ,1,CLR,0,UNK,5,DUSK,022,L-GRN-SIG,1,5,NO RPT,NA,NA,NA,NA,NA,NA,14,DIS TCD,NA,NA,NA,NA,NA,NA,0,0,0,0,0,9,"Over 200,000",2,PORTLAND HWY SYSTEM,IS,205,I-205,1,02B,293_6130,NA,0,10/30/19 17:21:04,2,0,0,0,1,1,0,1,0,0,0,0,0,0,0,0,0,0,0,2,2,1,0,1,0,0,0,0,0,0,0,N
1783574,03490,04/25/18 00:00:00,04,25,2018,4,17,5P,26,Multnomah,245,Portland SE,57,PORTLAND UA,16,U MN-ART,0,NA,NA,NA,NA,NA,NA,NA,NA,NA,NA,45,27,51.56,-122,39,37.93,45.464322222222,-122.660536111111,NA,NA,NA,NA,02301,SE TACOMA ST,NA,05006,SE 6TH AVE,NA,1,101,7,NA,NA,3,STRGHT,0,NA,NA,0,0,0,2,NA,0,NONE,08,C,S-STRGHT,3,REAR,4,INJ,1,CLR,1,DRY,1,DAY,099,UNKNOWN,1,0,NONE,NA,NA,NA,NA,NA,NA,13,IMP LN C,NA,NA,NA,NA,NA,NA,0,0,0,0,0,9,"Over 200,000",1,PORTLAND CITY STREET,NA,NA,NA,1,02B,58_130322,NA,0,10/30/19 17:21:04,2,0,0,0,1,1,0,1,0,0,0,0,0,0,0,0,0,0,0,2,2,1,0,1,0,0,0,0,0,0,0,N
1783592,03500,04/25/18 00:00:00,04,25,2018,4,15,3P,26,Multnomah,245,Portland SE,57,PORTLAND UA,11,U INTRST,1,001,NA,PACIFIC,2,0,MN,0,R,NA,000100200S00,45,30,38.72,-122,40,0.08,45.510755555555,-122.66668888888867,NA,NA,NA,NA,00302,PACIFIC HY I-5,NA,09452,SB EX MARQUAM BR,NA,1,NA,5,300.630005,50,8,BRIDGE,0,NA,NA,0,0,0,3,NA,0,NONE,03,C,S-STRGHT,5,SS-O,4,INJ,1,CLR,1,DRY,1,DAY,015,ONE-WAY,1,0,NONE,NA,NA,NA,NA,NA,NA,13,IMP LN C,NA,NA,NA,NA,NA,NA,0,0,0,0,0,9,"Over 200,000",2,PORTLAND HWY SYSTEM,IS,5,I-5,1,02B,293_3024,NA,0,10/30/19 17:21:04,2,0,0,0,1,1,0,1,0,0,0,0,0,0,0,0,0,0,0,2,2,1,0,1,0,0,0,0,0,0,0,N
1783653,03258,03/27/18 00:00:00,03,27,2018,3,16,4P,26,Multnomah,245,Portland SE,57,PORTLAND UA,19,U LOCAL,0,NA,NA,NA,NA,NA,NA,NA,NA,NA,NA,45,29,48.74,-122,34,51.29,45.496872222221334,-122.58091388888867,NA,NA,NA,NA,02158,SE RHINE ST,NA,05080,SE 80TH AVE,NA,1,0,9,NA,NA,1,INTER,0,1,CROSS,0,0,0,NA,0,NA,NA,02,B,ANGL-OTH,1,ANGL,4,INJ,1,CLR,1,DRY,1,DAY,004,STOP SIGN,1,0,NONE,NA,NA,NA,NA,NA,NA,03,PAS-STOP,NA,NA,NA,NA,NA,NA,0,0,0,0,0,9,"Over 200,000",1,PORTLAND CITY STREET,NA,NA,NA,1,02B,58_122363,NA,0,10/30/19 17:21:04,2,0,0,0,1,1,0,1,0,0,0,0,0,0,0,0,0,0,0,2,2,1,0,1,0,0,0,0,0,0,0,N
1783654,03508,04/22/18 00:00:00,04,22,2018,1,06,6A,26,Multnomah,245,Portland SE,57,PORTLAND UA,14,U PR-ART,1,026,NA,MT. HOOD,1,0,MN,0,R,NA,002600100S00,45,29,57.68,-122,38,40.71,45.49935555555533,-122.64464166666633,NA,NA,NA,NA,01940,SE POWELL BLVD,NA,05021,SE 21ST AVE,NA,1,NA,9,1.80999994,35,1,INTER,0,1,CROSS,0,0,0,NA,0,NA,NA,03,B,ANGL-OTH,6,TURN,4,INJ,1,CLR,1,DRY,1,DAY,001,TRF SIGNAL,1,5,NO RPT,NA,NA,NA,NA,NA,NA,33,RECKLESS,02,NO-YIELD,01,TOO-FAST,0,0,0,0,0,1,1,9,"Over 200,000",2,PORTLAND HWY SYSTEM,US,26,US 26,1,02B,293_13690,NA,0,10/30/19 17:21:04,2,0,0,0,1,1,0,1,0,0,0,0,0,0,0,0,0,0,0,2,2,1,0,1,0,0,0,0,0,0,0,N
1783663,03514,04/19/18 00:00:00,04,19,2018,5,11,11A,26,Multnomah,245,Portland SE,57,PORTLAND UA,14,U PR-ART,1,NA,NA,NA,NA,NA,NA,NA,NA,NA,NA,45,30,41.48,-122,39,42.61,45.511522222222,-122.661836111111,NA,NA,NA,NA,00458,SE CLAY ST,NA,02402,SE MLK/UNION,NA,1,0,9,NA,NA,1,INTER,0,5,5-LEG,0,0,0,NA,0,NA,NA,03,B,ANGL-OTH,1,ANGL,4,INJ,1,CLR,1,DRY,1,DAY,001,TRF SIGNAL,1,0,NONE,NA,NA,NA,NA,NA,NA,04,DIS SIG,NA,NA,NA,NA,NA,NA,0,0,0,0,0,9,"Over 200,000",1,PORTLAND CITY STREET,NA,NA,NA,1,02B,58_140009,NA,0,10/30/19 17:21:04,2,0,0,0,1,1,0,1,0,0,0,0,0,0,0,0,0,0,0,2,2,1,0,1,0,0,0,0,0,0,0,N