CRASH_ID,SER_NO,CRASH_DT,CRASH_MO_NO,CRASH_DAY_NO,CRASH_YR_NO,CRASH_WK_DAY_CD,CRASH_HR_NO,CRASH_HR_SHORT_DESC,CNTY_ID,CNTY_NM,CITY_SECT_ID,CITY_SECT_NM,URB_AREA_CD,URB_AREA_SHORT_NM,FC_CD,FC_SHORT_DESC,NHS_FLG,HWY_NO,HWY_SFX_NO,HWY_MED_NM,RDWY_NO,HWY_COMPNT_CD,HWY_COMPNT_SHORT_DESC,MLGE_TYP_CD,MLGE_TYP_SHORT_DESC,RD_CON_NO,LRS_VAL,LAT_DEG_NO,LAT_MINUTE_NO,LAT_SEC_NO,LONGTD_DEG_NO,LONGTD_MINUTE_NO,LONGTD_SEC_NO,LAT_DD,LONGTD_DD,SPECL_JRSDCT_ID,SPECL_JRSDCT_SHORT_DESC,JRSDCT_GRP_CD,JRSDCT_GRP_LONG_DESC,AGY_ST_NO,ST_FULL_NM,RECRE_RD_NM,ISECT_AGY_ST_NO,ISECT_ST_FULL_NM,ISECT_RECRE_RD_NM,ISECT_SEQ_NO,FROM_ISECT_DSTNC_QTY,CMPSS_DIR_CD,MP_NO,POST_SPEED_LMT_VAL,RD_CHAR_CD,RD_CHAR_SHORT_DESC,OFF_RDWY_FLG,ISECT_TYP_CD,ISECT_TYP_SHORT_DESC,ISECT_REL_FLG,RNDABT_FLG,DRVWY_REL_FLG,LN_QTY,TURNG_LEG_QTY,MEDN_TYP_CD,MEDN_TYP_SHORT_DESC,IMPCT_LOC_CD,CRASH_TYP_CD,CRASH_TYP_SHORT_DESC,COLLIS_TYP_CD,COLLIS_TYP_SHORT_DESC,CRASH_SVRTY_CD,CRASH_SVRTY_SHORT_DESC,WTHR_COND_CD,WTHR_COND_SHORT_DESC,RD_SURF_COND_CD,RD_SURF_SHORT_DESC,LGT_COND_CD,LGT_COND_SHORT_DESC,TRAF_CNTL_DEVICE_CD,TRAF_CNTL_DEVICE_SHORT_DESC,TRAF_CNTL_FUNC_FLG,INVSTG_AGY_CD,INVSTG_AGY_SHORT_DESC,CRASH_EVNT_1_CD,CRASH_EVNT_1_SHORT_DESC,CRASH_EVNT_2_CD,CRASH_EVNT_2_SHORT_DESC,CRASH_EVNT_3_CD,CRASH_EVNT_3_SHORT_DESC,CRASH_CAUSE_1_CD,CRASH_CAUSE_1_SHORT_DESC,CRASH_CAUSE_2_CD,CRASH_CAUSE_2_SHORT_DESC,CRASH_CAUSE_3_CD,CRASH_CAUSE_3_SHORT_DESC,SCHL_ZONE_IND,WRK_ZONE_IND,ALCHL_INVLV_FLG,DRUG_INVLV_FLG,MJ_INVLV_FLG,CRASH_SPEED_INVLV_FLG,CRASH_HIT_RUN_FLG,POP_RNG_CD,POP_RNG_MED_DESC,RD_CNTL_CD,RD_CNTL_MED_DESC,RTE_TYP_CD,RTE_ID,RTE_NM,REG_ID,DIST_ID,SEG_MRK_ID,SEG_PT_LRS_MEAS,UNLOCT_FLG,CRASH_LAST_UD_DT,TOT_VHCL_CNT,TOT_FATAL_CNT,TOT_INJ_LVL_A_CNT,TOT_INJ_LVL_B_CNT,TOT_INJ_LVL_C_CNT,TOT_INJ_CNT,TOT_UNINJD_AGE00_04_CNT,TOT_UNINJD_PER_CNT,TOT_PED_CNT,TOT_PED_FATAL_CNT,TOT_PED_INJ_LVL_A_CNT,TOT_PED_INJ_CNT,TOT_PEDCYCL_CNT,TOT_PEDCYCL_FATAL_CNT,TOT_PEDCYCL_INJ_LVL_A_CNT,TOT_PEDCYCL_INJ_CNT,TOT_UNKNWN_CNT,TOT_UNKNWN_FATAL_CNT,TOT_UNKNWN_INJ_CNT,TOT_OCCUP_CNT,TOT_PER_INVLV_CNT,TOT_SFTY_EQUIP_USED_QTY,TOT_SFTY_EQUIP_UNUSED_QTY,TOT_SFTY_EQUIP_USE_UNKNWN_QTY,TOT_PSNGR_VHCL_OCC_UNRESTRND_FATAL_CNT,TOT_MCYCLST_FATAL_CNT,TOT_MCYCLST_INJ_LVL_A_CNT,TOT_MCYCLST_INJ_CNT,TOT_MCYCLST_UNHELMTD_FATAL_CNT,TOT_ALCHL_IMPAIRED_DRVR_INV_FATAL_CNT,TOT_DRVR_AGE_01_20_CNT,LANE_RDWY_DPRT_CRASH_FLG
1784438,03753,05/04/18 00:00:00,05,04,2018,6,18,6P,26,Multnomah,245,Portland SE,57,PORTLAND UA,14,U PR-ART,1,NA,NA,NA,NA,NA,NA,NA,NA,NA,NA,45,31,14.85,-122,39,38.58,45.52079166666667,-122.660716666666,NA,NA,NA,NA,00929,SE GRAND AVE,NA,01928,SE PINE ST,NA,1,0,9,NA,NA,1,INTER,0,1,CROSS,0,0,0,NA,0,NA,NA,02,6,BIKE,6,TURN,4,INJ,1,CLR,1,DRY,1,DAY,004,STOP SIGN,1,3,CITY,NA,NA,NA,NA,NA,NA,01,TOO-FAST,02,NO-YIELD,15,WRNG WAY,0,0,0,0,0,1,0,9,"Over 200,000",1,PORTLAND CITY STREET,NA,NA,NA,1,02B,58_114839,NA,0,10/30/19 17:21:04,1,0,0,0,1,1,0,1,0,0,0,0,1,0,0,1,0,0,0,1,2,1,1,0,0,0,0,0,0,0,0,N
1784440,03754,05/04/18 00:00:00,05,04,2018,6,16,4P,26,Multnomah,245,Portland SE,57,PORTLAND UA,14,U PR-ART,1,NA,NA,NA,NA,NA,NA,NA,NA,NA,NA,45,30,16.36,-122,29,50.85,45.504544444444,-122.49745833333333,NA,NA,NA,NA,00614,SE DIVISION ST,NA,05162,SE 162ND AVE,NA,1,165,7,NA,NA,2,ALLEY,0,NA,NA,0,0,0,5,NA,0,NONE,08,H,O-1 L-TURN,6,TURN,4,INJ,1,CLR,1,DRY,1,DAY,090,L-TURN REF,1,3,CITY,NA,NA,NA,NA,NA,NA,02,NO-YIELD,NA,NA,NA,NA,0,0,0,0,0,0,1,9,"Over 200,000",1,PORTLAND CITY STREET,NA,NA,NA,1,02B,58_120303,NA,0,10/30/19 17:21:04,2,0,0,0,1,1,0,1,0,0,0,0,0,0,0,0,0,0,0,2,2,1,0,1,0,0,0,0,0,0,0,N
1784446,04584,04/25/18 00:00:00,04,25,2018,4,16,4P,26,Multnomah,245,Portland SE,57,PORTLAND UA,17,U MJ-COL,0,NA,NA,NA,NA,NA,NA,NA,NA,NA,NA,45,29,32.31,-122,29,4.82,45.492308333333334,-122.48467222222133,NA,NA,NA,NA,01940,SE POWELL BLVD,NA,05174,SE 174TH AVE,NA,1,0,1,NA,NA,1,INTER,0,1,CROSS,0,0,0,NA,0,NA,NA,06,E,S-1STOP,3,REAR,4,INJ,1,CLR,1,DRY,1,DAY,001,TRF SIGNAL,1,0,NONE,NA,NA,NA,NA,NA,NA,29,F AVOID,NA,NA,NA,NA,NA,NA,0,0,0,0,0,9,"Over 200,000",1,PORTLAND CITY STREET,NA,NA,NA,1,02B,58_193909,NA,0,10/30/19 17:21:04,2,0,0,0,1,1,0,1,0,0,0,0,0,0,0,0,0,0,0,2,2,2,0,0,0,0,0,0,0,0,1,N
1784449,03759,05/05/18 00:00:00,05,05,2018,7,14,2P,26,Multnomah,245,Portland SE,57,PORTLAND UA,14,U PR-ART,1,026,NA,MT. HOOD,1,0,MN,0,R,NA,002600100S00,45,29,52.04,-122,38,15.32,45.49778888888833,-122.63758888888833,NA,NA,NA,NA,01940,SE POWELL BLVD,NA,05028,SE 28TH AVE,NA,1,NA,5,2.17000008,35,1,INTER,0,5,5-LEG,0,0,0,NA,0,NA,NA,06,E,S-1STOP,3,REAR,4,INJ,1,CLR,1,DRY,1,DAY,001,TRF SIGNAL,1,3,CITY,NA,NA,NA,NA,NA,NA,29,F AVOID,NA,NA,NA,NA,NA,NA,0,0,0,0,1,9,"Over 200,000",2,PORTLAND HWY SYSTEM,US,26,US 26,1,02B,293_14612,NA,0,10/30/19 17:21:04,2,0,0,0,2,2,0,4,0,0,0,0,0,0,0,0,0,0,0,6,6,0,0,6,0,0,0,0,0,0,0,N
1784451,04614,04/08/18 00:00:00,04,08,2018,1,17,5P,26,Multnomah,245,Portland SE,57,PORTLAND UA,19,U LOCAL,0,NA,NA,NA,NA,NA,NA,NA,NA,NA,NA,45,28,32.93,-122,34,37.34,45.475813888888666,-122.57703888888867,NA,NA,NA,NA,00626,SE DUKE ST,NA,05084,SE 84TH AVE,NA,1,0,9,NA,NA,1,INTER,0,1,CROSS,0,0,0,NA,0,NA,NA,01,B,ANGL-OTH,6,TURN,4,INJ,1,CLR,1,DRY,1,DAY,004,STOP SIGN,1,0,NONE,NA,NA,NA,NA,NA,NA,02,NO-YIELD,NA,NA,NA,NA,NA,NA,0,0,0,0,0,9,"Over 200,000",1,PORTLAND CITY STREET,NA,NA,NA,1,02B,58_128295,NA,0,10/30/19 17:21:04,2,0,0,1,0,1,0,1,0,0,0,0,0,0,0,0,0,0,0,2,2,1,0,1,0,0,0,0,0,0,0,N
1784453,05342,04/23/18 00:00:00,04,23,2018,2,13,1P,26,Multnomah,245,Portland SE,57,PORTLAND UA,11,U INTRST,0,064,NA,EAST PORTLAND FREEWAY,1,6,CN,0,R,2,0064BL100S00,45,28,42.8,-122,34,0.37,45.478555555554664,-122.56676944444366,NA,NA,NA,NA,02658,SE WOODSTOCK BLVD,NA,05094,SE 94TH AVE,NA,1,NA,9,17.8700008,NA,1,INTER,0,1,CROSS,0,0,0,NA,0,NA,NA,01,B,ANGL-OTH,1,ANGL,4,INJ,1,CLR,1,DRY,1,DAY,001,TRF SIGNAL,1,0,NONE,013,FORCED,NA,NA,NA,NA,04,DIS SIG,NA,NA,NA,NA,NA,NA,0,0,0,0,0,9,"Over 200,000",2,PORTLAND HWY SYSTEM,IS,205,I-205,1,02B,293_6089,NA,0,10/30/19 17:21:04,3,0,0,0,1,1,0,3,0,0,0,0,0,0,0,0,0,0,0,4,4,3,0,1,0,0,0,0,0,0,0,N
1784454,03760,05/05/18 00:00:00,05,05,2018,7,12,12P,26,Multnomah,245,Portland SE,57,PORTLAND UA,16,U MN-ART,0,NA,NA,NA,NA,NA,NA,NA,NA,NA,NA,45,29,2.78,-122,34,56.38,45.48410555555533,-122.58232777777766,NA,NA,NA,NA,00824,SE FOSTER RD,NA,05079,SE 79TH AVE,NA,1,0,9,NA,NA,1,INTER,0,1,CROSS,0,0,0,NA,0,NA,NA,01,B,ANGL-OTH,1,ANGL,4,INJ,1,CLR,1,DRY,1,DAY,004,STOP SIGN,1,0,NONE,091,BUILDING,NA,NA,NA,NA,02,NO-YIELD,03,PAS-STOP,NA,NA,NA,NA,0,0,0,0,0,9,"Over 200,000",1,PORTLAND CITY STREET,NA,NA,NA,1,02B,58_125954,NA,0,10/30/19 17:21:04,2,0,0,1,0,1,0,1,0,0,0,0,0,0,0,0,0,0,0,2,2,2,0,0,0,0,0,0,0,0,0,N
1784461,03762,05/05/18 00:00:00,05,05,2018,7,21,9P,26,Multnomah,245,Portland SE,57,PORTLAND UA,11,U INTRST,1,064,NA,EAST PORTLAND FREEWAY,1,0,MN,0,R,NA,006400100S00,45,29,43.46,-122,33,54.76,45.49540555555533,-122.565211111111,NA,NA,NA,NA,00745,EAST PORTLAND FY,NA,09714,NB EX POWELL BVD C1,NA,1,NA,1,19,55,3,STRGHT,0,NA,NA,0,0,0,6,NA,2,DIVMD,04,C,S-STRGHT,3,REAR,4,INJ,1,CLR,1,DRY,2,DLIT,017,MEDIAN BAR,1,1,STATE,044,BARRIER,NA,NA,NA,NA,30,SPEED,13,IMP LN C,29,F AVOID,NA,1,1,0,0,1,0,9,"Over 200,000",2,PORTLAND HWY SYSTEM,IS,205,I-205,1,02B,293_5707,NA,0,10/30/19 17:21:04,2,0,0,0,2,2,0,1,0,0,0,0,0,0,0,0,0,0,0,3,3,3,0,0,0,0,0,0,0,0,0,N
1784477,07868,04/11/18 00:00:00,04,11,2018,4,14,2P,26,Multnomah,245,Portland SE,57,PORTLAND UA,17,U MJ-COL,0,NA,NA,NA,NA,NA,NA,NA,NA,NA,NA,45,28,7.11,-122,35,39.2,45.46864166666667,-122.59422222222133,NA,NA,NA,NA,00817,SE FLAVEL ST,NA,05067,SE 67TH AVE,NA,1,0,3,NA,NA,1,INTER,0,1,CROSS,0,0,0,NA,0,NA,NA,06,E,S-1STOP,3,REAR,5,PDO,1,CLR,1,DRY,1,DAY,099,UNKNOWN,1,0,NONE,NA,NA,NA,NA,NA,NA,29,F AVOID,NA,NA,NA,NA,NA,NA,0,0,0,0,0,9,"Over 200,000",1,PORTLAND CITY STREET,NA,NA,NA,1,02B,58_129678,NA,0,10/30/19 17:21:04,2,0,0,0,0,0,0,2,0,0,0,0,0,0,0,0,0,0,0,2,2,1,0,1,0,0,0,0,0,0,0,N
1784496,04587,06/01/18 00:00:00,06,01,2018,6,16,4P,26,Multnomah,245,Portland SE,57,PORTLAND UA,16,U MN-ART,0,NA,NA,NA,NA,NA,NA,NA,NA,NA,NA,45,28,35.52,-122,32,14.88,45.47653333333267,-122.53746666666633,NA,NA,NA,NA,00824,SE FOSTER RD,NA,05122,SE 122ND AVE,NA,1,61,7,NA,NA,3,STRGHT,0,NA,NA,1,0,0,4,NA,0,NONE,08,E,S-1STOP,3,REAR,4,INJ,1,CLR,1,DRY,1,DAY,099,UNKNOWN,1,3,CITY,NA,NA,NA,NA,NA,NA,27,INATTENT,NA,NA,NA,NA,0,0,0,0,0,0,0,9,"Over 200,000",1,PORTLAND CITY STREET,NA,NA,NA,1,02C,58_194270,NA,0,10/30/19 17:21:04,3,0,1,0,2,3,0,1,0,0,0,0,0,0,0,0,0,0,0,4,4,4,0,0,0,0,0,0,0,0,0,N
1784508,04592,06/01/18 00:00:00,06,01,2018,6,00,12A,26,Multnomah,245,Portland SE,57,PORTLAND UA,14,U PR-ART,1,NA,NA,NA,NA,NA,NA,NA,NA,NA,NA,45,30,59.48,-122,39,38.71,45.516522222222,-122.660752777777,NA,NA,NA,NA,00226,SE BELMONT ST,NA,00929,SE GRAND AVE,NA,1,0,9,NA,NA,1,INTER,0,5,5-LEG,0,0,0,NA,0,NA,NA,04,B,ANGL-OTH,1,ANGL,4,INJ,0,UNK,0,UNK,2,DLIT,001,TRF SIGNAL,1,5,NO RPT,053,POLE UTL,NA,NA,NA,NA,04,DIS SIG,NA,NA,NA,NA,NA,NA,0,0,0,0,0,9,"Over 200,000",1,PORTLAND CITY STREET,NA,NA,NA,1,02B,58_115902,NA,0,10/30/19 17:21:04,2,0,0,0,2,2,0,0,0,0,0,0,0,0,0,0,0,0,0,2,2,0,0,2,0,0,0,0,0,0,0,N
1784512,04593,06/01/18 00:00:00,06,01,2018,6,15,3P,26,Multnomah,245,Portland SE,57,PORTLAND UA,16,U MN-ART,0,NA,NA,NA,NA,NA,NA,NA,NA,NA,NA,45,28,52.44,-122,34,23.81,45.48123333333267,-122.57328055555466,NA,NA,NA,NA,00824,SE FOSTER RD,NA,05087,SE 87TH AVE,NA,1,0,9,NA,NA,1,INTER,0,1,CROSS,0,0,0,NA,0,NA,NA,04,B,ANGL-OTH,6,TURN,4,INJ,1,CLR,1,DRY,1,DAY,001,TRF SIGNAL,1,0,NONE,NA,NA,NA,NA,NA,NA,02,NO-YIELD,NA,NA,NA,NA,NA,NA,0,0,0,0,0,9,"Over 200,000",1,PORTLAND CITY STREET,NA,NA,NA,1,02B,58_126818,NA,0,10/30/19 17:21:04,2,0,0,1,0,1,0,1,0,0,0,0,0,0,0,0,0,0,0,2,2,2,0,0,0,0,0,0,0,0,0,N
1784527,03769,05/05/18 00:00:00,05,05,2018,7,15,3P,26,Multnomah,245,Portland SE,57,PORTLAND UA,16,U MN-ART,0,NA,NA,NA,NA,NA,NA,NA,NA,NA,NA,45,30,49.19,-122,29,47.51,45.513663888888,-122.49653055555534,NA,NA,NA,NA,01515,SE MAIN ST,NA,05162,SE 162ND AVE,NA,1,0,9,NA,NA,1,INTER,0,1,CROSS,0,0,0,NA,0,NA,NA,03,B,ANGL-OTH,6,TURN,4,INJ,1,CLR,1,DRY,1,DAY,001,TRF SIGNAL,1,3,CITY,NA,NA,NA,NA,NA,NA,02,NO-YIELD,04,DIS SIG,NA,NA,0,0,0,0,0,0,0,9,"Over 200,000",1,PORTLAND CITY STREET,NA,NA,NA,1,02B,58_117761,NA,0,10/30/19 17:21:04,2,0,0,1,0,1,1,6,0,0,0,0,0,0,0,0,0,0,0,7,7,6,0,1,0,0,0,0,0,0,0,N
1784533,03773,05/05/18 00:00:00,05,05,2018,7,15,3P,26,Multnomah,245,Portland SE,57,PORTLAND UA,16,U MN-ART,0,NA,NA,NA,NA,NA,NA,NA,NA,NA,NA,45,30,46.59,-122,39,31.34,45.512941666666,-122.658705555555,NA,NA,NA,NA,01513,SE MADISON ST,NA,05007,SE 7TH AVE,NA,1,0,9,NA,NA,1,INTER,0,1,CROSS,0,0,0,NA,0,NA,NA,02,B,ANGL-OTH,1,ANGL,4,INJ,1,CLR,1,DRY,1,DAY,001,TRF SIGNAL,1,5,NO RPT,NA,NA,NA,NA,NA,NA,04,DIS SIG,NA,NA,NA,NA,NA,NA,0,0,0,0,0,9,"Over 200,000",1,PORTLAND CITY STREET,NA,NA,NA,1,02B,58_117094,NA,0,10/30/19 17:21:04,2,0,0,1,1,2,0,0,0,0,0,0,0,0,0,0,0,0,0,2,2,2,0,0,0,0,0,0,0,0,0,N
1784551,03782,05/05/18 00:00:00,05,05,2018,7,18,6P,26,Multnomah,245,Portland SE,57,PORTLAND UA,16,U MN-ART,0,NA,NA,NA,NA,NA,NA,NA,NA,NA,NA,45,28,33.61,-122,32,59.34,45.476002777777666,-122.54981666666633,NA,NA,NA,NA,00824,SE FOSTER RD,NA,05111,SE 111TH AVE,NA,1,85,7,NA,NA,2,ALLEY,0,NA,NA,0,0,0,4,NA,0,NONE,08,B,ANGL-OTH,6,TURN,4,INJ,1,CLR,1,DRY,1,DAY,099,UNKNOWN,1,5,NO RPT,NA,NA,NA,NA,NA,NA,02,NO-YIELD,NA,NA,NA,NA,NA,NA,0,0,0,0,0,9,"Over 200,000",1,PORTLAND CITY STREET,NA,NA,NA,1,02C,58_128417,NA,0,10/30/19 17:21:04,2,0,0,0,1,1,0,1,0,0,0,0,0,0,0,0,0,0,0,2,2,1,0,1,0,0,0,0,0,0,0,N
1784568,04610,06/01/18 00:00:00,06,01,2018,6,07,7A,26,Multnomah,245,Portland SE,57,PORTLAND UA,11,U INTRST,1,064,NA,EAST PORTLAND FREEWAY,1,0,MN,0,R,NA,006400100S00,45,28,15.63,-122,33,54.7,45.47100833333267,-122.565194444444,NA,NA,NA,NA,00745,EAST PORTLAND FY,NA,09710,NB EX WOODSTOCK C1,NA,1,NA,5,17.2999992,55,3,STRGHT,0,NA,NA,0,0,0,6,NA,2,DIVMD,04,E,S-1STOP,3,REAR,4,INJ,1,CLR,1,DRY,1,DAY,099,UNKNOWN,1,0,NONE,NA,NA,NA,NA,NA,NA,29,F AVOID,NA,NA,NA,NA,NA,NA,0,0,0,0,0,9,"Over 200,000",2,PORTLAND HWY SYSTEM,IS,205,I-205,1,02B,293_5703,NA,0,10/30/19 17:21:04,2,0,0,0,1,1,0,1,0,0,0,0,0,0,0,0,0,0,0,2,2,1,0,1,0,0,0,0,0,0,0,N
1784578,04616,06/02/18 00:00:00,06,02,2018,7,10,10A,26,Multnomah,245,Portland SE,57,PORTLAND UA,14,U PR-ART,1,026,NA,MT. HOOD,1,0,MN,0,R,NA,002600100S00,45,29,50.7,-122,35,5.36,45.49741666666633,-122.58482222222133,NA,NA,NA,NA,01940,SE POWELL BLVD,NA,05076,SE 76TH AVE,NA,1,NA,7,4.73999977,35,1,INTER,0,1,CROSS,0,0,0,NA,0,NA,NA,05,E,S-1STOP,3,REAR,4,INJ,1,CLR,1,DRY,1,DAY,099,UNKNOWN,1,0,NONE,013,FORCED,NA,NA,NA,NA,29,F AVOID,NA,NA,NA,NA,NA,NA,0,0,0,0,0,9,"Over 200,000",2,PORTLAND HWY SYSTEM,US,26,US 26,1,02B,293_20038,NA,0,10/30/19 17:21:04,3,0,0,0,2,2,0,2,0,0,0,0,0,0,0,0,0,0,0,4,4,2,0,2,0,0,0,0,0,0,1,N
1784597,03783,05/05/18 00:00:00,05,05,2018,7,09,9A,26,Multnomah,245,Portland SE,57,PORTLAND UA,14,U PR-ART,1,026,NA,MT. HOOD,1,0,MN,0,R,NA,002600100S00,45,29,50.78,-122,35,20.82,45.49743888888833,-122.58911666666633,NA,NA,NA,NA,01940,SE POWELL BLVD,NA,05072,SE 72ND AVE,NA,1,NA,9,4.53999996,35,1,INTER,0,3,3-LEG,0,0,0,NA,0,NA,NA,04,B,ANGL-OTH,6,TURN,4,INJ,1,CLR,1,DRY,1,DAY,001,TRF SIGNAL,1,0,NONE,NA,NA,NA,NA,NA,NA,04,DIS SIG,NA,NA,NA,NA,NA,NA,0,0,0,0,0,9,"Over 200,000",2,PORTLAND HWY SYSTEM,US,26,US 26,1,02B,293_19988,NA,0,10/30/19 17:21:04,2,0,0,0,1,1,0,1,0,0,0,0,0,0,0,0,0,0,0,2,2,0,0,2,0,0,0,0,0,0,0,N
1784607,03788,05/06/18 00:00:00,05,06,2018,1,22,10P,26,Multnomah,245,Portland SE,57,PORTLAND UA,17,U MJ-COL,0,NA,NA,NA,NA,NA,NA,NA,NA,NA,NA,45,30,16.19,-122,34,11.44,45.504497222222,-122.56984444444366,NA,NA,NA,NA,00614,SE DIVISION ST,NA,05090,SE 90TH AVE,NA,1,155,3,NA,NA,2,ALLEY,0,NA,NA,0,0,0,4,NA,0,NONE,08,B,ANGL-OTH,6,TURN,4,INJ,1,CLR,1,DRY,2,DLIT,099,UNKNOWN,1,5,NO RPT,NA,NA,NA,NA,NA,NA,02,NO-YIELD,NA,NA,NA,NA,NA,NA,0,0,0,0,0,9,"Over 200,000",1,PORTLAND CITY STREET,NA,NA,NA,1,02B,58_140790,NA,0,10/30/19 17:21:04,2,0,0,2,0,2,0,0,0,0,0,0,0,0,0,0,0,0,0,2,2,2,0,0,0,0,0,0,0,0,0,N
1784609,03789,05/06/18 00:00:00,05,06,2018,1,15,3P,26,Multnomah,245,Portland SE,57,PORTLAND UA,17,U MJ-COL,0,NA,NA,NA,NA,NA,NA,NA,NA,NA,NA,45,28,26.8,-122,38,55.6,45.474111111110666,-122.64877777777733,NA,NA,NA,NA,01567,SE MILWAUKIE AVE,NA,00290,SE BYBEE BLVD,NA,1,120,1,NA,NA,3,STRGHT,0,NA,NA,0,0,0,2,NA,0,NONE,08,2,PRKD MV,4,SS-M,4,INJ,1,CLR,1,DRY,1,DAY,099,UNKNOWN,1,0,NONE,024,V DOOR OPN,NA,NA,NA,NA,12,OTHER,NA,NA,NA,NA,NA,NA,0,0,0,0,0,9,"Over 200,000",1,PORTLAND CITY STREET,NA,NA,NA,1,02B,58_128465,NA,0,10/30/19 17:21:04,2,0,0,0,1,1,0,1,0,0,0,0,0,0,0,0,0,0,0,2,2,0,0,2,0,0,0,0,0,0,0,Y
1784642,03796,05/06/18 00:00:00,05,06,2018,1,12,12P,26,Multnomah,245,Portland SE,57,PORTLAND UA,16,U MN-ART,0,NA,NA,NA,NA,NA,NA,NA,NA,NA,NA,45,29,13.06,-122,35,25.07,45.48696111111033,-122.59029722222134,NA,NA,NA,NA,00824,SE FOSTER RD,NA,05071,SE 71ST AVE,NA,1,0,8,NA,NA,1,INTER,0,1,CROSS,0,0,0,NA,0,NA,NA,06,E,S-1STOP,3,REAR,4,INJ,1,CLR,1,DRY,1,DAY,099,UNKNOWN,1,0,NONE,004,INDRCT PED,NA,NA,NA,NA,29,F AVOID,NA,NA,NA,NA,NA,NA,0,0,0,0,0,9,"Over 200,000",1,PORTLAND CITY STREET,NA,NA,NA,1,02B,58_125246,NA,0,10/30/19 17:21:04,2,0,0,1,2,3,0,2,0,0,0,0,0,0,0,0,0,0,0,5,5,5,0,0,0,0,0,0,0,0,0,N
1784664,04627,06/02/18 00:00:00,06,02,2018,7,14,2P,26,Multnomah,245,Portland SE,57,PORTLAND UA,11,U INTRST,1,064,NA,EAST PORTLAND FREEWAY,2,0,MN,0,R,NA,006400200S00,45,29,25.46,-122,33,57.59,45.490405555555334,-122.565997222222,NA,NA,NA,NA,00745,EAST PORTLAND FY,NA,09715,SB EF POWELL BVD C1,NA,1,NA,5,18.6399994,55,3,STRGHT,0,NA,NA,0,0,0,6,NA,2,DIVMD,04,E,S-1STOP,3,REAR,4,INJ,1,CLR,1,DRY,1,DAY,099,UNKNOWN,1,0,NONE,013,FORCED,NA,NA,NA,NA,01,TOO-FAST,NA,NA,NA,NA,NA,NA,0,0,0,1,0,9,"Over 200,000",2,PORTLAND HWY SYSTEM,IS,205,I-205,1,02B,293_10081,NA,0,10/30/19 17:21:04,4,0,0,0,2,2,0,2,0,0,0,0,0,0,0,0,0,0,0,4,4,3,0,1,0,0,0,0,0,0,0,N
1784668,04631,06/02/18 00:00:00,06,02,2018,7,17,5P,26,Multnomah,245,Portland SE,57,PORTLAND UA,14,U PR-ART,1,NA,NA,NA,NA,NA,NA,NA,NA,NA,NA,45,30,16.47,-122,29,41.88,45.504575,-122.49496666666633,NA,NA,NA,NA,00614,SE DIVISION ST,NA,05164,SE 164TH AVE,NA,1,0,9,NA,NA,1,INTER,0,3,3-LEG,0,0,0,NA,0,NA,NA,02,B,ANGL-OTH,1,ANGL,4,INJ,1,CLR,1,DRY,1,DAY,004,STOP SIGN,1,5,NO RPT,NA,NA,NA,NA,NA,NA,02,NO-YIELD,NA,NA,NA,NA,NA,NA,0,0,0,0,0,9,"Over 200,000",1,PORTLAND CITY STREET,NA,NA,NA,1,02B,58_120302,NA,0,10/30/19 17:21:04,2,0,0,0,2,2,0,2,0,0,0,0,0,0,0,0,0,0,0,4,4,2,0,2,0,0,0,0,0,0,1,N
1784685,04640,06/02/18 00:00:00,06,02,2018,7,12,12P,26,Multnomah,245,Portland SE,57,PORTLAND UA,17,U MJ-COL,0,NA,NA,NA,NA,NA,NA,NA,NA,NA,NA,45,29,24.03,-122,34,2.57,45.490008333333336,-122.56738055555466,NA,NA,NA,NA,01055,SE HOLGATE BLVD,NA,05092,SE 92ND AVE,NA,1,288,3,NA,NA,3,STRGHT,0,NA,NA,0,0,0,7,NA,0,NONE,06,E,S-1STOP,3,REAR,4,INJ,1,CLR,1,DRY,1,DAY,008,WARNING,1,0,NONE,NA,NA,NA,NA,NA,NA,29,F AVOID,NA,NA,NA,NA,NA,NA,0,0,0,0,0,9,"Over 200,000",1,PORTLAND CITY STREET,NA,NA,NA,1,02B,58_184562,NA,0,10/30/19 17:21:04,2,0,0,0,3,3,0,1,0,0,0,0,0,0,0,0,0,0,0,4,4,4,0,0,0,0,0,0,0,0,0,N
1784695,03805,05/02/18 00:00:00,05,02,2018,4,23,11P,26,Multnomah,245,Portland SE,57,PORTLAND UA,16,U MN-ART,0,NA,NA,NA,NA,NA,NA,NA,NA,NA,NA,45,31,6.01,-122,33,37.11,45.51833611111066,-122.560308333333,NA,NA,NA,NA,02612,SE WASHINGTON ST,NA,05100,SE 100TH AVE,NA,1,0,7,NA,NA,1,INTER,0,3,3-LEG,0,0,0,NA,0,NA,NA,06,E,S-1STOP,3,REAR,4,INJ,1,CLR,1,DRY,2,DLIT,099,UNKNOWN,1,0,NONE,004,INDRCT PED,NA,NA,NA,NA,29,F AVOID,NA,NA,NA,NA,NA,NA,0,0,0,0,0,9,"Over 200,000",1,PORTLAND CITY STREET,NA,NA,NA,1,02B,58_115921,NA,0,10/30/19 17:21:04,2,0,0,0,2,2,0,1,0,0,0,0,0,0,0,0,0,0,0,3,3,1,0,2,0,0,0,0,0,0,0,N