CRASH_ID,SER_NO,CRASH_DT,CRASH_MO_NO,CRASH_DAY_NO,CRASH_YR_NO,CRASH_WK_DAY_CD,CRASH_HR_NO,CRASH_HR_SHORT_DESC,CNTY_ID,CNTY_NM,CITY_SECT_ID,CITY_SECT_NM,URB_AREA_CD,URB_AREA_SHORT_NM,FC_CD,FC_SHORT_DESC,NHS_FLG,HWY_NO,HWY_SFX_NO,HWY_MED_NM,RDWY_NO,HWY_COMPNT_CD,HWY_COMPNT_SHORT_DESC,MLGE_TYP_CD,MLGE_TYP_SHORT_DESC,RD_CON_NO,LRS_VAL,LAT_DEG_NO,LAT_MINUTE_NO,LAT_SEC_NO,LONGTD_DEG_NO,LONGTD_MINUTE_NO,LONGTD_SEC_NO,LAT_DD,LONGTD_DD,SPECL_JRSDCT_ID,SPECL_JRSDCT_SHORT_DESC,JRSDCT_GRP_CD,JRSDCT_GRP_LONG_DESC,AGY_ST_NO,ST_FULL_NM,RECRE_RD_NM,ISECT_AGY_ST_NO,ISECT_ST_FULL_NM,ISECT_RECRE_RD_NM,ISECT_SEQ_NO,FROM_ISECT_DSTNC_QTY,CMPSS_DIR_CD,MP_NO,POST_SPEED_LMT_VAL,RD_CHAR_CD,RD_CHAR_SHORT_DESC,OFF_RDWY_FLG,ISECT_TYP_CD,ISECT_TYP_SHORT_DESC,ISECT_REL_FLG,RNDABT_FLG,DRVWY_REL_FLG,LN_QTY,TURNG_LEG_QTY,MEDN_TYP_CD,MEDN_TYP_SHORT_DESC,IMPCT_LOC_CD,CRASH_TYP_CD,CRASH_TYP_SHORT_DESC,COLLIS_TYP_CD,COLLIS_TYP_SHORT_DESC,CRASH_SVRTY_CD,CRASH_SVRTY_SHORT_DESC,WTHR_COND_CD,WTHR_COND_SHORT_DESC,RD_SURF_COND_CD,RD_SURF_SHORT_DESC,LGT_COND_CD,LGT_COND_SHORT_DESC,TRAF_CNTL_DEVICE_CD,TRAF_CNTL_DEVICE_SHORT_DESC,TRAF_CNTL_FUNC_FLG,INVSTG_AGY_CD,INVSTG_AGY_SHORT_DESC,CRASH_EVNT_1_CD,CRASH_EVNT_1_SHORT_DESC,CRASH_EVNT_2_CD,CRASH_EVNT_2_SHORT_DESC,CRASH_EVNT_3_CD,CRASH_EVNT_3_SHORT_DESC,CRASH_CAUSE_1_CD,CRASH_CAUSE_1_SHORT_DESC,CRASH_CAUSE_2_CD,CRASH_CAUSE_2_SHORT_DESC,CRASH_CAUSE_3_CD,CRASH_CAUSE_3_SHORT_DESC,SCHL_ZONE_IND,WRK_ZONE_IND,ALCHL_INVLV_FLG,DRUG_INVLV_FLG,MJ_INVLV_FLG,CRASH_SPEED_INVLV_FLG,CRASH_HIT_RUN_FLG,POP_RNG_CD,POP_RNG_MED_DESC,RD_CNTL_CD,RD_CNTL_MED_DESC,RTE_TYP_CD,RTE_ID,RTE_NM,REG_ID,DIST_ID,SEG_MRK_ID,SEG_PT_LRS_MEAS,UNLOCT_FLG,CRASH_LAST_UD_DT,TOT_VHCL_CNT,TOT_FATAL_CNT,TOT_INJ_LVL_A_CNT,TOT_INJ_LVL_B_CNT,TOT_INJ_LVL_C_CNT,TOT_INJ_CNT,TOT_UNINJD_AGE00_04_CNT,TOT_UNINJD_PER_CNT,TOT_PED_CNT,TOT_PED_FATAL_CNT,TOT_PED_INJ_LVL_A_CNT,TOT_PED_INJ_CNT,TOT_PEDCYCL_CNT,TOT_PEDCYCL_FATAL_CNT,TOT_PEDCYCL_INJ_LVL_A_CNT,TOT_PEDCYCL_INJ_CNT,TOT_UNKNWN_CNT,TOT_UNKNWN_FATAL_CNT,TOT_UNKNWN_INJ_CNT,TOT_OCCUP_CNT,TOT_PER_INVLV_CNT,TOT_SFTY_EQUIP_USED_QTY,TOT_SFTY_EQUIP_UNUSED_QTY,TOT_SFTY_EQUIP_USE_UNKNWN_QTY,TOT_PSNGR_VHCL_OCC_UNRESTRND_FATAL_CNT,TOT_MCYCLST_FATAL_CNT,TOT_MCYCLST_INJ_LVL_A_CNT,TOT_MCYCLST_INJ_CNT,TOT_MCYCLST_UNHELMTD_FATAL_CNT,TOT_ALCHL_IMPAIRED_DRVR_INV_FATAL_CNT,TOT_DRVR_AGE_01_20_CNT,LANE_RDWY_DPRT_CRASH_FLG
1785622,03999,05/12/18 00:00:00,05,12,2018,7,13,1P,26,Multnomah,245,Portland SE,57,PORTLAND UA,11,U INTRST,1,064,NA,EAST PORTLAND FREEWAY,1,0,MN,0,R,NA,006400100S00,45,28,30.17,-122,33,55.41,45.47504722222167,-122.565391666666,NA,NA,NA,NA,00745,EAST PORTLAND FY,NA,09710,NB EX WOODSTOCK C1,NA,1,NA,1,17.5799999,55,3,STRGHT,0,NA,NA,0,0,0,6,NA,2,DIVMD,03,E,S-1STOP,3,REAR,4,INJ,1,CLR,1,DRY,1,DAY,017,MEDIAN BAR,1,3,CITY,NA,NA,NA,NA,NA,NA,29,F AVOID,NA,NA,NA,NA,NA,NA,0,0,0,0,1,9,"Over 200,000",2,PORTLAND HWY SYSTEM,IS,205,I-205,1,02B,293_5705,NA,0,10/30/19 17:21:04,2,0,0,0,2,2,1,2,0,0,0,0,0,0,0,0,0,0,0,4,4,3,0,1,0,0,0,0,0,0,0,N
1785626,04000,05/12/18 00:00:00,05,12,2018,7,13,1P,26,Multnomah,245,Portland SE,57,PORTLAND UA,16,U MN-ART,0,NA,NA,NA,NA,NA,NA,NA,NA,NA,NA,45,29,56.79,-122,32,15.56,45.49910833333333,-122.53765555555533,NA,NA,NA,NA,01305,SE KELLY ST,NA,05122,SE 122ND AVE,NA,1,0,9,NA,35,1,INTER,0,4,4-LEG,0,0,0,NA,0,NA,NA,02,B,ANGL-OTH,6,TURN,4,INJ,1,CLR,1,DRY,1,DAY,004,STOP SIGN,1,3,CITY,087,FIRE/EXP,082,VEH HID,NA,NA,02,NO-YIELD,03,PAS-STOP,NA,NA,NA,NA,0,0,0,0,0,9,"Over 200,000",1,PORTLAND CITY STREET,NA,NA,NA,1,02B,58_121811,NA,0,10/30/19 17:21:04,2,0,0,2,3,5,0,2,0,0,0,0,0,0,0,0,0,0,0,7,7,6,1,0,0,0,0,0,0,0,0,N
1785627,04001,05/12/18 00:00:00,05,12,2018,7,00,12A,26,Multnomah,245,Portland SE,57,PORTLAND UA,16,U MN-ART,0,NA,NA,NA,NA,NA,NA,NA,NA,NA,NA,45,29,24.29,-122,32,15.72,45.49008055555533,-122.53769999999933,NA,NA,NA,NA,01055,SE HOLGATE BLVD,NA,05122,SE 122ND AVE,NA,1,140,1,NA,35,3,STRGHT,0,NA,NA,0,0,1,4,NA,0,NONE,08,B,ANGL-OTH,6,TURN,4,INJ,2,CLD,1,DRY,2,DLIT,099,UNKNOWN,1,3,CITY,NA,NA,NA,NA,NA,NA,02,NO-YIELD,NA,NA,NA,NA,0,0,0,0,0,0,1,9,"Over 200,000",1,PORTLAND CITY STREET,NA,NA,NA,1,02C,58_182914,NA,0,10/30/19 17:21:04,2,0,0,0,2,2,0,1,0,0,0,0,0,0,0,0,0,0,0,3,3,2,0,1,0,0,0,0,0,0,0,N
1785632,04004,05/12/18 00:00:00,05,12,2018,7,20,8P,26,Multnomah,245,Portland SE,57,PORTLAND UA,16,U MN-ART,0,NA,NA,NA,NA,NA,NA,NA,NA,NA,NA,45,31,8.97,-122,29,54.96,45.51915833333267,-122.49859999999933,NA,NA,NA,NA,02259,SE STARK ST,NA,05160,SE 160TH AVE,NA,1,100,3,NA,NA,3,STRGHT,0,NA,NA,0,0,0,4,NA,0,NONE,07,E,S-1STOP,3,REAR,4,INJ,1,CLR,1,DRY,2,DLIT,099,UNKNOWN,1,3,CITY,004,INDRCT PED,NA,NA,NA,NA,29,F AVOID,NA,NA,NA,NA,0,0,0,0,0,0,1,9,"Over 200,000",1,PORTLAND CITY STREET,NA,NA,NA,1,02B,58_500721,NA,0,10/30/19 17:21:04,2,0,0,0,4,4,0,1,0,0,0,0,0,0,0,0,0,0,0,5,5,0,0,5,0,0,0,0,0,0,0,N
1785643,04012,05/12/18 00:00:00,05,12,2018,7,20,8P,26,Multnomah,245,Portland SE,57,PORTLAND UA,14,U PR-ART,1,068,NA,CASCADE HWY NORTH,1,0,MN,0,R,NA,006800100S00,45,30,1.27,-122,34,43.3,45.500352777777,-122.57869444444367,NA,NA,NA,NA,05082,SE 82ND AVE,NA,00268,SE BROOKLYN ST,NA,1,NA,5,4.5500001900000004,35,3,STRGHT,0,NA,NA,0,0,1,5,NA,0,NONE,04,H,O-1 L-TURN,6,TURN,4,INJ,1,CLR,1,DRY,2,DLIT,099,UNKNOWN,1,5,NO RPT,NA,NA,NA,NA,NA,NA,02,NO-YIELD,NA,NA,NA,NA,NA,NA,0,0,0,0,0,9,"Over 200,000",2,PORTLAND HWY SYSTEM,OR,213,OR 213,1,02B,293_21403,NA,0,10/30/19 17:21:04,2,0,0,0,1,1,0,1,0,0,0,0,0,0,0,0,0,0,0,2,2,1,0,1,0,0,0,1,0,0,0,N
1785645,04018,05/12/18 00:00:00,05,12,2018,7,14,2P,26,Multnomah,245,Portland SE,57,PORTLAND UA,14,U PR-ART,1,068,NA,CASCADE HWY NORTH,1,0,MN,0,R,NA,006800100S00,45,28,7.17,-122,34,44.52,45.46865833333267,-122.57903333333266,NA,NA,NA,NA,00817,SE FLAVEL ST,NA,05082,SE 82ND AVE,NA,1,NA,1,6.73000002,35,1,INTER,0,1,CROSS,0,0,0,NA,0,NA,NA,06,E,S-1STOP,3,REAR,4,INJ,1,CLR,1,DRY,1,DAY,001,TRF SIGNAL,1,5,NO RPT,013,FORCED,NA,NA,NA,NA,29,F AVOID,NA,NA,NA,NA,NA,NA,0,0,0,0,0,9,"Over 200,000",2,PORTLAND HWY SYSTEM,OR,213,OR 213,1,02B,293_19730,NA,0,10/30/19 17:21:04,3,0,0,1,0,1,0,4,0,0,0,0,0,0,0,0,0,0,0,5,5,5,0,0,0,0,0,0,0,0,1,N
1785670,04023,05/13/18 00:00:00,05,13,2018,1,17,5P,26,Multnomah,245,Portland SE,57,PORTLAND UA,16,U MN-ART,0,NA,NA,NA,NA,NA,NA,NA,NA,NA,NA,45,31,9.68,-122,39,27.87,45.51935555555467,-122.657741666666,NA,NA,NA,NA,02210,SE SANDY BLVD,NA,02259,SE STARK ST,NA,1,0,9,NA,NA,1,INTER,0,6,6-LEG,0,0,0,NA,0,NA,NA,01,H,O-1 L-TURN,6,TURN,4,INJ,1,CLR,1,DRY,1,DAY,001,TRF SIGNAL,1,0,NONE,001,FEL/JUMP,NA,NA,NA,NA,02,NO-YIELD,NA,NA,NA,NA,NA,NA,0,0,0,0,0,9,"Over 200,000",1,PORTLAND CITY STREET,NA,NA,NA,1,02B,58_115160,NA,0,10/30/19 17:21:04,2,0,0,0,1,1,0,2,0,0,0,0,0,0,0,0,0,0,0,3,3,3,0,0,0,0,0,1,0,0,0,N
1785694,04027,05/13/18 00:00:00,05,13,2018,1,11,11A,26,Multnomah,245,Portland SE,57,PORTLAND UA,16,U MN-ART,0,NA,NA,NA,NA,NA,NA,NA,NA,NA,NA,45,28,52.43,-122,34,23.81,45.48123055555467,-122.57328055555466,NA,NA,NA,NA,00824,SE FOSTER RD,NA,05087,SE 87TH AVE,NA,1,0,9,NA,NA,1,INTER,0,1,CROSS,0,0,0,NA,0,NA,NA,03,B,ANGL-OTH,1,ANGL,4,INJ,1,CLR,1,DRY,1,DAY,001,TRF SIGNAL,1,5,NO RPT,NA,NA,NA,NA,NA,NA,02,NO-YIELD,NA,NA,NA,NA,NA,NA,0,0,0,0,0,9,"Over 200,000",1,PORTLAND CITY STREET,NA,NA,NA,1,02B,58_126818,NA,0,10/30/19 17:21:04,2,0,0,0,2,2,0,1,0,0,0,0,0,0,0,0,0,0,0,3,3,2,0,1,0,0,0,0,0,0,0,N
1785701,04792,06/01/18 00:00:00,06,01,2018,6,20,8P,26,Multnomah,245,Portland SE,57,PORTLAND UA,11,U INTRST,0,064,NA,EAST PORTLAND FREEWAY,1,6,CN,0,R,4,0064BN100S00,45,28,45.66,-122,34,0.56,45.47934999999967,-122.56682222222166,NA,NA,NA,NA,00824,SE FOSTER RD,NA,05094,SE 94TH AVE,NA,1,NA,9,17.9099998,55,1,INTER,0,1,CROSS,0,0,0,NA,0,NA,NA,03,B,ANGL-OTH,6,TURN,4,INJ,1,CLR,1,DRY,1,DAY,001,TRF SIGNAL,1,3,CITY,NA,NA,NA,NA,NA,NA,02,NO-YIELD,NA,NA,NA,NA,0,0,0,0,0,0,0,9,"Over 200,000",2,PORTLAND HWY SYSTEM,IS,205,I-205,1,02B,293_6093,NA,0,10/30/19 17:21:04,2,0,0,0,1,1,0,1,0,0,0,0,0,0,0,0,0,0,0,2,2,2,0,0,0,0,0,0,0,0,1,N
1785708,04793,06/02/18 00:00:00,06,02,2018,7,19,7P,26,Multnomah,245,Portland SE,57,PORTLAND UA,14,U PR-ART,1,068,NA,CASCADE HWY NORTH,1,0,MN,0,R,NA,006800100S00,45,30,17.36,-122,34,43.25,45.504822222222,-122.57868055555467,NA,NA,NA,NA,00614,SE DIVISION ST,NA,05082,SE 82ND AVE,NA,1,NA,1,4.23999977,35,1,INTER,0,1,CROSS,0,0,0,NA,0,NA,NA,06,E,S-1STOP,3,REAR,4,INJ,1,CLR,1,DRY,1,DAY,001,TRF SIGNAL,1,3,CITY,040,CURB,058,OTH SIGN,NA,NA,01,TOO-FAST,NA,NA,NA,NA,0,0,0,0,0,1,0,9,"Over 200,000",2,PORTLAND HWY SYSTEM,OR,213,OR 213,1,02B,293_21402,NA,0,10/30/19 17:21:04,2,0,1,0,0,1,0,1,0,0,0,0,0,0,0,0,0,0,0,2,2,2,0,0,0,0,1,1,0,0,0,N
1785713,04797,06/08/18 00:00:00,06,08,2018,6,17,5P,26,Multnomah,245,Portland SE,57,PORTLAND UA,19,U LOCAL,0,NA,NA,NA,NA,NA,NA,NA,NA,NA,NA,45,30,38.85,-122,38,1.49,45.510791666666,-122.63374722222133,NA,NA,NA,NA,01528,SE MARKET ST,NA,05031,SE 31ST AVE,NA,1,0,9,NA,NA,1,INTER,0,1,CROSS,0,0,0,NA,0,NA,NA,01,B,ANGL-OTH,1,ANGL,4,INJ,3,RAIN,2,WET,1,DAY,004,STOP SIGN,1,0,NONE,NA,NA,NA,NA,NA,NA,03,PAS-STOP,01,TOO-FAST,NA,NA,NA,NA,0,0,0,1,0,9,"Over 200,000",1,PORTLAND CITY STREET,NA,NA,NA,1,02B,58_117881,NA,0,10/30/19 17:21:04,2,0,0,0,1,1,0,2,0,0,0,0,0,0,0,0,0,0,0,3,3,3,0,0,0,0,0,0,0,0,0,N
1785741,04801,06/08/18 00:00:00,06,08,2018,6,19,7P,26,Multnomah,245,Portland SE,57,PORTLAND UA,17,U MJ-COL,0,NA,NA,NA,NA,NA,NA,NA,NA,NA,NA,45,29,50.59,-122,31,24.76,45.49738611111033,-122.52354444444367,NA,NA,NA,NA,02158,SE RHINE ST,NA,05136,SE 136TH AVE,NA,1,0,1,NA,NA,1,INTER,0,3,3-LEG,0,0,0,NA,0,NA,NA,05,E,S-1STOP,3,REAR,4,INJ,3,RAIN,2,WET,1,DAY,099,UNKNOWN,1,0,NONE,NA,NA,NA,NA,NA,NA,01,TOO-FAST,NA,NA,NA,NA,NA,NA,0,0,0,1,0,9,"Over 200,000",1,PORTLAND CITY STREET,NA,NA,NA,1,02B,58_122966,NA,0,10/30/19 17:21:04,2,0,0,1,1,2,0,1,0,0,0,0,0,0,0,0,0,0,0,3,3,2,0,1,0,0,0,0,0,0,0,N
1785746,04802,06/08/18 00:00:00,06,08,2018,6,13,1P,26,Multnomah,245,Portland SE,57,PORTLAND UA,14,U PR-ART,1,026,NA,MT. HOOD,1,0,MN,0,R,NA,002600100S00,45,29,44.89,-122,33,27.56,45.495802777777335,-122.557655555555,NA,NA,NA,NA,01940,SE POWELL BLVD,NA,05102,SE 102ND AVE,NA,1,NA,3,6.23000002,35,3,STRGHT,0,NA,NA,0,0,0,2,NA,0,NONE,04,E,S-1STOP,3,REAR,4,INJ,1,CLR,1,DRY,1,DAY,099,UNKNOWN,1,0,NONE,NA,NA,NA,NA,NA,NA,29,F AVOID,NA,NA,NA,NA,NA,NA,0,0,0,0,0,9,"Over 200,000",2,PORTLAND HWY SYSTEM,US,26,US 26,1,02B,293_2424,NA,0,10/30/19 17:21:04,2,0,0,0,2,2,0,2,0,0,0,0,0,0,0,0,0,0,0,4,4,0,0,4,0,0,0,0,0,0,0,N
1785768,04806,06/08/18 00:00:00,06,08,2018,6,12,12P,26,Multnomah,245,Portland SE,57,PORTLAND UA,11,U INTRST,1,064,NA,EAST PORTLAND FREEWAY,2,0,MN,0,R,NA,006400200S00,45,29,45.18,-122,33,56.08,45.49588333333333,-122.565577777777,NA,NA,NA,NA,00745,EAST PORTLAND FY,NA,09715,SB EF POWELL BVD C1,NA,1,NA,1,19.0100002,55,3,STRGHT,0,NA,NA,0,0,0,6,NA,2,DIVMD,05,E,S-1STOP,3,REAR,4,INJ,1,CLR,1,DRY,1,DAY,099,UNKNOWN,1,0,NONE,013,FORCED,NA,NA,NA,NA,01,TOO-FAST,NA,NA,NA,NA,NA,NA,0,0,0,1,0,9,"Over 200,000",2,PORTLAND HWY SYSTEM,IS,205,I-205,1,02B,293_5864,NA,0,10/30/19 17:21:04,3,0,0,1,0,1,0,2,0,0,0,0,0,0,0,0,0,0,0,3,3,2,0,1,0,0,0,0,0,0,0,N
1785788,04808,06/08/18 00:00:00,06,08,2018,6,15,3P,26,Multnomah,245,Portland SE,57,PORTLAND UA,14,U PR-ART,1,NA,NA,NA,NA,NA,NA,NA,NA,NA,NA,45,30,16.53,-122,29,4.83,45.504591666666,-122.48467499999933,NA,NA,NA,NA,00614,SE DIVISION ST,NA,05174,SE 174TH AVE,NA,1,0,3,NA,NA,1,INTER,0,1,CROSS,0,0,0,NA,0,NA,NA,06,E,S-1STOP,3,REAR,4,INJ,1,CLR,1,DRY,1,DAY,001,TRF SIGNAL,1,0,NONE,NA,NA,NA,NA,NA,NA,07,TOO-CLOS,NA,NA,NA,NA,NA,NA,0,0,0,0,0,9,"Over 200,000",1,PORTLAND CITY STREET,NA,NA,NA,1,02B,58_197775,NA,0,10/30/19 17:21:04,2,0,0,0,1,1,0,1,0,0,0,0,0,0,0,0,0,0,0,2,2,2,0,0,0,0,0,0,0,0,0,N
1785796,04810,06/08/18 00:00:00,06,08,2018,6,04,4A,26,Multnomah,245,Portland SE,57,PORTLAND UA,19,U LOCAL,0,NA,NA,NA,NA,NA,NA,NA,NA,NA,NA,45,28,54.77,-122,33,34.72,45.48188055555467,-122.559644444444,NA,NA,NA,NA,00710,SE ELLIS ST,NA,05101,SE 101ST AVE,NA,1,0,9,NA,NA,1,INTER,0,1,CROSS,0,0,0,NA,0,NA,NA,04,B,ANGL-OTH,1,ANGL,4,INJ,4,SLT,4,ICE,4,DAWN,004,STOP SIGN,1,3,CITY,091,BUILDING,NA,NA,NA,NA,03,PAS-STOP,NA,NA,NA,NA,0,0,0,0,0,0,1,9,"Over 200,000",1,PORTLAND CITY STREET,NA,NA,NA,1,02B,58_126692,NA,0,10/30/19 17:21:04,2,0,0,1,0,1,0,1,0,0,0,0,0,0,0,0,0,0,0,2,2,1,0,1,0,0,0,0,0,0,1,N
1785827,04814,06/08/18 00:00:00,06,08,2018,6,07,7A,26,Multnomah,245,Portland SE,57,PORTLAND UA,11,U INTRST,1,001,NA,PACIFIC,1,0,MN,0,R,NA,000100100S00,45,31,16.65,-122,39,56.78,45.52129166666667,-122.665772222222,NA,NA,NA,NA,00302,PACIFIC HY I-5,NA,09439,SB ENFR BANFIELD C2,NA,1,NA,1,301.350006,50,1,INTER,0,3,3-LEG,0,0,0,NA,0,NA,NA,05,E,S-1STOP,3,REAR,4,INJ,0,UNK,0,UNK,1,DAY,099,UNKNOWN,1,5,NO RPT,013,FORCED,NA,NA,NA,NA,07,TOO-CLOS,NA,NA,NA,NA,NA,NA,0,0,0,0,0,9,"Over 200,000",2,PORTLAND HWY SYSTEM,IS,5,I-5,1,02B,293_2853,NA,0,10/30/19 17:21:04,4,0,0,0,1,1,0,3,0,0,0,0,0,0,0,0,0,0,0,4,4,0,0,4,0,0,0,0,0,0,0,N
1785846,04820,06/08/18 00:00:00,06,08,2018,6,16,4P,26,Multnomah,245,Portland SE,57,PORTLAND UA,11,U INTRST,1,001,NA,PACIFIC,2,0,MN,0,R,NA,000100200S00,45,30,59.19,-122,40,1.74,45.516441666666,-122.66714999999967,NA,NA,NA,NA,00302,PACIFIC HY I-5,NA,09452,SB EX MARQUAM BR,NA,1,NA,1,301.040009,50,3,STRGHT,0,NA,NA,0,0,0,6,NA,2,DIVMD,03,C,S-STRGHT,3,REAR,4,INJ,1,CLR,1,DRY,1,DAY,099,UNKNOWN,1,0,NONE,NA,NA,NA,NA,NA,NA,07,TOO-CLOS,NA,NA,NA,NA,NA,NA,0,0,0,0,0,9,"Over 200,000",2,PORTLAND HWY SYSTEM,IS,5,I-5,1,02B,293_3026,NA,0,10/30/19 17:21:04,2,0,0,0,1,1,0,1,0,0,0,0,0,0,0,0,0,0,0,2,2,1,0,1,0,0,0,0,0,0,0,N
1785855,04827,06/08/18 00:00:00,06,08,2018,6,18,6P,26,Multnomah,245,Portland SE,57,PORTLAND UA,17,U MJ-COL,0,NA,NA,NA,NA,NA,NA,NA,NA,NA,NA,45,29,34.89,-122,39,8.52,45.493024999999335,-122.652366666666,NA,NA,NA,NA,00248,SE BOISE ST,NA,01567,SE MILWAUKIE AVE,NA,1,0,1,NA,NA,1,INTER,0,3,3-LEG,0,0,0,NA,0,NA,NA,05,C,S-STRGHT,3,REAR,4,INJ,1,CLR,1,DRY,1,DAY,099,UNKNOWN,1,5,NO RPT,013,FORCED,NA,NA,NA,NA,29,F AVOID,NA,NA,NA,NA,NA,NA,0,0,0,0,0,9,"Over 200,000",1,PORTLAND CITY STREET,NA,NA,NA,1,02B,58_123126,NA,0,10/30/19 17:21:04,3,0,0,0,1,1,0,0,0,0,0,0,0,0,0,0,0,0,0,1,1,0,0,1,0,0,0,0,0,0,0,N
1785860,04830,06/08/18 00:00:00,06,08,2018,6,23,11P,26,Multnomah,245,Portland SE,57,PORTLAND UA,14,U PR-ART,1,026,NA,MT. HOOD,1,0,MN,0,R,NA,002600100S00,45,29,50.86,-122,31,38.89,45.49746111111033,-122.52746944444367,NA,NA,NA,NA,01940,SE POWELL BLVD,NA,05132,SE 132ND AVE,NA,1,NA,9,7.6999998099999996,35,1,INTER,0,3,3-LEG,0,0,0,NA,0,NA,NA,02,D,S-1TURN,3,REAR,4,INJ,3,RAIN,2,WET,2,DLIT,099,UNKNOWN,1,0,NONE,NA,NA,NA,NA,NA,NA,29,F AVOID,NA,NA,NA,NA,NA,NA,0,0,0,0,0,9,"Over 200,000",2,PORTLAND HWY SYSTEM,US,26,US 26,1,02B,293_20867,NA,0,10/30/19 17:21:04,2,0,0,0,1,1,0,1,0,0,0,0,0,0,0,0,0,0,0,2,2,1,0,1,0,0,0,0,0,0,0,N
1785881,04030,05/13/18 00:00:00,05,13,2018,1,00,12A,26,Multnomah,245,Portland SE,57,PORTLAND UA,14,U PR-ART,1,068,NA,CASCADE HWY NORTH,1,0,MN,0,R,NA,006800100S00,45,29,24.94,-122,34,43.72,45.490261111110335,-122.57881111111067,NA,NA,NA,NA,01055,SE HOLGATE BLVD,NA,05082,SE 82ND AVE,NA,1,NA,1,5.23999977,35,1,INTER,0,1,CROSS,0,0,0,NA,0,NA,NA,06,E,S-1STOP,3,REAR,4,INJ,1,CLR,1,DRY,2,DLIT,001,TRF SIGNAL,1,5,NO RPT,NA,NA,NA,NA,NA,NA,29,F AVOID,NA,NA,NA,NA,NA,NA,0,0,0,0,0,9,"Over 200,000",2,PORTLAND HWY SYSTEM,OR,213,OR 213,1,02B,293_19728,NA,0,10/30/19 17:21:04,2,0,0,0,1,1,0,1,0,0,0,0,0,0,0,0,0,0,0,2,2,0,0,2,0,0,0,0,0,0,0,N
1785889,04799,06/08/18 00:00:00,06,08,2018,6,08,8A,26,Multnomah,245,Portland SE,57,PORTLAND UA,14,U PR-ART,1,NA,NA,NA,NA,NA,NA,NA,NA,NA,NA,45,30,13.63,-122,37,21.41,45.503786111111,-122.62261388888867,NA,NA,NA,NA,05039,SE 39TH AV/CESAR CHAVEZ,NA,01113,SE IVON ST,NA,1,99,5,NA,NA,3,STRGHT,0,NA,NA,0,0,0,4,NA,0,NONE,08,E,S-1STOP,3,REAR,4,INJ,1,CLR,1,DRY,1,DAY,099,UNKNOWN,1,0,NONE,NA,NA,NA,NA,NA,NA,29,F AVOID,NA,NA,NA,NA,NA,NA,0,0,0,0,0,9,"Over 200,000",1,PORTLAND CITY STREET,NA,NA,NA,1,02B,58_119964,NA,0,10/30/19 17:21:04,2,0,0,0,1,1,0,1,0,0,0,0,0,0,0,0,0,0,0,2,2,2,0,0,0,0,0,0,0,0,0,N
1785893,04033,05/13/18 00:00:00,05,13,2018,1,00,12A,26,Multnomah,245,Portland SE,57,PORTLAND UA,14,U PR-ART,1,026,NA,MT. HOOD,1,0,MN,0,R,NA,002600100S00,45,29,49.68,-122,32,9.36,45.49713333333333,-122.53593333333333,NA,NA,NA,NA,01940,SE POWELL BLVD,NA,05124,SE 124TH AVE,NA,1,NA,3,7.3000001900000004,35,1,INTER,0,3,3-LEG,0,0,0,NA,0,NA,NA,06,E,S-1STOP,3,REAR,4,INJ,0,UNK,0,UNK,2,DLIT,099,UNKNOWN,1,0,NONE,013,FORCED,NA,NA,NA,NA,29,F AVOID,NA,NA,NA,NA,NA,NA,0,0,0,0,0,9,"Over 200,000",2,PORTLAND HWY SYSTEM,US,26,US 26,1,02B,293_18792,NA,0,10/30/19 17:21:04,3,0,0,0,1,1,0,2,0,0,0,0,0,0,0,0,0,0,0,3,3,0,0,3,0,0,0,0,0,0,0,N
1785913,04039,05/13/18 00:00:00,05,13,2018,1,20,8P,26,Multnomah,245,Portland SE,57,PORTLAND UA,19,U LOCAL,0,NA,NA,NA,NA,NA,NA,NA,NA,NA,NA,45,28,48.25,-122,36,17.1,45.480069444443664,-122.60475,NA,NA,NA,NA,01320,SE KNIGHT ST,NA,05057,SE 57TH AVE,NA,1,0,9,NA,NA,1,INTER,0,1,CROSS,0,0,0,NA,0,NA,NA,01,B,ANGL-OTH,1,ANGL,4,INJ,1,CLR,1,DRY,5,DUSK,004,STOP SIGN,1,5,NO RPT,NA,NA,NA,NA,NA,NA,02,NO-YIELD,03,PAS-STOP,NA,NA,NA,NA,0,0,0,0,0,9,"Over 200,000",1,PORTLAND CITY STREET,NA,NA,NA,1,02B,58_126958,NA,0,10/30/19 17:21:04,3,0,0,0,1,1,0,1,0,0,0,0,0,0,0,0,0,0,0,2,2,1,0,1,0,0,0,0,0,0,0,N
1785929,04050,05/14/18 00:00:00,05,14,2018,2,11,11A,26,Multnomah,245,Portland SE,57,PORTLAND UA,14,U PR-ART,1,068,NA,CASCADE HWY NORTH,1,0,MN,0,R,NA,006800100S00,45,30,45.46,-122,34,43.37,45.512627777777,-122.57871388888867,NA,NA,NA,NA,01513,SE MADISON ST,NA,05082,SE 82ND AVE,NA,1,NA,9,3.69000006,35,1,INTER,0,3,3-LEG,0,0,0,NA,0,NA,NA,04,E,S-1STOP,3,REAR,4,INJ,1,CLR,1,DRY,1,DAY,099,UNKNOWN,1,5,NO RPT,013,FORCED,NA,NA,NA,NA,29,F AVOID,NA,NA,NA,NA,NA,NA,0,0,0,0,0,9,"Over 200,000",2,PORTLAND HWY SYSTEM,OR,213,OR 213,1,02B,293_19753,NA,0,10/30/19 17:21:04,3,0,0,0,2,2,0,1,0,0,0,0,0,0,0,0,0,0,0,3,3,2,0,1,0,0,0,0,0,0,0,N