CRASH_ID,SER_NO,CRASH_DT,CRASH_MO_NO,CRASH_DAY_NO,CRASH_YR_NO,CRASH_WK_DAY_CD,CRASH_HR_NO,CRASH_HR_SHORT_DESC,CNTY_ID,CNTY_NM,CITY_SECT_ID,CITY_SECT_NM,URB_AREA_CD,URB_AREA_SHORT_NM,FC_CD,FC_SHORT_DESC,NHS_FLG,HWY_NO,HWY_SFX_NO,HWY_MED_NM,RDWY_NO,HWY_COMPNT_CD,HWY_COMPNT_SHORT_DESC,MLGE_TYP_CD,MLGE_TYP_SHORT_DESC,RD_CON_NO,LRS_VAL,LAT_DEG_NO,LAT_MINUTE_NO,LAT_SEC_NO,LONGTD_DEG_NO,LONGTD_MINUTE_NO,LONGTD_SEC_NO,LAT_DD,LONGTD_DD,SPECL_JRSDCT_ID,SPECL_JRSDCT_SHORT_DESC,JRSDCT_GRP_CD,JRSDCT_GRP_LONG_DESC,AGY_ST_NO,ST_FULL_NM,RECRE_RD_NM,ISECT_AGY_ST_NO,ISECT_ST_FULL_NM,ISECT_RECRE_RD_NM,ISECT_SEQ_NO,FROM_ISECT_DSTNC_QTY,CMPSS_DIR_CD,MP_NO,POST_SPEED_LMT_VAL,RD_CHAR_CD,RD_CHAR_SHORT_DESC,OFF_RDWY_FLG,ISECT_TYP_CD,ISECT_TYP_SHORT_DESC,ISECT_REL_FLG,RNDABT_FLG,DRVWY_REL_FLG,LN_QTY,TURNG_LEG_QTY,MEDN_TYP_CD,MEDN_TYP_SHORT_DESC,IMPCT_LOC_CD,CRASH_TYP_CD,CRASH_TYP_SHORT_DESC,COLLIS_TYP_CD,COLLIS_TYP_SHORT_DESC,CRASH_SVRTY_CD,CRASH_SVRTY_SHORT_DESC,WTHR_COND_CD,WTHR_COND_SHORT_DESC,RD_SURF_COND_CD,RD_SURF_SHORT_DESC,LGT_COND_CD,LGT_COND_SHORT_DESC,TRAF_CNTL_DEVICE_CD,TRAF_CNTL_DEVICE_SHORT_DESC,TRAF_CNTL_FUNC_FLG,INVSTG_AGY_CD,INVSTG_AGY_SHORT_DESC,CRASH_EVNT_1_CD,CRASH_EVNT_1_SHORT_DESC,CRASH_EVNT_2_CD,CRASH_EVNT_2_SHORT_DESC,CRASH_EVNT_3_CD,CRASH_EVNT_3_SHORT_DESC,CRASH_CAUSE_1_CD,CRASH_CAUSE_1_SHORT_DESC,CRASH_CAUSE_2_CD,CRASH_CAUSE_2_SHORT_DESC,CRASH_CAUSE_3_CD,CRASH_CAUSE_3_SHORT_DESC,SCHL_ZONE_IND,WRK_ZONE_IND,ALCHL_INVLV_FLG,DRUG_INVLV_FLG,MJ_INVLV_FLG,CRASH_SPEED_INVLV_FLG,CRASH_HIT_RUN_FLG,POP_RNG_CD,POP_RNG_MED_DESC,RD_CNTL_CD,RD_CNTL_MED_DESC,RTE_TYP_CD,RTE_ID,RTE_NM,REG_ID,DIST_ID,SEG_MRK_ID,SEG_PT_LRS_MEAS,UNLOCT_FLG,CRASH_LAST_UD_DT,TOT_VHCL_CNT,TOT_FATAL_CNT,TOT_INJ_LVL_A_CNT,TOT_INJ_LVL_B_CNT,TOT_INJ_LVL_C_CNT,TOT_INJ_CNT,TOT_UNINJD_AGE00_04_CNT,TOT_UNINJD_PER_CNT,TOT_PED_CNT,TOT_PED_FATAL_CNT,TOT_PED_INJ_LVL_A_CNT,TOT_PED_INJ_CNT,TOT_PEDCYCL_CNT,TOT_PEDCYCL_FATAL_CNT,TOT_PEDCYCL_INJ_LVL_A_CNT,TOT_PEDCYCL_INJ_CNT,TOT_UNKNWN_CNT,TOT_UNKNWN_FATAL_CNT,TOT_UNKNWN_INJ_CNT,TOT_OCCUP_CNT,TOT_PER_INVLV_CNT,TOT_SFTY_EQUIP_USED_QTY,TOT_SFTY_EQUIP_UNUSED_QTY,TOT_SFTY_EQUIP_USE_UNKNWN_QTY,TOT_PSNGR_VHCL_OCC_UNRESTRND_FATAL_CNT,TOT_MCYCLST_FATAL_CNT,TOT_MCYCLST_INJ_LVL_A_CNT,TOT_MCYCLST_INJ_CNT,TOT_MCYCLST_UNHELMTD_FATAL_CNT,TOT_ALCHL_IMPAIRED_DRVR_INV_FATAL_CNT,TOT_DRVR_AGE_01_20_CNT,LANE_RDWY_DPRT_CRASH_FLG
1787352,08039,09/07/18 00:00:00,09,07,2018,6,19,7P,26,Multnomah,245,Portland SE,57,PORTLAND UA,16,U MN-ART,0,NA,NA,NA,NA,NA,NA,NA,NA,NA,NA,45,28,39.97,-122,33,47.13,45.477769444443666,-122.563091666666,NA,NA,NA,NA,02658,SE WOODSTOCK BLVD,NA,05097,SE 97TH AVE,NA,1,70,4,NA,NA,3,STRGHT,0,NA,NA,0,0,0,3,NA,0,NONE,08,C,S-STRGHT,5,SS-O,4,INJ,3,RAIN,2,WET,1,DAY,015,ONE-WAY,1,0,NONE,NA,NA,NA,NA,NA,NA,13,IMP LN C,NA,NA,NA,NA,NA,NA,0,0,0,0,0,9,"Over 200,000",1,PORTLAND CITY STREET,NA,NA,NA,1,02B,58_141622,NA,0,10/30/19 17:21:05,2,0,0,1,1,2,0,0,0,0,0,0,0,0,0,0,0,0,0,2,2,1,0,1,0,0,0,0,0,0,0,N
1787371,08047,09/07/18 00:00:00,09,07,2018,6,21,9P,26,Multnomah,245,Portland SE,57,PORTLAND UA,19,U LOCAL,0,NA,NA,NA,NA,NA,NA,NA,NA,NA,NA,45,30,15.88,-122,36,4.21,45.504411111111,-122.601169444444,NA,NA,NA,NA,01113,SE IVON ST,NA,05060,SE 60TH AVE,NA,1,0,9,NA,NA,1,INTER,0,1,CROSS,0,0,0,NA,0,NA,NA,03,B,ANGL-OTH,1,ANGL,4,INJ,1,CLR,1,DRY,3,DARK,000,NONE,1,0,NONE,NA,NA,NA,NA,NA,NA,02,NO-YIELD,NA,NA,NA,NA,NA,NA,0,0,0,0,0,9,"Over 200,000",1,PORTLAND CITY STREET,NA,NA,NA,1,02B,58_119780,NA,0,10/30/19 17:21:05,2,0,0,0,1,1,0,2,0,0,0,0,0,0,0,0,0,0,0,3,3,2,0,1,0,0,0,0,0,0,0,N
1787381,04420,05/25/18 00:00:00,05,25,2018,6,13,1P,26,Multnomah,245,Portland SE,57,PORTLAND UA,11,U INTRST,1,064,NA,EAST PORTLAND FREEWAY,2,0,MN,0,R,NA,006400200S00,45,30,39.48,-122,33,56.46,45.510966666666,-122.565683333333,NA,NA,NA,NA,00745,EAST PORTLAND FY,NA,09722,SB EX DIVISION C6,NA,1,NA,1,20.0799999,55,3,STRGHT,0,NA,NA,0,0,0,6,NA,2,DIVMD,04,C,S-STRGHT,3,REAR,4,INJ,1,CLR,1,DRY,1,DAY,017,MEDIAN BAR,1,3,CITY,NA,NA,NA,NA,NA,NA,29,F AVOID,NA,NA,NA,NA,NA,1,0,0,0,0,1,9,"Over 200,000",2,PORTLAND HWY SYSTEM,IS,205,I-205,1,02B,293_5894,NA,0,10/30/19 17:21:04,2,0,0,0,1,1,0,1,0,0,0,0,0,0,0,0,0,0,0,2,2,1,0,1,0,0,0,0,0,0,0,N
1787387,04424,05/25/18 00:00:00,05,25,2018,6,09,9A,26,Multnomah,245,Portland SE,57,PORTLAND UA,11,U INTRST,1,064,NA,EAST PORTLAND FREEWAY,1,6,CN,0,R,2,0064BT100S00,45,29,50.18,-122,33,52.83,45.49727222222133,-122.564675,NA,NA,NA,NA,01940,SE POWELL BLVD,NA,09716,NB POWELL-DIV C2,NA,1,NA,3,19.1200008,35,1,INTER,0,1,CROSS,0,0,0,NA,0,NA,NA,06,E,S-1STOP,3,REAR,4,INJ,1,CLR,1,DRY,1,DAY,001,TRF SIGNAL,1,3,CITY,NA,NA,NA,NA,NA,NA,07,TOO-CLOS,29,F AVOID,NA,NA,0,0,0,0,0,0,0,9,"Over 200,000",2,PORTLAND HWY SYSTEM,IS,205,I-205,1,02B,293_6124,NA,0,10/30/19 17:21:04,2,0,0,0,4,4,0,1,0,0,0,0,0,0,0,0,0,0,0,5,5,0,0,5,0,0,0,0,0,0,0,N
1787430,08109,09/08/18 00:00:00,09,08,2018,7,19,7P,26,Multnomah,245,Portland SE,57,PORTLAND UA,14,U PR-ART,1,026,NA,MT. HOOD,1,0,MN,0,R,NA,002600100S00,45,29,50.67,-122,34,43.34,45.49740833333333,-122.57870555555466,NA,NA,NA,NA,01940,SE POWELL BLVD,NA,05082,SE 82ND AVE,NA,1,NA,3,5.03999996,35,1,INTER,0,1,CROSS,0,0,0,NA,0,NA,NA,06,E,S-1STOP,3,REAR,4,INJ,1,CLR,1,DRY,1,DAY,001,TRF SIGNAL,1,5,NO RPT,NA,NA,NA,NA,NA,NA,29,F AVOID,NA,NA,NA,NA,NA,NA,0,0,0,0,0,9,"Over 200,000",2,PORTLAND HWY SYSTEM,US,26,US 26,1,02B,293_21461,NA,0,10/30/19 17:21:05,2,0,1,2,0,3,0,1,0,0,0,0,0,0,0,0,0,0,0,4,4,0,0,4,0,0,0,0,0,0,0,N
1787440,04431,05/26/18 00:00:00,05,26,2018,7,11,11A,26,Multnomah,245,Portland SE,57,PORTLAND UA,17,U MJ-COL,0,NA,NA,NA,NA,NA,NA,NA,NA,NA,NA,45,29,50.87,-122,32,52.82,45.49746388888833,-122.54800555555533,NA,NA,NA,NA,05112,SE 112TH AVE,NA,01940,SE POWELL BLVD,NA,1,300,1,NA,NA,3,STRGHT,0,NA,NA,0,0,0,2,NA,0,NONE,08,E,S-1STOP,3,REAR,4,INJ,1,CLR,1,DRY,1,DAY,099,UNKNOWN,1,5,NO RPT,013,FORCED,NA,NA,NA,NA,29,F AVOID,NA,NA,NA,NA,NA,NA,0,0,0,0,0,9,"Over 200,000",1,PORTLAND CITY STREET,NA,NA,NA,1,02B,58_193815,NA,0,10/30/19 17:21:04,3,0,0,0,5,5,0,1,0,0,0,0,0,0,0,0,0,0,0,6,6,5,0,1,0,0,0,0,0,0,0,N
1787448,04432,05/26/18 00:00:00,05,26,2018,7,02,2A,26,Multnomah,245,Portland SE,57,PORTLAND UA,14,U PR-ART,1,026,NA,MT. HOOD,1,0,MN,0,R,NA,002600100S00,45,29,51.73,-122,38,13.08,45.497702777777334,-122.63696666666634,NA,NA,NA,NA,01940,SE POWELL BLVD,NA,06028,SE 28TH PL,NA,1,NA,8,2.20000005,35,2,ALLEY,0,NA,NA,0,0,0,4,NA,0,NONE,05,B,ANGL-OTH,6,TURN,4,INJ,1,CLR,1,DRY,2,DLIT,099,UNKNOWN,1,5,NO RPT,062,TREE,NA,NA,NA,NA,02,NO-YIELD,NA,NA,NA,NA,NA,NA,0,0,0,0,0,9,"Over 200,000",2,PORTLAND HWY SYSTEM,US,26,US 26,1,02B,293_15984,NA,0,10/30/19 17:21:04,2,0,0,1,2,3,0,0,0,0,0,0,0,0,0,0,0,0,0,3,3,3,0,0,0,0,0,0,0,0,1,N
1787453,08135,09/04/18 00:00:00,09,04,2018,3,11,11A,26,Multnomah,245,Portland SE,57,PORTLAND UA,19,U LOCAL,0,NA,NA,NA,NA,NA,NA,NA,NA,NA,NA,45,29,35.12,-122,31,48.06,45.49308888888833,-122.53001666666667,NA,NA,NA,NA,00432,SE CENTER ST,NA,05130,SE 130TH AVE,NA,1,0,3,NA,NA,1,INTER,0,4,4-LEG,0,0,0,NA,0,NA,NA,06,3,PED,0,PED,4,INJ,1,CLR,1,DRY,1,DAY,000,NONE,1,3,CITY,NA,NA,NA,NA,NA,NA,02,NO-YIELD,NA,NA,NA,NA,NA,NA,0,0,0,0,0,9,"Over 200,000",1,PORTLAND CITY STREET,NA,NA,NA,1,02B,58_124365,NA,0,10/30/19 17:21:05,1,0,0,1,0,1,0,1,1,0,0,1,0,0,0,0,0,0,0,1,2,1,0,0,0,0,0,0,0,0,0,N
1787471,04460,05/27/18 00:00:00,05,27,2018,1,21,9P,26,Multnomah,245,Portland SE,57,PORTLAND UA,17,U MJ-COL,0,NA,NA,NA,NA,NA,NA,NA,NA,NA,NA,45,28,33.19,-122,35,21.65,45.47588611111067,-122.58934722222133,NA,NA,NA,NA,00626,SE DUKE ST,NA,05072,SE 72ND AVE,NA,1,0,9,NA,NA,1,INTER,0,1,CROSS,0,0,0,NA,0,NA,NA,03,B,ANGL-OTH,1,ANGL,4,INJ,1,CLR,1,DRY,2,DLIT,001,TRF SIGNAL,1,5,NO RPT,NA,NA,NA,NA,NA,NA,04,DIS SIG,NA,NA,NA,NA,NA,NA,0,0,0,0,0,9,"Over 200,000",1,PORTLAND CITY STREET,NA,NA,NA,1,02B,58_128410,NA,0,10/30/19 17:21:04,2,0,0,2,0,2,0,1,0,0,0,0,0,0,0,0,0,0,0,3,3,3,0,0,0,0,0,0,0,0,0,N
1787475,04462,05/27/18 00:00:00,05,27,2018,1,14,2P,26,Multnomah,245,Portland SE,57,PORTLAND UA,14,U PR-ART,1,NA,NA,NA,NA,NA,NA,NA,NA,NA,NA,45,30,14.84,-122,32,27.23,45.504122222222,-122.54089722222133,NA,NA,NA,NA,00614,SE DIVISION ST,NA,05119,SE 119TH AVE,NA,1,0,3,NA,NA,1,INTER,0,3,3-LEG,0,0,0,NA,0,NA,NA,06,C,S-STRGHT,3,REAR,4,INJ,1,CLR,1,DRY,1,DAY,001,TRF SIGNAL,1,0,NONE,NA,NA,NA,NA,NA,NA,29,F AVOID,NA,NA,NA,NA,NA,NA,0,0,0,0,0,9,"Over 200,000",1,PORTLAND CITY STREET,NA,NA,NA,1,02B,58_120213,NA,0,10/30/19 17:21:04,2,0,0,1,0,1,0,3,0,0,0,0,0,0,0,0,0,0,0,4,4,4,0,0,0,0,0,0,0,0,0,N
1787480,04476,05/28/18 00:00:00,05,28,2018,2,14,2P,26,Multnomah,245,Portland SE,57,PORTLAND UA,14,U PR-ART,1,081,NA,PACIFIC HIGHWAY EAST,2,0,MN,0,R,NA,008100200S00,45,27,55.11,-122,38,17.86,45.465308333333,-122.63829444444433,NA,NA,NA,NA,01506,SE MCLOUGHLIN BLVD,NA,02301,SE TACOMA ST,NA,1,NA,3,4.32999992,45,1,INTER,0,3,3-LEG,0,0,0,NA,0,NA,NA,06,E,S-1STOP,3,REAR,4,INJ,1,CLR,1,DRY,1,DAY,004,STOP SIGN,1,0,NONE,NA,NA,NA,NA,NA,NA,29,F AVOID,NA,NA,NA,NA,NA,NA,0,0,0,0,0,9,"Over 200,000",2,PORTLAND HWY SYSTEM,OR,99,OR 99E,1,02B,293_7572,NA,0,10/30/19 17:21:04,2,0,0,0,1,1,0,1,0,0,0,0,0,0,0,0,0,0,0,2,2,0,0,2,0,0,0,0,0,0,0,N
1787519,04478,05/28/18 00:00:00,05,28,2018,2,22,10P,26,Multnomah,245,Portland SE,57,PORTLAND UA,14,U PR-ART,1,026,NA,MT. HOOD,1,0,MN,0,R,NA,002600100S00,45,29,57.29,-122,30,55.55,45.499247222221335,-122.515430555555,NA,NA,NA,NA,01940,SE POWELL BLVD,NA,05144,SE 144TH AVE,NA,1,NA,7,8.31000042,35,5,CURVE,0,NA,NA,0,0,0,2,NA,0,NONE,04,G,O-STRGHT,2,HEAD,4,INJ,1,CLR,1,DRY,2,DLIT,099,UNKNOWN,1,3,CITY,NA,NA,NA,NA,NA,NA,01,TOO-FAST,05,LEFT-CTR,NA,NA,0,0,0,0,0,1,1,9,"Over 200,000",2,PORTLAND HWY SYSTEM,US,26,US 26,1,02B,293_19393,NA,0,10/30/19 17:21:04,2,0,1,0,0,1,1,2,0,0,0,0,0,0,0,0,0,0,0,3,3,2,0,1,0,0,0,0,0,0,0,N
1787524,04486,05/28/18 00:00:00,05,28,2018,2,12,12P,26,Multnomah,245,Portland SE,57,PORTLAND UA,16,U MN-ART,0,NA,NA,NA,NA,NA,NA,NA,NA,NA,NA,45,29,39.99,-122,32,15.63,45.49444166666633,-122.53767499999934,NA,NA,NA,NA,00287,SE BUSH ST,NA,05122,SE 122ND AVE,NA,1,0,9,NA,NA,1,INTER,0,1,CROSS,0,0,0,NA,0,NA,NA,02,B,ANGL-OTH,6,TURN,4,INJ,1,CLR,1,DRY,1,DAY,004,STOP SIGN,1,0,NONE,NA,NA,NA,NA,NA,NA,02,NO-YIELD,03,PAS-STOP,NA,NA,NA,NA,0,0,0,0,0,9,"Over 200,000",1,PORTLAND CITY STREET,NA,NA,NA,1,02B,58_500444,NA,0,10/30/19 17:21:04,2,0,0,1,1,2,0,0,0,0,0,0,0,0,0,0,0,0,0,2,2,1,0,1,0,0,0,0,0,0,0,N
1787535,04502,05/29/18 00:00:00,05,29,2018,3,15,3P,26,Multnomah,245,Portland SE,57,PORTLAND UA,14,U PR-ART,1,026,NA,MT. HOOD,1,0,MN,0,R,NA,002600100S00,45,29,50.67,-122,34,40.41,45.49740833333333,-122.57789166666667,NA,NA,NA,NA,01940,SE POWELL BLVD,NA,05082,SE 82ND AVE,NA,1,NA,3,5.13000011,35,3,STRGHT,0,NA,NA,0,0,0,4,NA,0,NONE,06,C,S-STRGHT,5,SS-O,4,INJ,1,CLR,1,DRY,1,DAY,099,UNKNOWN,1,0,NONE,NA,NA,NA,NA,NA,NA,13,IMP LN C,NA,NA,NA,NA,NA,NA,0,0,0,0,0,9,"Over 200,000",2,PORTLAND HWY SYSTEM,US,26,US 26,1,02B,293_21074,NA,0,10/30/19 17:21:04,2,0,0,0,1,1,0,1,0,0,0,0,0,0,0,0,0,0,0,2,2,2,0,0,0,0,0,0,0,0,0,N
1787539,04517,05/30/18 00:00:00,05,30,2018,4,18,6P,26,Multnomah,245,Portland SE,57,PORTLAND UA,14,U PR-ART,1,NA,NA,NA,NA,NA,NA,NA,NA,NA,NA,45,30,36.35,-122,39,38.85,45.510097222222,-122.660791666666,NA,NA,NA,NA,00929,SE GRAND AVE,NA,01562,SE MILL ST,NA,1,0,9,NA,NA,1,INTER,0,1,CROSS,0,0,0,NA,0,NA,NA,02,B,ANGL-OTH,1,ANGL,4,INJ,1,CLR,1,DRY,1,DAY,001,TRF SIGNAL,1,5,NO RPT,NA,NA,NA,NA,NA,NA,04,DIS SIG,NA,NA,NA,NA,NA,NA,0,0,0,0,0,9,"Over 200,000",1,PORTLAND CITY STREET,NA,NA,NA,1,02B,58_140074,NA,0,10/30/19 17:21:04,2,0,0,1,0,1,0,1,0,0,0,0,0,0,0,0,0,0,0,2,2,1,0,1,0,0,0,0,0,0,0,N
1787546,04527,05/30/18 00:00:00,05,30,2018,4,05,5A,26,Multnomah,245,Portland SE,57,PORTLAND UA,11,U INTRST,1,064,NA,EAST PORTLAND FREEWAY,2,0,MN,0,R,NA,006400200S00,45,27,57.22,-122,34,3.06,45.465894444444,-122.56751666666666,NA,NA,NA,NA,00745,EAST PORTLAND FY,NA,09711,SB EF WOODSTOCK C8,NA,1,NA,5,16.9200001,55,3,STRGHT,1,NA,NA,0,0,0,6,NA,2,DIVMD,01,8,FIX OBJ,9,FIX,4,INJ,1,CLR,1,DRY,4,DAWN,017,MEDIAN BAR,1,3,CITY,044,BARRIER,NA,NA,NA,NA,17,ILLNESS,NA,NA,NA,NA,0,0,0,0,0,0,0,9,"Over 200,000",2,PORTLAND HWY SYSTEM,IS,205,I-205,1,02B,293_5860,NA,0,10/30/19 17:21:04,1,0,1,0,0,1,0,0,0,0,0,0,0,0,0,0,0,0,0,1,1,0,0,1,0,0,0,0,0,0,0,Y
1787573,04559,05/31/18 00:00:00,05,31,2018,5,16,4P,26,Multnomah,245,Portland SE,57,PORTLAND UA,14,U PR-ART,1,068,NA,CASCADE HWY NORTH,1,0,MN,0,R,NA,006800100S00,45,30,27.52,-122,34,43.21,45.507644444444,-122.57866944444366,NA,NA,NA,NA,05082,SE 82ND AVE,NA,01021,SE HARRISON ST,NA,1,NA,5,4.03999996,35,2,ALLEY,0,NA,NA,0,0,0,4,NA,0,NONE,07,C,S-STRGHT,3,REAR,4,INJ,1,CLR,1,DRY,1,DAY,099,UNKNOWN,1,0,NONE,013,FORCED,NA,NA,NA,NA,29,F AVOID,NA,NA,NA,NA,NA,NA,0,0,0,0,0,9,"Over 200,000",2,PORTLAND HWY SYSTEM,OR,213,OR 213,1,02B,293_21523,NA,0,10/30/19 17:21:04,3,0,0,0,2,2,0,1,0,0,0,0,0,0,0,0,0,0,0,3,3,1,0,2,0,0,0,0,0,0,1,N
1787597,04564,05/31/18 00:00:00,05,31,2018,5,18,6P,26,Multnomah,245,Portland SE,57,PORTLAND UA,19,U LOCAL,0,NA,NA,NA,NA,NA,NA,NA,NA,NA,NA,45,30,29.34,-122,30,6.2,45.50815,-122.501722222222,NA,NA,NA,NA,05157,SE 157TH AVE,NA,01021,SE HARRISON ST,NA,1,225,5,NA,NA,2,ALLEY,0,NA,NA,0,0,0,2,NA,0,NONE,08,D,S-1TURN,6,TURN,4,INJ,1,CLR,1,DRY,1,DAY,099,UNKNOWN,1,3,CITY,NA,NA,NA,NA,NA,NA,01,TOO-FAST,29,F AVOID,NA,NA,NA,NA,0,0,0,1,1,9,"Over 200,000",1,PORTLAND CITY STREET,NA,NA,NA,1,02B,58_119519,NA,0,10/30/19 17:21:04,2,0,0,1,0,1,1,3,0,0,0,0,0,0,0,0,0,0,0,4,4,2,0,2,0,0,0,0,0,0,0,N
1787638,04646,05/29/18 00:00:00,05,29,2018,3,15,3P,26,Multnomah,245,Portland SE,57,PORTLAND UA,11,U INTRST,1,064,NA,EAST PORTLAND FREEWAY,1,6,CN,0,R,1,0064BS100S00,45,29,50.17,-122,33,52.84,45.497269444444335,-122.564677777777,NA,NA,NA,NA,01940,SE POWELL BLVD,NA,09714,NB EX POWELL BVD C1,NA,1,NA,6,19.1100006,NA,1,INTER,0,1,CROSS,0,0,0,NA,0,NA,NA,06,E,S-1STOP,3,REAR,4,INJ,1,CLR,1,DRY,1,DAY,001,TRF SIGNAL,1,0,NONE,NA,NA,NA,NA,NA,NA,29,F AVOID,NA,NA,NA,NA,NA,NA,0,0,0,0,0,9,"Over 200,000",2,PORTLAND HWY SYSTEM,IS,205,I-205,1,02B,293_25906,NA,0,10/30/19 17:21:04,2,0,0,0,4,4,2,1,0,0,0,0,0,0,0,0,0,0,0,5,5,5,0,0,0,0,0,0,0,0,1,N
1787653,04671,05/31/18 00:00:00,05,31,2018,5,16,4P,26,Multnomah,245,Portland SE,57,PORTLAND UA,19,U LOCAL,0,NA,NA,NA,NA,NA,NA,NA,NA,NA,NA,45,30,49.77,-122,30,33.56,45.513825,-122.509322222222,NA,NA,NA,NA,01515,SE MAIN ST,NA,05150,SE 150TH AVE,NA,1,150,7,NA,25,3,STRGHT,1,NA,NA,0,0,0,2,NA,0,NONE,08,8,FIX OBJ,9,FIX,4,INJ,1,CLR,1,DRY,1,DAY,099,UNKNOWN,1,3,CITY,087,FIRE/EXP,121,FENCE,NA,NA,10,OTHR-IMP,NA,NA,NA,NA,NA,NA,1,0,0,0,0,9,"Over 200,000",1,PORTLAND CITY STREET,NA,NA,NA,1,02B,58_117677,NA,0,10/30/19 17:21:04,1,0,0,0,1,1,0,0,0,0,0,0,0,0,0,0,0,0,0,1,1,0,0,1,0,0,0,0,0,0,0,Y
1787674,04674,05/31/18 00:00:00,05,31,2018,5,23,11P,26,Multnomah,245,Portland SE,57,PORTLAND UA,11,U INTRST,1,064,NA,EAST PORTLAND FREEWAY,1,0,MN,0,R,NA,006400100S00,45,31,9.91,-122,33,54.8,45.51941944444367,-122.565222222222,NA,NA,NA,NA,00745,EAST PORTLAND FY,NA,09726,NB EX STARK-GLSN C1,NA,1,NA,1,20.6499996,55,3,STRGHT,0,NA,NA,0,0,0,6,NA,1,RSDMD,04,C,S-STRGHT,3,REAR,4,INJ,1,CLR,1,DRY,2,DLIT,017,MEDIAN BAR,1,3,CITY,NA,NA,NA,NA,NA,NA,07,TOO-CLOS,29,F AVOID,33,RECKLESS,NA,NA,1,0,0,0,0,9,"Over 200,000",2,PORTLAND HWY SYSTEM,IS,205,I-205,1,02B,293_5711,NA,0,10/30/19 17:21:04,2,0,0,1,1,2,0,0,0,0,0,0,0,0,0,0,0,0,0,2,2,1,0,1,0,0,0,0,0,0,0,N
1787717,04848,05/28/18 00:00:00,05,28,2018,2,11,11A,26,Multnomah,245,Portland SE,57,PORTLAND UA,19,U LOCAL,0,NA,NA,NA,NA,NA,NA,NA,NA,NA,NA,45,30,12.12,-122,37,34.46,45.503366666666,-122.62623888888866,NA,NA,NA,NA,00464,SE CLINTON ST,NA,05036,SE 36TH AVE,NA,1,0,9,NA,NA,1,INTER,1,1,CROSS,0,1,0,NA,0,NA,NA,03,8,FIX OBJ,9,FIX,4,INJ,1,CLR,1,DRY,1,DAY,099,UNKNOWN,1,3,CITY,050,ISLAND,NA,NA,NA,NA,16,FATIGUE,NA,NA,NA,NA,0,0,0,0,0,0,0,9,"Over 200,000",1,PORTLAND CITY STREET,NA,NA,NA,1,02B,58_120414,NA,0,10/30/19 17:21:04,1,0,0,1,0,1,0,0,0,0,0,0,0,0,0,0,0,0,0,1,1,1,0,0,0,0,0,0,0,0,0,N
1787728,05003,05/12/18 00:00:00,05,12,2018,7,09,9A,26,Multnomah,245,Portland SE,57,PORTLAND UA,16,U MN-ART,0,064,NA,EAST PORTLAND FREEWAY,1,6,CN,0,R,7,0064BQ100S00,45,28,44.23,-122,34,0.49,45.478952777777664,-122.56680277777767,NA,NA,NA,NA,05094,SE 94TH AVE,NA,00824,SE FOSTER RD,NA,1,NA,5,17.9300003,NA,3,STRGHT,0,NA,NA,0,0,0,4,NA,0,NONE,08,C,S-STRGHT,5,SS-O,4,INJ,1,CLR,1,DRY,1,DAY,015,ONE-WAY,1,0,NONE,NA,NA,NA,NA,NA,NA,13,IMP LN C,NA,NA,NA,NA,NA,NA,0,0,0,0,0,9,"Over 200,000",2,PORTLAND HWY SYSTEM,IS,205,I-205,1,02B,293_6121,NA,0,10/30/19 17:21:04,2,0,0,0,1,1,0,1,0,0,0,0,0,0,0,0,0,0,0,2,2,0,0,2,0,0,0,1,0,0,0,N
1787739,05009,05/23/18 00:00:00,05,23,2018,4,07,7A,26,Multnomah,245,Portland SE,57,PORTLAND UA,14,U PR-ART,1,068,NA,CASCADE HWY NORTH,1,0,MN,0,R,NA,006800100S00,45,30,34.22,-122,34,43.18,45.509505555555,-122.57866111111066,NA,NA,NA,NA,05082,SE 82ND AVE,NA,01562,SE MILL ST,NA,1,NA,5,3.91000009,35,3,STRGHT,1,NA,NA,0,0,0,4,NA,0,NONE,07,8,FIX OBJ,9,FIX,4,INJ,1,CLR,1,DRY,1,DAY,099,UNKNOWN,1,5,NO RPT,053,POLE UTL,121,FENCE,NA,NA,26,PHANTOM,NA,NA,NA,NA,NA,NA,0,0,0,0,0,9,"Over 200,000",2,PORTLAND HWY SYSTEM,OR,213,OR 213,1,02B,293_21276,NA,0,10/30/19 17:21:04,1,0,0,0,1,1,0,0,0,0,0,0,0,0,0,0,0,0,0,1,1,1,0,0,0,0,0,0,0,0,0,Y
1787754,05098,05/11/18 00:00:00,05,11,2018,6,21,9P,26,Multnomah,245,Portland SE,57,PORTLAND UA,11,U INTRST,1,002,NA,COLUMBIA RIVER,1,6,CN,0,R,2,0002AB100S00,45,31,24.01,-122,39,56.45,45.523336111110666,-122.665680555555,NA,NA,NA,NA,09439,SB ENFR BANFIELD C2,NA,00302,PACIFIC HY I-5,NA,1,NA,8,0.660000026,NA,3,STRGHT,0,NA,NA,0,0,0,2,NA,1,RSDMD,03,C,S-STRGHT,5,SS-O,4,INJ,1,CLR,1,DRY,2,DLIT,017,MEDIAN BAR,1,0,NONE,NA,NA,NA,NA,NA,NA,13,IMP LN C,NA,NA,NA,NA,NA,NA,0,0,0,0,0,9,"Over 200,000",2,PORTLAND HWY SYSTEM,IS,84,I-84,1,02B,293_24008,NA,0,10/30/19 17:21:04,2,0,0,0,1,1,0,1,0,0,0,0,0,0,0,0,0,0,0,2,2,0,0,2,0,0,0,0,0,0,0,N