CRASH_ID,SER_NO,CRASH_DT,CRASH_MO_NO,CRASH_DAY_NO,CRASH_YR_NO,CRASH_WK_DAY_CD,CRASH_HR_NO,CRASH_HR_SHORT_DESC,CNTY_ID,CNTY_NM,CITY_SECT_ID,CITY_SECT_NM,URB_AREA_CD,URB_AREA_SHORT_NM,FC_CD,FC_SHORT_DESC,NHS_FLG,HWY_NO,HWY_SFX_NO,HWY_MED_NM,RDWY_NO,HWY_COMPNT_CD,HWY_COMPNT_SHORT_DESC,MLGE_TYP_CD,MLGE_TYP_SHORT_DESC,RD_CON_NO,LRS_VAL,LAT_DEG_NO,LAT_MINUTE_NO,LAT_SEC_NO,LONGTD_DEG_NO,LONGTD_MINUTE_NO,LONGTD_SEC_NO,LAT_DD,LONGTD_DD,SPECL_JRSDCT_ID,SPECL_JRSDCT_SHORT_DESC,JRSDCT_GRP_CD,JRSDCT_GRP_LONG_DESC,AGY_ST_NO,ST_FULL_NM,RECRE_RD_NM,ISECT_AGY_ST_NO,ISECT_ST_FULL_NM,ISECT_RECRE_RD_NM,ISECT_SEQ_NO,FROM_ISECT_DSTNC_QTY,CMPSS_DIR_CD,MP_NO,POST_SPEED_LMT_VAL,RD_CHAR_CD,RD_CHAR_SHORT_DESC,OFF_RDWY_FLG,ISECT_TYP_CD,ISECT_TYP_SHORT_DESC,ISECT_REL_FLG,RNDABT_FLG,DRVWY_REL_FLG,LN_QTY,TURNG_LEG_QTY,MEDN_TYP_CD,MEDN_TYP_SHORT_DESC,IMPCT_LOC_CD,CRASH_TYP_CD,CRASH_TYP_SHORT_DESC,COLLIS_TYP_CD,COLLIS_TYP_SHORT_DESC,CRASH_SVRTY_CD,CRASH_SVRTY_SHORT_DESC,WTHR_COND_CD,WTHR_COND_SHORT_DESC,RD_SURF_COND_CD,RD_SURF_SHORT_DESC,LGT_COND_CD,LGT_COND_SHORT_DESC,TRAF_CNTL_DEVICE_CD,TRAF_CNTL_DEVICE_SHORT_DESC,TRAF_CNTL_FUNC_FLG,INVSTG_AGY_CD,INVSTG_AGY_SHORT_DESC,CRASH_EVNT_1_CD,CRASH_EVNT_1_SHORT_DESC,CRASH_EVNT_2_CD,CRASH_EVNT_2_SHORT_DESC,CRASH_EVNT_3_CD,CRASH_EVNT_3_SHORT_DESC,CRASH_CAUSE_1_CD,CRASH_CAUSE_1_SHORT_DESC,CRASH_CAUSE_2_CD,CRASH_CAUSE_2_SHORT_DESC,CRASH_CAUSE_3_CD,CRASH_CAUSE_3_SHORT_DESC,SCHL_ZONE_IND,WRK_ZONE_IND,ALCHL_INVLV_FLG,DRUG_INVLV_FLG,MJ_INVLV_FLG,CRASH_SPEED_INVLV_FLG,CRASH_HIT_RUN_FLG,POP_RNG_CD,POP_RNG_MED_DESC,RD_CNTL_CD,RD_CNTL_MED_DESC,RTE_TYP_CD,RTE_ID,RTE_NM,REG_ID,DIST_ID,SEG_MRK_ID,SEG_PT_LRS_MEAS,UNLOCT_FLG,CRASH_LAST_UD_DT,TOT_VHCL_CNT,TOT_FATAL_CNT,TOT_INJ_LVL_A_CNT,TOT_INJ_LVL_B_CNT,TOT_INJ_LVL_C_CNT,TOT_INJ_CNT,TOT_UNINJD_AGE00_04_CNT,TOT_UNINJD_PER_CNT,TOT_PED_CNT,TOT_PED_FATAL_CNT,TOT_PED_INJ_LVL_A_CNT,TOT_PED_INJ_CNT,TOT_PEDCYCL_CNT,TOT_PEDCYCL_FATAL_CNT,TOT_PEDCYCL_INJ_LVL_A_CNT,TOT_PEDCYCL_INJ_CNT,TOT_UNKNWN_CNT,TOT_UNKNWN_FATAL_CNT,TOT_UNKNWN_INJ_CNT,TOT_OCCUP_CNT,TOT_PER_INVLV_CNT,TOT_SFTY_EQUIP_USED_QTY,TOT_SFTY_EQUIP_UNUSED_QTY,TOT_SFTY_EQUIP_USE_UNKNWN_QTY,TOT_PSNGR_VHCL_OCC_UNRESTRND_FATAL_CNT,TOT_MCYCLST_FATAL_CNT,TOT_MCYCLST_INJ_LVL_A_CNT,TOT_MCYCLST_INJ_CNT,TOT_MCYCLST_UNHELMTD_FATAL_CNT,TOT_ALCHL_IMPAIRED_DRVR_INV_FATAL_CNT,TOT_DRVR_AGE_01_20_CNT,LANE_RDWY_DPRT_CRASH_FLG
1787772,05304,05/05/18 00:00:00,05,05,2018,7,17,5P,26,Multnomah,245,Portland SE,57,PORTLAND UA,11,U INTRST,1,064,NA,EAST PORTLAND FREEWAY,2,0,MN,0,R,NA,006400200S00,45,29,53.31,-122,33,56.15,45.498141666666335,-122.565597222222,NA,NA,NA,NA,00745,EAST PORTLAND FY,NA,09718,SB EF DIV-POWELL C9,NA,1,NA,5,19.1599998,55,3,STRGHT,0,NA,NA,0,0,0,6,NA,2,DIVMD,05,C,S-STRGHT,5,SS-O,4,INJ,1,CLR,1,DRY,1,DAY,017,MEDIAN BAR,1,0,NONE,NA,NA,NA,NA,NA,NA,13,IMP LN C,NA,NA,NA,NA,NA,NA,0,0,0,0,0,9,"Over 200,000",2,PORTLAND HWY SYSTEM,IS,205,I-205,1,02B,293_5864,NA,0,10/30/19 17:21:04,2,0,0,0,8,8,2,3,0,0,0,0,0,0,0,0,0,0,0,11,11,11,0,0,0,0,0,0,0,0,0,N
1787798,05548,05/17/18 00:00:00,05,17,2018,5,18,6P,26,Multnomah,245,Portland SE,57,PORTLAND UA,14,U PR-ART,1,NA,NA,NA,NA,NA,NA,NA,NA,NA,NA,45,30,15.2,-122,30,38.15,45.504222222222,-122.510597222222,NA,NA,NA,NA,00614,SE DIVISION ST,NA,05148,SE 148TH AVE,NA,1,0,1,NA,NA,1,INTER,0,1,CROSS,0,0,0,NA,2,NA,NA,06,E,S-1STOP,3,REAR,4,INJ,1,CLR,1,DRY,1,DAY,001,TRF SIGNAL,1,0,NONE,004,INDRCT PED,NA,NA,NA,NA,29,F AVOID,NA,NA,NA,NA,NA,NA,0,0,0,0,0,9,"Over 200,000",1,PORTLAND CITY STREET,NA,NA,NA,1,02B,58_120362,NA,0,10/30/19 17:21:04,2,0,0,0,3,3,1,0,0,0,0,0,0,0,0,0,0,0,0,3,3,0,0,3,0,0,0,0,0,0,0,N
1787815,06014,05/11/18 00:00:00,05,11,2018,6,18,6P,26,Multnomah,245,Portland SE,57,PORTLAND UA,11,U INTRST,1,064,NA,EAST PORTLAND FREEWAY,2,0,MN,0,R,NA,006400200S00,45,29,1.35,-122,33,58.23,45.48370833333333,-122.566175,NA,NA,NA,NA,00745,EAST PORTLAND FY,NA,09712,SB EX FOSTER RD C6,NA,1,NA,1,18.1800003,55,3,STRGHT,0,NA,NA,0,0,0,6,NA,1,RSDMD,08,E,S-1STOP,3,REAR,4,INJ,1,CLR,1,DRY,1,DAY,017,MEDIAN BAR,1,0,NONE,013,FORCED,NA,NA,NA,NA,29,F AVOID,NA,NA,NA,NA,NA,NA,0,0,0,0,0,9,"Over 200,000",2,PORTLAND HWY SYSTEM,IS,205,I-205,1,02B,293_5863,NA,0,10/30/19 17:21:04,3,0,0,0,2,2,0,1,0,0,0,0,0,0,0,0,0,0,0,3,3,1,0,2,0,0,0,0,0,0,1,N
1787823,05216,06/19/18 00:00:00,06,19,2018,3,13,1P,26,Multnomah,245,Portland SE,57,PORTLAND UA,17,U MJ-COL,0,NA,NA,NA,NA,NA,NA,NA,NA,NA,NA,45,29,25.09,-122,38,15.38,45.49030277777733,-122.63760555555534,NA,NA,NA,NA,01055,SE HOLGATE BLVD,NA,05028,SE 28TH AVE,NA,1,0,9,NA,NA,1,INTER,0,1,CROSS,0,0,0,NA,0,NA,NA,01,6,BIKE,6,TURN,4,INJ,1,CLR,1,DRY,1,DAY,001,TRF SIGNAL,1,3,CITY,110,N-MTR,NA,NA,NA,NA,02,NO-YIELD,NA,NA,NA,NA,NA,NA,0,0,0,0,0,9,"Over 200,000",1,PORTLAND CITY STREET,NA,NA,NA,1,02B,58_124021,NA,0,10/30/19 17:21:04,1,0,0,0,1,1,0,1,0,0,0,0,1,0,0,1,0,0,0,1,2,1,0,1,0,0,0,0,0,0,0,N
1787861,05232,06/21/18 00:00:00,06,21,2018,5,10,10A,26,Multnomah,245,Portland SE,57,PORTLAND UA,16,U MN-ART,0,NA,NA,NA,NA,NA,NA,NA,NA,NA,NA,45,29,11.39,-122,35,21.06,45.48649722222133,-122.58918333333334,NA,NA,NA,NA,00824,SE FOSTER RD,NA,05072,SE 72ND AVE,NA,1,0,9,NA,NA,1,INTER,0,6,6-LEG,0,0,0,NA,0,NA,NA,02,B,ANGL-OTH,1,ANGL,4,INJ,1,CLR,1,DRY,1,DAY,001,TRF SIGNAL,1,0,NONE,NA,NA,NA,NA,NA,NA,04,DIS SIG,NA,NA,NA,NA,NA,NA,0,0,0,0,0,9,"Over 200,000",1,PORTLAND CITY STREET,NA,NA,NA,1,02B,58_125484,NA,0,10/30/19 17:21:04,2,0,0,0,2,2,1,1,0,0,0,0,0,0,0,0,0,0,0,3,3,3,0,0,0,0,0,0,0,0,0,N
1787864,03767,05/05/18 00:00:00,05,05,2018,7,22,10P,26,Multnomah,245,Portland SE,57,PORTLAND UA,17,U MJ-COL,0,NA,NA,NA,NA,NA,NA,NA,NA,NA,NA,45,29,20.28,-122,32,56.53,45.488966666666336,-122.54903611111034,NA,NA,NA,NA,01905,SE PARDEE ST,NA,05111,SE 111TH AVE,NA,1,0,9,NA,NA,1,INTER,0,3,3-LEG,0,0,0,NA,0,NA,NA,02,B,ANGL-OTH,6,TURN,4,INJ,1,CLR,1,DRY,3,DARK,099,UNKNOWN,1,5,NO RPT,NA,NA,NA,NA,NA,NA,06,IMP-OVER,NA,NA,NA,NA,NA,NA,0,0,0,0,0,9,"Over 200,000",1,PORTLAND CITY STREET,NA,NA,NA,1,02C,58_124962,NA,0,10/30/19 17:21:04,2,0,0,0,4,4,1,0,0,0,0,0,0,0,0,0,0,0,0,4,4,3,0,1,0,0,0,1,0,0,0,N
1787880,03969,05/11/18 00:00:00,05,11,2018,6,17,5P,26,Multnomah,245,Portland SE,57,PORTLAND UA,19,U LOCAL,0,NA,NA,NA,NA,NA,NA,NA,NA,NA,NA,45,27,50.94,-122,35,54.96,45.46415,-122.59859999999934,NA,NA,NA,NA,02312,SE TENINO ST,NA,05063,SE 63RD AVE,NA,1,0,9,NA,NA,1,INTER,0,1,CROSS,0,0,0,NA,0,NA,NA,01,B,ANGL-OTH,1,ANGL,4,INJ,1,CLR,1,DRY,1,DAY,004,STOP SIGN,1,5,NO RPT,NA,NA,NA,NA,NA,NA,02,NO-YIELD,03,PAS-STOP,NA,NA,NA,NA,0,0,0,0,0,9,"Over 200,000",1,PORTLAND CITY STREET,NA,NA,NA,1,02B,58_130579,NA,0,10/30/19 17:21:04,2,0,0,0,2,2,0,1,0,0,0,0,0,0,0,0,0,0,0,3,3,3,0,0,0,0,0,0,0,0,1,N
1787885,05237,06/21/18 00:00:00,06,21,2018,5,21,9P,26,Multnomah,245,Portland SE,57,PORTLAND UA,14,U PR-ART,1,081,NA,PACIFIC HIGHWAY EAST,2,0,MN,0,R,NA,008100200S00,45,29,25.55,-122,39,15.26,45.490430555555335,-122.654238888888,NA,NA,NA,NA,01055,SE HOLGATE BLVD,NA,01506,SE MCLOUGHLIN BLVD,NA,1,NA,8,2.31999993,45,2,ALLEY,0,NA,NA,0,0,0,6,NA,1,RSDMD,08,D,S-1TURN,6,TURN,4,INJ,1,CLR,1,DRY,2,DLIT,099,UNKNOWN,1,0,NONE,NA,NA,NA,NA,NA,NA,08,IMP-TURN,NA,NA,NA,NA,NA,NA,0,0,0,0,0,9,"Over 200,000",2,PORTLAND HWY SYSTEM,OR,99,OR 99E,1,02B,293_15281,NA,0,10/30/19 17:21:04,2,0,0,0,1,1,0,1,0,0,0,0,0,0,0,0,0,0,0,2,2,1,0,1,0,0,0,0,0,0,0,N
1787891,05239,06/21/18 00:00:00,06,21,2018,5,18,6P,26,Multnomah,245,Portland SE,57,PORTLAND UA,16,U MN-ART,0,NA,NA,NA,NA,NA,NA,NA,NA,NA,NA,45,31,5.96,-122,34,8.84,45.51832222222167,-122.56912222222167,NA,NA,NA,NA,02612,SE WASHINGTON ST,NA,05092,SE 92ND AVE,NA,1,0,9,NA,NA,1,INTER,0,1,CROSS,0,0,0,NA,0,NA,NA,02,B,ANGL-OTH,1,ANGL,4,INJ,1,CLR,1,DRY,1,DAY,001,TRF SIGNAL,1,0,NONE,NA,NA,NA,NA,NA,NA,04,DIS SIG,NA,NA,NA,NA,NA,NA,0,0,0,0,0,9,"Over 200,000",1,PORTLAND CITY STREET,NA,NA,NA,1,02B,58_184553,NA,0,10/30/19 17:21:04,2,0,0,0,1,1,0,1,0,0,0,0,0,0,0,0,0,0,0,2,2,1,0,1,0,0,0,0,0,0,0,N
1787901,05245,06/21/18 00:00:00,06,21,2018,5,17,5P,26,Multnomah,245,Portland SE,57,PORTLAND UA,16,U MN-ART,0,NA,NA,NA,NA,NA,NA,NA,NA,NA,NA,45,31,8.64,-122,31,48.09,45.51906666666667,-122.53002499999967,NA,NA,NA,NA,02259,SE STARK ST,NA,05130,SE 130TH AVE,NA,1,0,9,NA,NA,1,INTER,0,3,3-LEG,0,0,0,NA,0,NA,NA,02,H,O-1 L-TURN,6,TURN,4,INJ,1,CLR,1,DRY,1,DAY,004,STOP SIGN,1,3,CITY,NA,NA,NA,NA,NA,NA,02,NO-YIELD,NA,NA,NA,NA,0,0,0,0,0,0,1,9,"Over 200,000",1,PORTLAND CITY STREET,NA,NA,NA,1,02B,58_185684,NA,0,10/30/19 17:21:04,2,0,0,0,1,1,0,2,0,0,0,0,0,0,0,0,0,0,0,3,3,2,0,1,0,0,0,0,0,0,0,N
1787904,03976,05/11/18 00:00:00,05,11,2018,6,07,7A,26,Multnomah,245,Portland SE,57,PORTLAND UA,19,U LOCAL,0,NA,NA,NA,NA,NA,NA,NA,NA,NA,NA,45,30,57.71,-122,29,24.9,45.516030555555,-122.49024999999934,NA,NA,NA,NA,05168,SE 168TH AVE,NA,01592,SE MORRISON CT,NA,1,100,7,NA,NA,5,CURVE,1,NA,NA,0,0,0,2,NA,0,NONE,08,8,FIX OBJ,9,FIX,4,INJ,2,CLD,1,DRY,1,DAY,099,UNKNOWN,1,3,CITY,054,ST LIGHT,NA,NA,NA,NA,17,ILLNESS,NA,NA,NA,NA,0,0,0,0,0,0,0,9,"Over 200,000",1,PORTLAND CITY STREET,NA,NA,NA,1,02B,58_117133,NA,0,10/30/19 17:21:04,1,0,0,1,0,1,0,0,0,0,0,0,0,0,0,0,0,0,0,1,1,1,0,0,0,0,0,0,0,0,0,Y
1787949,05276,06/20/18 00:00:00,06,20,2018,4,16,4P,26,Multnomah,245,Portland SE,57,PORTLAND UA,11,U INTRST,1,002,NA,COLUMBIA RIVER,1,6,CN,0,R,2,0002AB100S00,45,31,23.06,-122,39,56.49,45.523072222221664,-122.665691666666,NA,NA,NA,NA,09439,SB ENFR BANFIELD C2,NA,09504,WB EX MRSN BR RP C3,NA,1,NA,1,0.680000007,NA,8,BRIDGE,0,NA,NA,0,0,0,2,NA,0,NONE,04,E,S-1STOP,3,REAR,4,INJ,1,CLR,1,DRY,1,DAY,015,ONE-WAY,1,0,NONE,NA,NA,NA,NA,NA,NA,01,TOO-FAST,NA,NA,NA,NA,NA,NA,0,0,0,1,0,9,"Over 200,000",2,PORTLAND HWY SYSTEM,IS,84,I-84,1,02B,293_24008,NA,0,10/30/19 17:21:04,3,0,0,0,1,1,0,2,0,0,0,0,0,0,0,0,0,0,0,3,3,2,0,1,0,0,0,0,0,0,0,N
1787952,05663,07/02/18 00:00:00,07,02,2018,2,17,5P,26,Multnomah,245,Portland SE,57,PORTLAND UA,17,U MJ-COL,0,NA,NA,NA,NA,NA,NA,NA,NA,NA,NA,45,30,19.39,-122,35,19.9,45.505386111111,-122.58886111111033,NA,NA,NA,NA,00614,SE DIVISION ST,NA,05072,SE 72ND AVE,NA,1,0,9,NA,30,1,INTER,0,3,3-LEG,0,0,0,NA,0,NA,NA,02,6,BIKE,6,TURN,4,INJ,1,CLR,1,DRY,1,DAY,099,UNKNOWN,1,3,CITY,001,FEL/JUMP,NA,NA,NA,NA,02,NO-YIELD,NA,NA,NA,NA,NA,NA,0,0,0,0,0,9,"Over 200,000",1,PORTLAND CITY STREET,NA,NA,NA,1,02B,58_119610,NA,0,10/30/19 17:21:04,1,0,0,1,0,1,0,2,0,0,0,0,1,0,0,1,0,0,0,2,3,2,0,1,0,0,0,0,0,0,0,N
1787993,05283,06/20/18 00:00:00,06,20,2018,4,09,9A,26,Multnomah,245,Portland SE,57,PORTLAND UA,11,U INTRST,1,064,NA,EAST PORTLAND FREEWAY,1,6,CN,0,R,6,0064BP100S00,45,28,47.2,-122,33,59.98,45.47977777777767,-122.566661111111,NA,NA,NA,NA,09712,SB EX FOSTER RD C6,NA,00824,SE FOSTER RD,NA,1,NA,8,18.3299999,55,3,STRGHT,0,NA,NA,0,0,0,2,NA,0,NONE,04,E,S-1STOP,3,REAR,4,INJ,1,CLR,1,DRY,1,DAY,015,ONE-WAY,1,5,NO RPT,NA,NA,NA,NA,NA,NA,27,INATTENT,NA,NA,NA,NA,NA,NA,0,0,0,0,0,9,"Over 200,000",2,PORTLAND HWY SYSTEM,IS,205,I-205,1,02B,293_6120,NA,0,10/30/19 17:21:04,2,0,0,0,1,1,1,2,0,0,0,0,0,0,0,0,0,0,0,3,3,3,0,0,0,0,0,0,0,0,0,N
1787995,05284,06/20/18 00:00:00,06,20,2018,4,11,11A,26,Multnomah,245,Portland SE,57,PORTLAND UA,17,U MJ-COL,0,NA,NA,NA,NA,NA,NA,NA,NA,NA,NA,45,30,17.34,-122,38,36.9,45.504816666666,-122.64358333333334,NA,NA,NA,NA,00614,SE DIVISION ST,NA,05022,SE 22ND AVE,NA,1,0,7,NA,NA,1,INTER,0,1,CROSS,0,0,0,NA,0,NA,NA,06,3,PED,0,PED,4,INJ,1,CLR,1,DRY,1,DAY,004,STOP SIGN,1,3,CITY,082,VEH HID,NA,NA,NA,NA,02,NO-YIELD,40,VIEW OBS,NA,NA,0,0,0,0,0,0,0,9,"Over 200,000",1,PORTLAND CITY STREET,NA,NA,NA,1,02B,58_119448,NA,0,10/30/19 17:21:04,1,0,0,0,1,1,0,1,1,0,0,1,0,0,0,0,0,0,0,1,2,1,0,0,0,0,0,0,0,0,0,N
1788019,05285,06/20/18 00:00:00,06,20,2018,4,10,10A,26,Multnomah,245,Portland SE,57,PORTLAND UA,14,U PR-ART,1,026,NA,MT. HOOD,1,0,MN,0,R,NA,002600100S00,45,29,50.75,-122,31,42.49,45.49743055555533,-122.52846944444367,NA,NA,NA,NA,01940,SE POWELL BLVD,NA,05131,SE 131ST AVE,NA,1,NA,7,7.65999985,35,1,INTER,0,3,3-LEG,0,0,0,NA,0,NA,NA,06,E,S-1STOP,3,REAR,4,INJ,1,CLR,1,DRY,1,DAY,004,STOP SIGN,1,0,NONE,NA,NA,NA,NA,NA,NA,29,F AVOID,NA,NA,NA,NA,NA,NA,0,0,0,0,0,9,"Over 200,000",2,PORTLAND HWY SYSTEM,US,26,US 26,1,02B,293_18794,NA,0,10/30/19 17:21:04,2,0,0,1,1,2,0,0,0,0,0,0,0,0,0,0,0,0,0,2,2,2,0,0,0,0,0,0,0,0,0,N
1788021,05673,07/03/18 00:00:00,07,03,2018,3,17,5P,26,Multnomah,245,Portland SE,57,PORTLAND UA,14,U PR-ART,1,068,NA,CASCADE HWY NORTH,1,0,MN,0,R,NA,006800100S00,45,29,31.49,-122,34,43.62,45.49208055555533,-122.57878333333267,NA,NA,NA,NA,00248,SE BOISE ST,NA,05082,SE 82ND AVE,NA,1,NA,9,5.11999989,35,1,INTER,0,3,3-LEG,0,0,1,NA,0,NA,NA,01,6,BIKE,6,TURN,4,INJ,1,CLR,1,DRY,1,DAY,001,TRF SIGNAL,1,3,CITY,NA,NA,NA,NA,NA,NA,02,NO-YIELD,04,DIS SIG,NA,NA,NA,NA,0,0,0,0,0,9,"Over 200,000",2,PORTLAND HWY SYSTEM,OR,213,OR 213,1,02B,293_18735,NA,0,10/30/19 17:21:04,1,0,0,0,1,1,0,1,0,0,0,0,1,0,0,1,0,0,0,1,2,1,0,1,0,0,0,0,0,0,0,N
1788022,05286,06/20/18 00:00:00,06,20,2018,4,07,7A,26,Multnomah,245,Portland SE,57,PORTLAND UA,19,U LOCAL,0,NA,NA,NA,NA,NA,NA,NA,NA,NA,NA,45,30,48.94,-122,37,28.13,45.513594444444,-122.62448055555467,NA,NA,NA,NA,01515,SE MAIN ST,NA,05038,SE 38TH AVE,NA,1,0,9,NA,NA,1,INTER,0,1,CROSS,0,0,0,NA,0,NA,NA,03,B,ANGL-OTH,1,ANGL,4,INJ,1,CLR,1,DRY,1,DAY,004,STOP SIGN,1,0,NONE,NA,NA,NA,NA,NA,NA,02,NO-YIELD,NA,NA,NA,NA,NA,NA,0,0,0,0,0,9,"Over 200,000",1,PORTLAND CITY STREET,NA,NA,NA,1,02B,58_117077,NA,0,10/30/19 17:21:04,2,0,0,0,1,1,1,3,0,0,0,0,0,0,0,0,0,0,0,4,4,3,0,1,0,0,0,0,0,0,0,N
1788026,05288,06/20/18 00:00:00,06,20,2018,4,15,3P,26,Multnomah,245,Portland SE,57,PORTLAND UA,16,U MN-ART,0,NA,NA,NA,NA,NA,NA,NA,NA,NA,NA,45,30,42.55,-122,32,15.64,45.511819444444,-122.53767777777733,NA,NA,NA,NA,05122,SE 122ND AVE,NA,01528,SE MARKET ST,NA,1,82,1,NA,NA,2,ALLEY,1,NA,NA,0,0,0,4,NA,0,NONE,07,3,PED,0,PED,4,INJ,1,CLR,1,DRY,1,DAY,099,UNKNOWN,1,3,CITY,106,MAN WHLCHR,NA,NA,NA,NA,02,NO-YIELD,NA,NA,NA,NA,NA,NA,0,0,0,0,0,9,"Over 200,000",1,PORTLAND CITY STREET,NA,NA,NA,1,02B,58_118123,NA,0,10/30/19 17:21:04,1,0,0,0,1,1,0,1,1,0,0,1,0,0,0,0,0,0,0,1,2,1,0,0,0,0,0,0,0,0,0,Y
1788027,05289,06/20/18 00:00:00,06,20,2018,4,22,10P,26,Multnomah,245,Portland SE,57,PORTLAND UA,11,U INTRST,1,001,NA,PACIFIC,2,0,MN,0,R,NA,000100200S00,45,30,45.95,-122,40,3.6,45.512763888888,-122.66766666666666,NA,NA,NA,NA,00302,PACIFIC HY I-5,NA,09452,SB EX MARQUAM BR,NA,1,NA,1,300.779999,50,8,BRIDGE,0,NA,NA,0,0,0,3,NA,0,NONE,03,E,S-1STOP,3,REAR,4,INJ,1,CLR,1,DRY,2,DLIT,015,ONE-WAY,1,0,NONE,NA,NA,NA,NA,NA,NA,29,F AVOID,NA,NA,NA,NA,NA,NA,0,0,0,0,0,9,"Over 200,000",2,PORTLAND HWY SYSTEM,IS,5,I-5,1,02B,293_3025,NA,0,10/30/19 17:21:04,2,0,0,0,4,4,0,1,0,0,0,0,0,0,0,0,0,0,0,5,5,5,0,0,0,0,0,0,0,0,1,N
1788033,05293,06/20/18 00:00:00,06,20,2018,4,16,4P,26,Multnomah,245,Portland SE,57,PORTLAND UA,17,U MJ-COL,0,NA,NA,NA,NA,NA,NA,NA,NA,NA,NA,45,28,45.83,-122,34,34.96,45.479397222221664,-122.57637777777767,NA,NA,NA,NA,02658,SE WOODSTOCK BLVD,NA,06084,SE 84TH PL,NA,1,0,9,NA,NA,1,INTER,0,3,3-LEG,0,0,0,NA,0,NA,NA,04,B,ANGL-OTH,6,TURN,4,INJ,1,CLR,1,DRY,1,DAY,004,STOP SIGN,1,5,NO RPT,NA,NA,NA,NA,NA,NA,02,NO-YIELD,NA,NA,NA,NA,NA,NA,0,0,0,0,0,9,"Over 200,000",1,PORTLAND CITY STREET,NA,NA,NA,1,02B,58_127286,NA,0,10/30/19 17:21:04,2,0,0,0,1,1,0,1,0,0,0,0,0,0,0,0,0,0,0,2,2,2,0,0,0,0,0,0,0,0,0,N
1788040,05677,07/03/18 00:00:00,07,03,2018,3,17,5P,26,Multnomah,245,Portland SE,57,PORTLAND UA,17,U MJ-COL,0,NA,NA,NA,NA,NA,NA,NA,NA,NA,NA,45,29,23.59,-122,33,44,45.48988611111033,-122.562222222222,NA,NA,NA,NA,01055,SE HOLGATE BLVD,NA,05099,SE 99TH AVE,NA,1,0,7,NA,NA,1,INTER,0,1,CROSS,0,0,0,NA,0,NA,NA,06,E,S-1STOP,3,REAR,4,INJ,1,CLR,1,DRY,1,DAY,099,UNKNOWN,1,5,NO RPT,013,FORCED,004,INDRCT PED,NA,NA,29,F AVOID,NA,NA,NA,NA,NA,NA,0,0,0,0,0,9,"Over 200,000",1,PORTLAND CITY STREET,NA,NA,NA,1,02B,58_124657,NA,0,10/30/19 17:21:04,3,0,0,0,1,1,0,3,0,0,0,0,0,0,0,0,0,0,0,4,4,3,0,1,0,0,0,0,0,0,0,N
1788047,05305,06/02/18 00:00:00,06,02,2018,7,17,5P,26,Multnomah,245,Portland SE,57,PORTLAND UA,17,U MJ-COL,0,NA,NA,NA,NA,NA,NA,NA,NA,NA,NA,45,30,16.19,-122,34,11.4,45.504497222222,-122.56983333333267,NA,NA,NA,NA,00614,SE DIVISION ST,NA,05090,SE 90TH AVE,NA,1,157,3,NA,NA,2,ALLEY,0,NA,NA,0,0,0,4,NA,0,NONE,07,B,ANGL-OTH,6,TURN,4,INJ,1,CLR,1,DRY,1,DAY,099,UNKNOWN,1,5,NO RPT,NA,NA,NA,NA,NA,NA,02,NO-YIELD,NA,NA,NA,NA,NA,NA,0,0,0,0,0,9,"Over 200,000",1,PORTLAND CITY STREET,NA,NA,NA,1,02B,58_140790,NA,0,10/30/19 17:21:04,2,0,0,0,2,2,0,1,0,0,0,0,0,0,0,0,0,0,0,3,3,2,0,1,0,0,0,0,0,0,0,N
1788050,05307,06/03/18 00:00:00,06,03,2018,1,17,5P,26,Multnomah,245,Portland SE,57,PORTLAND UA,16,U MN-ART,0,NA,NA,NA,NA,NA,NA,NA,NA,NA,NA,45,30,41.56,-122,32,15.62,45.511544444444,-122.53767222222133,NA,NA,NA,NA,01528,SE MARKET ST,NA,05122,SE 122ND AVE,NA,1,0,5,NA,NA,1,INTER,0,1,CROSS,0,0,0,NA,0,NA,NA,06,E,S-1STOP,3,REAR,4,INJ,1,CLR,1,DRY,1,DAY,001,TRF SIGNAL,1,0,NONE,NA,NA,NA,NA,NA,NA,29,F AVOID,NA,NA,NA,NA,NA,NA,0,0,0,0,0,9,"Over 200,000",1,PORTLAND CITY STREET,NA,NA,NA,1,02B,58_118123,NA,0,10/30/19 17:21:04,2,0,0,0,3,3,0,1,0,0,0,0,0,0,0,0,0,0,0,4,4,3,0,1,0,0,0,0,0,0,0,N
1788081,05686,07/03/18 00:00:00,07,03,2018,3,23,11P,26,Multnomah,245,Portland SE,57,PORTLAND UA,17,U MJ-COL,0,NA,NA,NA,NA,NA,NA,NA,NA,NA,NA,45,31,12.1,-122,38,43.84,45.52002777777767,-122.64551111111034,NA,NA,NA,NA,01802,SE OAK ST,NA,05020,SE 20TH AVE,NA,1,0,9,NA,25,1,INTER,0,1,CROSS,0,0,0,NA,0,NA,NA,01,B,ANGL-OTH,6,TURN,4,INJ,1,CLR,1,DRY,2,DLIT,004,STOP SIGN,1,3,CITY,001,FEL/JUMP,NA,NA,NA,NA,03,PAS-STOP,NA,NA,NA,NA,0,0,1,0,0,0,0,9,"Over 200,000",1,PORTLAND CITY STREET,NA,NA,NA,1,02B,58_115097,NA,0,10/30/19 17:21:04,3,0,1,0,1,2,0,1,0,0,0,0,0,0,0,0,0,0,0,3,3,3,0,0,0,0,0,0,0,0,0,N