CRASH_ID,SER_NO,CRASH_DT,CRASH_MO_NO,CRASH_DAY_NO,CRASH_YR_NO,CRASH_WK_DAY_CD,CRASH_HR_NO,CRASH_HR_SHORT_DESC,CNTY_ID,CNTY_NM,CITY_SECT_ID,CITY_SECT_NM,URB_AREA_CD,URB_AREA_SHORT_NM,FC_CD,FC_SHORT_DESC,NHS_FLG,HWY_NO,HWY_SFX_NO,HWY_MED_NM,RDWY_NO,HWY_COMPNT_CD,HWY_COMPNT_SHORT_DESC,MLGE_TYP_CD,MLGE_TYP_SHORT_DESC,RD_CON_NO,LRS_VAL,LAT_DEG_NO,LAT_MINUTE_NO,LAT_SEC_NO,LONGTD_DEG_NO,LONGTD_MINUTE_NO,LONGTD_SEC_NO,LAT_DD,LONGTD_DD,SPECL_JRSDCT_ID,SPECL_JRSDCT_SHORT_DESC,JRSDCT_GRP_CD,JRSDCT_GRP_LONG_DESC,AGY_ST_NO,ST_FULL_NM,RECRE_RD_NM,ISECT_AGY_ST_NO,ISECT_ST_FULL_NM,ISECT_RECRE_RD_NM,ISECT_SEQ_NO,FROM_ISECT_DSTNC_QTY,CMPSS_DIR_CD,MP_NO,POST_SPEED_LMT_VAL,RD_CHAR_CD,RD_CHAR_SHORT_DESC,OFF_RDWY_FLG,ISECT_TYP_CD,ISECT_TYP_SHORT_DESC,ISECT_REL_FLG,RNDABT_FLG,DRVWY_REL_FLG,LN_QTY,TURNG_LEG_QTY,MEDN_TYP_CD,MEDN_TYP_SHORT_DESC,IMPCT_LOC_CD,CRASH_TYP_CD,CRASH_TYP_SHORT_DESC,COLLIS_TYP_CD,COLLIS_TYP_SHORT_DESC,CRASH_SVRTY_CD,CRASH_SVRTY_SHORT_DESC,WTHR_COND_CD,WTHR_COND_SHORT_DESC,RD_SURF_COND_CD,RD_SURF_SHORT_DESC,LGT_COND_CD,LGT_COND_SHORT_DESC,TRAF_CNTL_DEVICE_CD,TRAF_CNTL_DEVICE_SHORT_DESC,TRAF_CNTL_FUNC_FLG,INVSTG_AGY_CD,INVSTG_AGY_SHORT_DESC,CRASH_EVNT_1_CD,CRASH_EVNT_1_SHORT_DESC,CRASH_EVNT_2_CD,CRASH_EVNT_2_SHORT_DESC,CRASH_EVNT_3_CD,CRASH_EVNT_3_SHORT_DESC,CRASH_CAUSE_1_CD,CRASH_CAUSE_1_SHORT_DESC,CRASH_CAUSE_2_CD,CRASH_CAUSE_2_SHORT_DESC,CRASH_CAUSE_3_CD,CRASH_CAUSE_3_SHORT_DESC,SCHL_ZONE_IND,WRK_ZONE_IND,ALCHL_INVLV_FLG,DRUG_INVLV_FLG,MJ_INVLV_FLG,CRASH_SPEED_INVLV_FLG,CRASH_HIT_RUN_FLG,POP_RNG_CD,POP_RNG_MED_DESC,RD_CNTL_CD,RD_CNTL_MED_DESC,RTE_TYP_CD,RTE_ID,RTE_NM,REG_ID,DIST_ID,SEG_MRK_ID,SEG_PT_LRS_MEAS,UNLOCT_FLG,CRASH_LAST_UD_DT,TOT_VHCL_CNT,TOT_FATAL_CNT,TOT_INJ_LVL_A_CNT,TOT_INJ_LVL_B_CNT,TOT_INJ_LVL_C_CNT,TOT_INJ_CNT,TOT_UNINJD_AGE00_04_CNT,TOT_UNINJD_PER_CNT,TOT_PED_CNT,TOT_PED_FATAL_CNT,TOT_PED_INJ_LVL_A_CNT,TOT_PED_INJ_CNT,TOT_PEDCYCL_CNT,TOT_PEDCYCL_FATAL_CNT,TOT_PEDCYCL_INJ_LVL_A_CNT,TOT_PEDCYCL_INJ_CNT,TOT_UNKNWN_CNT,TOT_UNKNWN_FATAL_CNT,TOT_UNKNWN_INJ_CNT,TOT_OCCUP_CNT,TOT_PER_INVLV_CNT,TOT_SFTY_EQUIP_USED_QTY,TOT_SFTY_EQUIP_UNUSED_QTY,TOT_SFTY_EQUIP_USE_UNKNWN_QTY,TOT_PSNGR_VHCL_OCC_UNRESTRND_FATAL_CNT,TOT_MCYCLST_FATAL_CNT,TOT_MCYCLST_INJ_LVL_A_CNT,TOT_MCYCLST_INJ_CNT,TOT_MCYCLST_UNHELMTD_FATAL_CNT,TOT_ALCHL_IMPAIRED_DRVR_INV_FATAL_CNT,TOT_DRVR_AGE_01_20_CNT,LANE_RDWY_DPRT_CRASH_FLG
1790387,06842,08/05/18 00:00:00,08,05,2018,1,14,2P,26,Multnomah,245,Portland SE,57,PORTLAND UA,14,U PR-ART,1,NA,NA,NA,NA,NA,NA,NA,NA,NA,NA,45,30,46.59,-122,39,38.77,45.512941666666,-122.660769444444,NA,NA,NA,NA,00929,SE GRAND AVE,NA,01513,SE MADISON ST,NA,1,0,5,NA,NA,1,INTER,0,1,CROSS,0,0,0,NA,0,NA,NA,06,E,S-1STOP,3,REAR,4,INJ,1,CLR,1,DRY,1,DAY,001,TRF SIGNAL,1,0,NONE,113,S CAR ROW,NA,NA,NA,NA,29,F AVOID,NA,NA,NA,NA,NA,NA,0,0,0,0,0,9,"Over 200,000",1,PORTLAND CITY STREET,NA,NA,NA,1,02B,58_117079,NA,0,10/30/19 17:21:05,2,0,0,0,1,1,0,2,0,0,0,0,0,0,0,0,0,0,0,3,3,2,0,1,0,0,0,0,0,0,0,N
1790401,06532,07/27/18 00:00:00,07,27,2018,6,17,5P,26,Multnomah,245,Portland SE,57,PORTLAND UA,14,U PR-ART,1,068,NA,CASCADE HWY NORTH,1,0,MN,0,R,NA,006800100S00,45,30,0.13,-122,34,43.33,45.500036111111,-122.57870277777766,NA,NA,NA,NA,02326,SE TIBBETTS ST,NA,05082,SE 82ND AVE,NA,1,NA,1,4.57000017,35,1,INTER,0,3,3-LEG,0,0,0,NA,0,NA,NA,06,E,S-1STOP,3,REAR,4,INJ,1,CLR,1,DRY,1,DAY,099,UNKNOWN,1,0,NONE,NA,NA,NA,NA,NA,NA,29,F AVOID,NA,NA,NA,NA,NA,NA,0,0,0,0,0,9,"Over 200,000",2,PORTLAND HWY SYSTEM,OR,213,OR 213,1,02B,293_10866,NA,0,10/30/19 17:21:05,2,0,0,0,2,2,0,1,0,0,0,0,0,0,0,0,0,0,0,3,3,2,0,1,0,0,0,0,0,0,0,N
1790404,06534,07/27/18 00:00:00,07,27,2018,6,14,2P,26,Multnomah,245,Portland SE,57,PORTLAND UA,11,U INTRST,1,064,NA,EAST PORTLAND FREEWAY,1,0,MN,0,R,NA,006400100S00,45,28,37.33,-122,33,55.8,45.477036111110664,-122.5655,NA,NA,NA,NA,00745,EAST PORTLAND FY,NA,09710,NB EX WOODSTOCK C1,NA,1,NA,1,17.7199993,55,3,STRGHT,0,NA,NA,0,0,0,6,NA,2,DIVMD,04,C,S-STRGHT,3,REAR,4,INJ,1,CLR,1,DRY,1,DAY,017,MEDIAN BAR,1,0,NONE,013,FORCED,NA,NA,NA,NA,29,F AVOID,NA,NA,NA,NA,NA,NA,0,0,0,0,0,9,"Over 200,000",2,PORTLAND HWY SYSTEM,IS,205,I-205,1,02B,293_5705,NA,0,10/30/19 17:21:05,3,0,0,0,3,3,1,4,0,0,0,0,0,0,0,0,0,0,0,7,7,1,0,6,0,0,0,0,0,0,0,N
1790405,06844,08/05/18 00:00:00,08,05,2018,1,12,12P,26,Multnomah,245,Portland SE,57,PORTLAND UA,11,U INTRST,1,064,NA,EAST PORTLAND FREEWAY,1,6,CN,0,R,6,0064BP100S00,45,28,46.68,-122,34,0.17,45.479633333332664,-122.56671388888867,NA,NA,NA,NA,00745,EAST PORTLAND FY,NA,09712,SB EX FOSTER RD C6,NA,1,NA,1,18.3400002,55,3,STRGHT,0,NA,NA,1,0,0,2,NA,0,NONE,03,E,S-1STOP,3,REAR,4,INJ,1,CLR,1,DRY,1,DAY,015,ONE-WAY,1,0,NONE,NA,NA,NA,NA,NA,NA,29,F AVOID,NA,NA,NA,NA,NA,NA,0,0,0,0,0,9,"Over 200,000",2,PORTLAND HWY SYSTEM,IS,205,I-205,1,02B,293_6120,NA,0,10/30/19 17:21:05,2,0,0,0,1,1,1,3,0,0,0,0,0,0,0,0,0,0,0,4,4,4,0,0,0,0,0,0,0,0,0,N
1790410,06537,07/27/18 00:00:00,07,27,2018,6,09,9A,26,Multnomah,245,Portland SE,57,PORTLAND UA,14,U PR-ART,1,NA,NA,NA,NA,NA,NA,NA,NA,NA,NA,45,31,2.01,-122,39,38.69,45.51722499999967,-122.660747222222,NA,NA,NA,NA,00929,SE GRAND AVE,NA,01591,SE MORRISON ST,NA,1,0,9,NA,NA,1,INTER,0,1,CROSS,0,0,0,NA,1,NA,NA,02,B,ANGL-OTH,1,ANGL,4,INJ,1,CLR,1,DRY,1,DAY,001,TRF SIGNAL,1,5,NO RPT,NA,NA,NA,NA,NA,NA,04,DIS SIG,NA,NA,NA,NA,NA,NA,0,0,0,0,0,9,"Over 200,000",1,PORTLAND CITY STREET,NA,NA,NA,1,02B,58_160712,NA,0,10/30/19 17:21:05,2,0,0,0,1,1,0,1,0,0,0,0,0,0,0,0,0,0,0,2,2,2,0,0,0,0,0,0,0,0,0,N
1790418,06548,07/27/18 00:00:00,07,27,2018,6,19,7P,26,Multnomah,245,Portland SE,57,PORTLAND UA,11,U INTRST,1,064,NA,EAST PORTLAND FREEWAY,1,6,CN,0,R,6,0064BP100S00,45,28,45.67,-122,34,0.57,45.47935277777767,-122.56682499999967,NA,NA,NA,NA,00824,SE FOSTER RD,NA,09712,SB EX FOSTER RD C6,NA,1,NA,9,18.3600006,NA,1,INTER,0,1,CROSS,0,0,0,NA,1,NA,NA,01,B,ANGL-OTH,1,ANGL,4,INJ,1,CLR,1,DRY,1,DAY,001,TRF SIGNAL,1,0,NONE,NA,NA,NA,NA,NA,NA,04,DIS SIG,NA,NA,NA,NA,NA,NA,0,0,0,0,0,9,"Over 200,000",2,PORTLAND HWY SYSTEM,IS,205,I-205,1,02B,293_6120,NA,0,10/30/19 17:21:05,3,0,0,0,1,1,0,2,0,0,0,0,0,0,0,0,0,0,0,3,3,1,0,2,0,0,0,0,0,0,0,N
1790427,06565,07/28/18 00:00:00,07,28,2018,7,17,5P,26,Multnomah,245,Portland SE,57,PORTLAND UA,14,U PR-ART,1,026,NA,MT. HOOD,1,0,MN,0,R,NA,002600100S00,45,29,47.66,-122,32,52.72,45.49657222222133,-122.54797777777733,NA,NA,NA,NA,01940,SE POWELL BLVD,NA,05112,SE 112TH AVE,NA,1,NA,7,6.71000004,35,1,INTER,0,1,CROSS,0,0,0,NA,0,NA,NA,06,E,S-1STOP,3,REAR,4,INJ,1,CLR,1,DRY,1,DAY,001,TRF SIGNAL,1,0,NONE,NA,NA,NA,NA,NA,NA,29,F AVOID,NA,NA,NA,NA,NA,NA,0,0,0,0,0,9,"Over 200,000",2,PORTLAND HWY SYSTEM,US,26,US 26,1,02B,293_13269,NA,0,10/30/19 17:21:05,2,0,0,0,2,2,0,1,0,0,0,0,0,0,0,0,0,0,0,3,3,3,0,0,0,0,0,0,0,0,0,N
1790434,06572,07/28/18 00:00:00,07,28,2018,7,18,6P,26,Multnomah,245,Portland SE,57,PORTLAND UA,16,U MN-ART,0,NA,NA,NA,NA,NA,NA,NA,NA,NA,NA,45,31,8.77,-122,31,15.68,45.51910277777767,-122.52102222222166,NA,NA,NA,NA,02259,SE STARK ST,NA,05139,SE 139TH AVE,NA,1,0,9,NA,NA,1,INTER,0,1,CROSS,0,0,0,NA,0,NA,NA,01,B,ANGL-OTH,1,ANGL,4,INJ,1,CLR,1,DRY,1,DAY,001,TRF SIGNAL,1,5,NO RPT,NA,NA,NA,NA,NA,NA,02,NO-YIELD,04,DIS SIG,NA,NA,NA,NA,0,0,0,0,0,9,"Over 200,000",1,PORTLAND CITY STREET,NA,NA,NA,1,02B,58_115864,NA,0,10/30/19 17:21:05,2,0,1,0,2,3,0,0,0,0,0,0,0,0,0,0,0,0,0,3,3,3,0,0,0,0,0,0,0,0,0,N
1790435,06574,07/28/18 00:00:00,07,28,2018,7,16,4P,26,Multnomah,245,Portland SE,57,PORTLAND UA,14,U PR-ART,1,068,NA,CASCADE HWY NORTH,1,0,MN,0,R,NA,006800100S00,45,30,45.46,-122,34,43.37,45.512627777777,-122.57871388888867,NA,NA,NA,NA,01513,SE MADISON ST,NA,05082,SE 82ND AVE,NA,1,NA,9,3.69000006,35,1,INTER,0,3,3-LEG,0,0,0,NA,0,NA,NA,02,B,ANGL-OTH,6,TURN,4,INJ,1,CLR,1,DRY,1,DAY,004,STOP SIGN,1,0,NONE,NA,NA,NA,NA,NA,NA,02,NO-YIELD,03,PAS-STOP,NA,NA,NA,NA,0,0,0,0,0,9,"Over 200,000",2,PORTLAND HWY SYSTEM,OR,213,OR 213,1,02B,293_19753,NA,0,10/30/19 17:21:05,2,0,0,1,1,2,0,2,0,0,0,0,0,0,0,0,0,0,0,4,4,4,0,0,0,0,0,0,0,0,0,N
1790441,06579,07/28/18 00:00:00,07,28,2018,7,11,11A,26,Multnomah,245,Portland SE,57,PORTLAND UA,19,U LOCAL,0,NA,NA,NA,NA,NA,NA,NA,NA,NA,NA,45,28,42.43,-122,37,17.92,45.47845277777767,-122.62164444444366,NA,NA,NA,NA,01535,SE MARTINS ST,NA,05040,SE 40TH AVE,NA,1,0,9,NA,NA,1,INTER,0,1,CROSS,0,0,0,NA,0,NA,NA,03,B,ANGL-OTH,6,TURN,4,INJ,1,CLR,1,DRY,1,DAY,000,NONE,1,5,NO RPT,NA,NA,NA,NA,NA,NA,02,NO-YIELD,NA,NA,NA,NA,NA,NA,0,0,0,0,0,9,"Over 200,000",1,PORTLAND CITY STREET,NA,NA,NA,1,02B,58_195082,NA,0,10/30/19 17:21:05,2,0,0,1,0,1,0,2,0,0,0,0,0,0,0,0,0,0,0,3,3,3,0,0,0,0,0,0,0,0,2,N
1790442,06580,07/28/18 00:00:00,07,28,2018,7,14,2P,26,Multnomah,245,Portland SE,57,PORTLAND UA,14,U PR-ART,1,026,NA,MT. HOOD,1,0,MN,0,R,NA,002600100S00,45,29,50.96,-122,36,32.58,45.497488888888334,-122.60905,NA,NA,NA,NA,01940,SE POWELL BLVD,NA,05052,SE 52ND AVE,NA,1,NA,7,3.56999993,35,1,INTER,0,1,CROSS,0,0,0,NA,0,NA,NA,06,E,S-1STOP,3,REAR,4,INJ,1,CLR,1,DRY,1,DAY,001,TRF SIGNAL,1,0,NONE,NA,NA,NA,NA,NA,NA,29,F AVOID,NA,NA,NA,NA,NA,NA,0,0,0,0,0,9,"Over 200,000",2,PORTLAND HWY SYSTEM,US,26,US 26,1,02B,293_19986,NA,0,10/30/19 17:21:05,2,0,0,0,1,1,0,1,0,0,0,0,0,0,0,0,0,0,0,2,2,2,0,0,0,0,0,0,0,0,0,N
1790443,06581,07/28/18 00:00:00,07,28,2018,7,14,2P,26,Multnomah,245,Portland SE,57,PORTLAND UA,11,U INTRST,1,064,NA,EAST PORTLAND FREEWAY,2,0,MN,0,R,NA,006400200S00,45,31,6.7,-122,33,56.06,45.51852777777767,-122.565572222222,NA,NA,NA,NA,00745,EAST PORTLAND FY,NA,09727,SB EF GLSN-STARK C8,NA,1,NA,5,20.6200008,55,3,STRGHT,0,NA,NA,0,0,0,6,NA,2,DIVMD,04,C,S-STRGHT,3,REAR,4,INJ,1,CLR,1,DRY,1,DAY,017,MEDIAN BAR,1,1,STATE,NA,NA,NA,NA,NA,NA,01,TOO-FAST,29,F AVOID,NA,NA,NA,1,0,0,0,1,0,9,"Over 200,000",2,PORTLAND HWY SYSTEM,IS,205,I-205,1,02B,293_5895,NA,0,10/30/19 17:21:05,2,0,0,0,2,2,0,0,0,0,0,0,0,0,0,0,0,0,0,2,2,2,0,0,0,0,0,0,0,0,0,N
1790446,06584,07/28/18 00:00:00,07,28,2018,7,17,5P,26,Multnomah,245,Portland SE,57,PORTLAND UA,16,U MN-ART,0,NA,NA,NA,NA,NA,NA,NA,NA,NA,NA,45,31,8.95,-122,29,55.29,45.51915277777767,-122.49869166666633,NA,NA,NA,NA,02259,SE STARK ST,NA,05160,SE 160TH AVE,NA,1,80,3,NA,NA,3,STRGHT,1,NA,NA,0,0,0,4,NA,0,NONE,07,8,FIX OBJ,9,FIX,4,INJ,1,CLR,1,DRY,1,DAY,099,UNKNOWN,1,3,CITY,053,POLE UTL,NA,NA,NA,NA,01,TOO-FAST,27,INATTENT,NA,NA,0,0,0,0,0,1,1,9,"Over 200,000",1,PORTLAND CITY STREET,NA,NA,NA,1,02B,58_500721,NA,0,10/30/19 17:21:05,1,0,0,0,1,1,0,0,0,0,0,0,0,0,0,0,0,0,0,1,1,0,0,1,0,0,0,0,0,0,0,Y
1790449,06585,07/28/18 00:00:00,07,28,2018,7,02,2A,26,Multnomah,245,Portland SE,57,PORTLAND UA,16,U MN-ART,0,NA,NA,NA,NA,NA,NA,NA,NA,NA,NA,45,30,49.18,-122,29,47.51,45.513661111111,-122.49653055555534,NA,NA,NA,NA,01515,SE MAIN ST,NA,05162,SE 162ND AVE,NA,1,0,0,NA,NA,1,INTER,0,1,CROSS,0,0,0,NA,0,NA,NA,06,E,S-1STOP,3,REAR,4,INJ,1,CLR,1,DRY,2,DLIT,001,TRF SIGNAL,1,3,CITY,NA,NA,NA,NA,NA,NA,29,F AVOID,33,RECKLESS,NA,NA,0,0,1,0,0,0,0,9,"Over 200,000",1,PORTLAND CITY STREET,NA,NA,NA,1,02B,58_117761,NA,0,10/30/19 17:21:05,2,0,0,0,1,1,0,1,0,0,0,0,0,0,0,0,0,0,0,2,2,0,0,2,0,0,0,0,0,0,0,N
1790454,06593,07/28/18 00:00:00,07,28,2018,7,14,2P,26,Multnomah,245,Portland SE,57,PORTLAND UA,17,U MJ-COL,0,NA,NA,NA,NA,NA,NA,NA,NA,NA,NA,45,28,7.15,-122,35,21.66,45.46865277777767,-122.58934999999933,NA,NA,NA,NA,00817,SE FLAVEL ST,NA,05072,SE 72ND AVE,NA,1,0,9,NA,NA,1,INTER,0,1,CROSS,0,0,0,NA,0,NA,NA,04,B,ANGL-OTH,1,ANGL,4,INJ,1,CLR,1,DRY,1,DAY,001,TRF SIGNAL,1,5,NO RPT,NA,NA,NA,NA,NA,NA,27,INATTENT,02,NO-YIELD,04,DIS SIG,NA,NA,0,0,0,0,0,9,"Over 200,000",1,PORTLAND CITY STREET,NA,NA,NA,1,02B,58_183176,NA,0,10/30/19 17:21:05,2,0,0,1,0,1,0,1,0,0,0,0,0,0,0,0,0,0,0,2,2,2,0,0,0,0,0,0,0,0,0,N
1790459,06595,07/28/18 00:00:00,07,28,2018,7,09,9A,26,Multnomah,245,Portland SE,57,PORTLAND UA,11,U INTRST,1,064,NA,EAST PORTLAND FREEWAY,1,6,CN,0,R,2,0064BT100S00,45,30,15.75,-122,33,47.66,45.504375,-122.563238888888,NA,NA,NA,NA,00614,SE DIVISION ST,NA,09716,NB POWELL-DIV C2,NA,1,NA,5,19.6200008,NA,1,INTER,0,1,CROSS,0,0,0,NA,0,NA,NA,06,E,S-1STOP,3,REAR,4,INJ,1,CLR,1,DRY,1,DAY,001,TRF SIGNAL,1,0,NONE,NA,NA,NA,NA,NA,NA,29,F AVOID,NA,NA,NA,NA,NA,NA,0,0,0,0,0,9,"Over 200,000",2,PORTLAND HWY SYSTEM,IS,205,I-205,1,02B,293_6125,NA,0,10/30/19 17:21:05,2,0,0,0,2,2,0,0,0,0,0,0,0,0,0,0,0,0,0,2,2,1,0,1,0,0,0,0,0,0,0,N
1790460,06848,08/05/18 00:00:00,08,05,2018,1,14,2P,26,Multnomah,245,Portland SE,57,PORTLAND UA,14,U PR-ART,1,NA,NA,NA,NA,NA,NA,NA,NA,NA,NA,45,30,41.48,-122,39,38.82,45.511522222222,-122.660783333333,NA,NA,NA,NA,00458,SE CLAY ST,NA,00929,SE GRAND AVE,NA,1,0,9,NA,NA,1,INTER,0,1,CROSS,0,0,0,NA,0,NA,NA,03,H,O-1 L-TURN,6,TURN,4,INJ,1,CLR,1,DRY,1,DAY,001,TRF SIGNAL,1,5,NO RPT,NA,NA,NA,NA,NA,NA,02,NO-YIELD,NA,NA,NA,NA,NA,NA,0,0,0,0,0,9,"Over 200,000",1,PORTLAND CITY STREET,NA,NA,NA,1,02B,58_140013,NA,0,10/30/19 17:21:05,2,0,0,0,1,1,0,1,0,0,0,0,0,0,0,0,0,0,0,2,2,2,0,0,0,0,0,0,0,0,0,N
1790463,06849,08/05/18 00:00:00,08,05,2018,1,16,4P,26,Multnomah,245,Portland SE,57,PORTLAND UA,11,U INTRST,1,064,NA,EAST PORTLAND FREEWAY,1,0,MN,0,R,NA,006400100S00,45,30,57.53,-122,33,54.88,45.515980555555,-122.565244444444,NA,NA,NA,NA,00745,EAST PORTLAND FY,NA,09723,NB EX WASH-STARK C1,NA,1,NA,1,20.4099998,55,3,STRGHT,0,NA,NA,0,0,0,6,NA,2,DIVMD,03,E,S-1STOP,3,REAR,4,INJ,1,CLR,1,DRY,1,DAY,099,UNKNOWN,1,0,NONE,NA,NA,NA,NA,NA,NA,29,F AVOID,NA,NA,NA,NA,NA,NA,0,0,0,0,0,9,"Over 200,000",2,PORTLAND HWY SYSTEM,IS,205,I-205,1,02B,293_5710,NA,0,10/30/19 17:21:05,2,0,0,0,1,1,0,1,0,0,0,0,0,0,0,0,0,0,0,2,2,1,0,1,0,0,0,0,0,0,0,N
1790468,06852,08/05/18 00:00:00,08,05,2018,1,16,4P,26,Multnomah,245,Portland SE,57,PORTLAND UA,14,U PR-ART,1,081,NA,PACIFIC HIGHWAY EAST,1,6,CN,0,R,2,0081BQ100S00,45,27,55.11,-122,38,17.86,45.465308333333,-122.63829444444433,NA,NA,NA,NA,01506,SE MCLOUGHLIN BLVD,NA,09730,NB EX-ENFR TACOMA,NA,1,NA,2,4.32999992,NA,1,INTER,0,3,3-LEG,0,0,0,NA,1,NA,NA,09,E,S-1STOP,3,REAR,4,INJ,1,CLR,1,DRY,1,DAY,004,STOP SIGN,1,0,NONE,NA,NA,NA,NA,NA,NA,27,INATTENT,NA,NA,NA,NA,NA,NA,0,0,0,0,0,9,"Over 200,000",2,PORTLAND HWY SYSTEM,OR,99,OR 99E,1,02B,293_1898,NA,0,10/30/19 17:21:05,2,0,0,0,1,1,0,5,0,0,0,0,0,0,0,0,0,0,0,6,6,6,0,0,0,0,0,0,0,0,0,N
1790473,06855,08/05/18 00:00:00,08,05,2018,1,11,11A,26,Multnomah,245,Portland SE,57,PORTLAND UA,19,U LOCAL,0,NA,NA,NA,NA,NA,NA,NA,NA,NA,NA,45,28,13.79,-122,37,22.87,45.47049722222167,-122.62301944444367,NA,NA,NA,NA,01319,SE KNAPP ST,NA,05039,SE 39TH AV/CESAR CHAVEZ,NA,1,92,7,NA,NA,3,STRGHT,0,NA,NA,0,0,0,2,NA,0,NONE,08,6,BIKE,4,SS-M,4,INJ,1,CLR,1,DRY,1,DAY,099,UNKNOWN,1,0,NONE,110,N-MTR,NA,NA,NA,NA,05,LEFT-CTR,NA,NA,NA,NA,NA,NA,0,0,0,0,0,9,"Over 200,000",1,PORTLAND CITY STREET,NA,NA,NA,1,02B,58_129276,NA,0,10/30/19 17:21:05,1,0,0,0,1,1,0,1,0,0,0,0,1,0,0,1,0,0,0,1,2,0,0,2,0,0,0,0,0,0,0,Y
1790476,06601,07/29/18 00:00:00,07,29,2018,1,11,11A,26,Multnomah,245,Portland SE,57,PORTLAND UA,14,U PR-ART,1,026,NA,MT. HOOD,1,0,MN,0,R,NA,002600100S00,45,29,49.49,-122,32,15.58,45.497080555555335,-122.53766111111034,NA,NA,NA,NA,01940,SE POWELL BLVD,NA,05122,SE 122ND AVE,NA,1,NA,7,7.21000004,35,1,INTER,0,1,CROSS,0,0,0,NA,0,NA,NA,06,E,S-1STOP,3,REAR,4,INJ,1,CLR,1,DRY,1,DAY,001,TRF SIGNAL,1,5,NO RPT,013,FORCED,NA,NA,NA,NA,29,F AVOID,NA,NA,NA,NA,NA,NA,0,0,0,0,0,9,"Over 200,000",2,PORTLAND HWY SYSTEM,US,26,US 26,1,02B,293_18791,NA,0,10/30/19 17:21:05,5,0,0,1,6,7,0,1,0,0,0,0,0,0,0,0,0,0,0,8,8,5,0,3,0,0,0,0,0,0,0,N
1790483,06879,08/01/18 00:00:00,08,01,2018,4,18,6P,26,Multnomah,245,Portland SE,57,PORTLAND UA,14,U PR-ART,1,NA,NA,NA,NA,NA,NA,NA,NA,NA,NA,45,30,59.48,-122,39,38.71,45.516522222222,-122.660752777777,NA,NA,NA,NA,00226,SE BELMONT ST,NA,00929,SE GRAND AVE,NA,1,0,9,NA,NA,1,INTER,0,5,5-LEG,0,0,0,NA,0,NA,NA,04,B,ANGL-OTH,1,ANGL,4,INJ,1,CLR,1,DRY,1,DAY,001,TRF SIGNAL,1,3,CITY,NA,NA,NA,NA,NA,NA,33,RECKLESS,04,DIS SIG,NA,NA,0,0,1,0,0,0,0,9,"Over 200,000",1,PORTLAND CITY STREET,NA,NA,NA,1,02B,58_115902,NA,0,10/30/19 17:21:05,2,0,0,1,0,1,0,1,0,0,0,0,0,0,0,0,0,0,0,2,2,2,0,0,0,0,0,0,0,0,0,N
1790490,06605,07/29/18 00:00:00,07,29,2018,1,17,5P,26,Multnomah,245,Portland SE,57,PORTLAND UA,17,U MJ-COL,0,NA,NA,NA,NA,NA,NA,NA,NA,NA,NA,45,29,24.19,-122,34,13.74,45.490052777777336,-122.57048333333266,NA,NA,NA,NA,01055,SE HOLGATE BLVD,NA,05090,SE 90TH AVE,NA,1,0,7,NA,NA,1,INTER,0,3,3-LEG,0,0,0,NA,0,NA,NA,06,E,S-1STOP,3,REAR,4,INJ,1,CLR,1,DRY,1,DAY,099,UNKNOWN,1,5,NO RPT,NA,NA,NA,NA,NA,NA,27,INATTENT,29,F AVOID,NA,NA,NA,NA,0,0,0,0,0,9,"Over 200,000",1,PORTLAND CITY STREET,NA,NA,NA,1,02B,58_141284,NA,0,10/30/19 17:21:05,2,0,0,0,1,1,0,1,0,0,0,0,0,0,0,0,0,0,0,2,2,0,0,2,0,0,0,0,0,0,0,N
1790493,06884,08/06/18 00:00:00,08,06,2018,2,12,12P,26,Multnomah,245,Portland SE,57,PORTLAND UA,16,U MN-ART,0,NA,NA,NA,NA,NA,NA,NA,NA,NA,NA,45,31,7.74,-122,33,30.33,45.518816666666666,-122.558425,NA,NA,NA,NA,05102,SE 102ND AVE,NA,02259,SE STARK ST,NA,1,61,5,NA,NA,3,STRGHT,0,NA,NA,0,0,0,2,NA,0,NONE,07,E,S-1STOP,3,REAR,4,INJ,1,CLR,1,DRY,1,DAY,015,ONE-WAY,1,0,NONE,NA,NA,NA,NA,NA,NA,29,F AVOID,NA,NA,NA,NA,NA,NA,0,0,0,0,0,9,"Over 200,000",1,PORTLAND CITY STREET,NA,NA,NA,1,02B,58_115920,NA,0,10/30/19 17:21:05,2,0,0,0,1,1,1,4,0,0,0,0,0,0,0,0,0,0,0,5,5,4,0,1,0,0,0,0,0,0,0,N