CRASH_ID,SER_NO,CRASH_DT,CRASH_MO_NO,CRASH_DAY_NO,CRASH_YR_NO,CRASH_WK_DAY_CD,CRASH_HR_NO,CRASH_HR_SHORT_DESC,CNTY_ID,CNTY_NM,CITY_SECT_ID,CITY_SECT_NM,URB_AREA_CD,URB_AREA_SHORT_NM,FC_CD,FC_SHORT_DESC,NHS_FLG,HWY_NO,HWY_SFX_NO,HWY_MED_NM,RDWY_NO,HWY_COMPNT_CD,HWY_COMPNT_SHORT_DESC,MLGE_TYP_CD,MLGE_TYP_SHORT_DESC,RD_CON_NO,LRS_VAL,LAT_DEG_NO,LAT_MINUTE_NO,LAT_SEC_NO,LONGTD_DEG_NO,LONGTD_MINUTE_NO,LONGTD_SEC_NO,LAT_DD,LONGTD_DD,SPECL_JRSDCT_ID,SPECL_JRSDCT_SHORT_DESC,JRSDCT_GRP_CD,JRSDCT_GRP_LONG_DESC,AGY_ST_NO,ST_FULL_NM,RECRE_RD_NM,ISECT_AGY_ST_NO,ISECT_ST_FULL_NM,ISECT_RECRE_RD_NM,ISECT_SEQ_NO,FROM_ISECT_DSTNC_QTY,CMPSS_DIR_CD,MP_NO,POST_SPEED_LMT_VAL,RD_CHAR_CD,RD_CHAR_SHORT_DESC,OFF_RDWY_FLG,ISECT_TYP_CD,ISECT_TYP_SHORT_DESC,ISECT_REL_FLG,RNDABT_FLG,DRVWY_REL_FLG,LN_QTY,TURNG_LEG_QTY,MEDN_TYP_CD,MEDN_TYP_SHORT_DESC,IMPCT_LOC_CD,CRASH_TYP_CD,CRASH_TYP_SHORT_DESC,COLLIS_TYP_CD,COLLIS_TYP_SHORT_DESC,CRASH_SVRTY_CD,CRASH_SVRTY_SHORT_DESC,WTHR_COND_CD,WTHR_COND_SHORT_DESC,RD_SURF_COND_CD,RD_SURF_SHORT_DESC,LGT_COND_CD,LGT_COND_SHORT_DESC,TRAF_CNTL_DEVICE_CD,TRAF_CNTL_DEVICE_SHORT_DESC,TRAF_CNTL_FUNC_FLG,INVSTG_AGY_CD,INVSTG_AGY_SHORT_DESC,CRASH_EVNT_1_CD,CRASH_EVNT_1_SHORT_DESC,CRASH_EVNT_2_CD,CRASH_EVNT_2_SHORT_DESC,CRASH_EVNT_3_CD,CRASH_EVNT_3_SHORT_DESC,CRASH_CAUSE_1_CD,CRASH_CAUSE_1_SHORT_DESC,CRASH_CAUSE_2_CD,CRASH_CAUSE_2_SHORT_DESC,CRASH_CAUSE_3_CD,CRASH_CAUSE_3_SHORT_DESC,SCHL_ZONE_IND,WRK_ZONE_IND,ALCHL_INVLV_FLG,DRUG_INVLV_FLG,MJ_INVLV_FLG,CRASH_SPEED_INVLV_FLG,CRASH_HIT_RUN_FLG,POP_RNG_CD,POP_RNG_MED_DESC,RD_CNTL_CD,RD_CNTL_MED_DESC,RTE_TYP_CD,RTE_ID,RTE_NM,REG_ID,DIST_ID,SEG_MRK_ID,SEG_PT_LRS_MEAS,UNLOCT_FLG,CRASH_LAST_UD_DT,TOT_VHCL_CNT,TOT_FATAL_CNT,TOT_INJ_LVL_A_CNT,TOT_INJ_LVL_B_CNT,TOT_INJ_LVL_C_CNT,TOT_INJ_CNT,TOT_UNINJD_AGE00_04_CNT,TOT_UNINJD_PER_CNT,TOT_PED_CNT,TOT_PED_FATAL_CNT,TOT_PED_INJ_LVL_A_CNT,TOT_PED_INJ_CNT,TOT_PEDCYCL_CNT,TOT_PEDCYCL_FATAL_CNT,TOT_PEDCYCL_INJ_LVL_A_CNT,TOT_PEDCYCL_INJ_CNT,TOT_UNKNWN_CNT,TOT_UNKNWN_FATAL_CNT,TOT_UNKNWN_INJ_CNT,TOT_OCCUP_CNT,TOT_PER_INVLV_CNT,TOT_SFTY_EQUIP_USED_QTY,TOT_SFTY_EQUIP_UNUSED_QTY,TOT_SFTY_EQUIP_USE_UNKNWN_QTY,TOT_PSNGR_VHCL_OCC_UNRESTRND_FATAL_CNT,TOT_MCYCLST_FATAL_CNT,TOT_MCYCLST_INJ_LVL_A_CNT,TOT_MCYCLST_INJ_CNT,TOT_MCYCLST_UNHELMTD_FATAL_CNT,TOT_ALCHL_IMPAIRED_DRVR_INV_FATAL_CNT,TOT_DRVR_AGE_01_20_CNT,LANE_RDWY_DPRT_CRASH_FLG
1790494,06885,08/06/18 00:00:00,08,06,2018,2,16,4P,26,Multnomah,245,Portland SE,57,PORTLAND UA,17,U MJ-COL,0,NA,NA,NA,NA,NA,NA,NA,NA,NA,NA,45,29,24.86,-122,34,36.45,45.490238888888335,-122.57679166666667,NA,NA,NA,NA,01055,SE HOLGATE BLVD,NA,05084,SE 84TH AVE,NA,1,0,7,NA,NA,1,INTER,0,1,CROSS,0,0,0,NA,0,NA,NA,06,E,S-1STOP,3,REAR,4,INJ,1,CLR,1,DRY,1,DAY,001,TRF SIGNAL,1,0,NONE,NA,NA,NA,NA,NA,NA,29,F AVOID,NA,NA,NA,NA,NA,NA,0,0,0,0,0,9,"Over 200,000",1,PORTLAND CITY STREET,NA,NA,NA,1,02B,58_124478,NA,0,10/30/19 17:21:05,2,0,0,0,2,2,0,1,0,0,0,0,0,0,0,0,0,0,0,3,3,2,0,1,0,0,0,0,0,0,0,N
1790509,06891,08/06/18 00:00:00,08,06,2018,2,18,6P,26,Multnomah,245,Portland SE,57,PORTLAND UA,16,U MN-ART,0,NA,NA,NA,NA,NA,NA,NA,NA,NA,NA,45,28,36.91,-122,31,24.83,45.476919444443666,-122.52356388888867,NA,NA,NA,NA,00824,SE FOSTER RD,NA,05136,SE 136TH AVE,NA,1,0,3,NA,NA,1,INTER,0,3,3-LEG,0,0,0,NA,0,NA,NA,06,E,S-1STOP,3,REAR,4,INJ,1,CLR,1,DRY,1,DAY,001,TRF SIGNAL,1,0,NONE,NA,NA,NA,NA,NA,NA,29,F AVOID,NA,NA,NA,NA,NA,NA,0,0,0,0,0,9,"Over 200,000",1,PORTLAND CITY STREET,NA,NA,NA,1,02C,58_128227,NA,0,10/30/19 17:21:05,2,0,0,0,1,1,0,1,0,0,0,0,0,0,0,0,0,0,0,2,2,1,0,1,0,0,0,0,0,0,0,N
1790515,06893,08/06/18 00:00:00,08,06,2018,2,00,12A,26,Multnomah,245,Portland SE,57,PORTLAND UA,14,U PR-ART,1,026,NA,MT. HOOD,1,0,MN,0,R,NA,002600100S00,45,29,52.65,-122,31,22.64,45.49795833333333,-122.52295555555467,NA,NA,NA,NA,01940,SE POWELL BLVD,NA,05136,SE 136TH AVE,NA,1,NA,9,7.92999983,35,2,ALLEY,0,NA,NA,0,0,0,2,NA,0,NONE,04,H,O-1 L-TURN,6,TURN,4,INJ,1,CLR,1,DRY,2,DLIT,099,UNKNOWN,1,3,CITY,NA,NA,NA,NA,NA,NA,02,NO-YIELD,NA,NA,NA,NA,0,0,1,0,0,0,1,9,"Over 200,000",2,PORTLAND HWY SYSTEM,US,26,US 26,1,02B,293_14853,NA,0,10/30/19 17:21:05,2,0,0,0,2,2,0,0,0,0,0,0,0,0,0,0,0,0,0,2,2,1,0,1,0,0,0,0,0,0,0,N
1790519,06896,08/06/18 00:00:00,08,06,2018,2,16,4P,26,Multnomah,245,Portland SE,57,PORTLAND UA,16,U MN-ART,0,NA,NA,NA,NA,NA,NA,NA,NA,NA,NA,45,28,58.11,-122,34,44.22,45.48280833333267,-122.57894999999967,NA,NA,NA,NA,00824,SE FOSTER RD,NA,05082,SE 82ND AVE,NA,1,0,7,NA,NA,1,INTER,0,1,CROSS,0,0,0,NA,0,NA,NA,06,E,S-1STOP,3,REAR,4,INJ,1,CLR,1,DRY,1,DAY,001,TRF SIGNAL,1,0,NONE,NA,NA,NA,NA,NA,NA,29,F AVOID,NA,NA,NA,NA,NA,NA,0,0,0,0,0,9,"Over 200,000",1,PORTLAND CITY STREET,NA,NA,NA,1,02B,58_126367,NA,0,10/30/19 17:21:05,2,0,0,0,2,2,0,2,0,0,0,0,0,0,0,0,0,0,0,4,4,3,0,1,0,0,0,0,0,0,0,N
1790521,06897,08/06/18 00:00:00,08,06,2018,2,18,6P,26,Multnomah,245,Portland SE,57,PORTLAND UA,16,U MN-ART,0,NA,NA,NA,NA,NA,NA,NA,NA,NA,NA,45,28,42.27,-122,33,48.46,45.478408333332666,-122.563461111111,NA,NA,NA,NA,00824,SE FOSTER RD,NA,05097,SE 97TH AVE,NA,1,0,4,NA,NA,1,INTER,0,1,CROSS,0,0,0,NA,0,NA,NA,06,C,S-STRGHT,5,SS-O,4,INJ,1,CLR,1,DRY,1,DAY,004,STOP SIGN,1,5,NO RPT,NA,NA,NA,NA,NA,NA,13,IMP LN C,NA,NA,NA,NA,NA,NA,0,0,0,0,0,9,"Over 200,000",1,PORTLAND CITY STREET,NA,NA,NA,1,02B,58_141614,NA,0,10/30/19 17:21:05,2,0,0,0,1,1,0,1,0,0,0,0,0,0,0,0,0,0,0,2,2,1,0,1,0,0,0,0,0,0,0,N
1790544,06614,07/29/18 00:00:00,07,29,2018,1,19,7P,26,Multnomah,245,Portland SE,57,PORTLAND UA,19,U LOCAL,0,NA,NA,NA,NA,NA,NA,NA,NA,NA,NA,45,31,11.84,-122,29,56.56,45.51995555555467,-122.49904444444434,NA,NA,NA,NA,05160,SE 160TH AVE,NA,02259,SE STARK ST,NA,1,260,1,NA,35,2,ALLEY,0,NA,NA,0,0,0,2,NA,0,NONE,07,B,ANGL-OTH,6,TURN,4,INJ,1,CLR,1,DRY,1,DAY,099,UNKNOWN,1,3,CITY,NA,NA,NA,NA,NA,NA,02,NO-YIELD,NA,NA,NA,NA,0,0,0,0,0,0,1,9,"Over 200,000",1,PORTLAND CITY STREET,NA,NA,NA,1,02B,58_183035,NA,0,10/30/19 17:21:05,2,0,0,0,2,2,0,1,0,0,0,0,0,0,0,0,0,0,0,3,3,2,0,1,0,0,0,0,0,0,0,N
1790547,06912,08/06/18 00:00:00,08,06,2018,2,00,12A,26,Multnomah,245,Portland SE,57,PORTLAND UA,14,U PR-ART,1,NA,NA,NA,NA,NA,NA,NA,NA,NA,NA,45,30,14.61,-122,31,47.8,45.504058333333,-122.52994444444367,NA,NA,NA,NA,00614,SE DIVISION ST,NA,05130,SE 130TH AVE,NA,1,0,3,NA,NA,1,INTER,0,1,CROSS,0,0,0,NA,0,NA,NA,06,E,S-1STOP,3,REAR,4,INJ,1,CLR,1,DRY,2,DLIT,001,TRF SIGNAL,1,3,CITY,NA,NA,NA,NA,NA,NA,29,F AVOID,NA,NA,NA,NA,NA,NA,0,0,0,0,1,9,"Over 200,000",1,PORTLAND CITY STREET,NA,NA,NA,1,02B,58_120286,NA,0,10/30/19 17:21:05,2,0,0,0,1,1,0,1,0,0,0,0,0,0,0,0,0,0,0,2,2,1,0,1,0,0,0,0,0,0,0,N
1790549,06913,08/06/18 00:00:00,08,06,2018,2,16,4P,26,Multnomah,245,Portland SE,57,PORTLAND UA,19,U LOCAL,0,NA,NA,NA,NA,NA,NA,NA,NA,NA,NA,45,27,48.99,-122,39,10.79,45.463608333333,-122.652997222222,NA,NA,NA,NA,02312,SE TENINO ST,NA,05013,SE 13TH AVE,NA,1,0,9,NA,NA,1,INTER,0,1,CROSS,0,0,0,NA,0,NA,NA,04,B,ANGL-OTH,1,ANGL,4,INJ,1,CLR,1,DRY,1,DAY,004,STOP SIGN,1,0,NONE,NA,NA,NA,NA,NA,NA,02,NO-YIELD,NA,NA,NA,NA,NA,NA,0,0,0,0,0,9,"Over 200,000",1,PORTLAND CITY STREET,NA,NA,NA,1,02B,58_130499,NA,0,10/30/19 17:21:05,2,0,0,1,0,1,1,4,0,0,0,0,0,0,0,0,0,0,0,5,5,5,0,0,0,0,0,0,0,0,1,N
1790556,06617,07/29/18 00:00:00,07,29,2018,1,15,3P,26,Multnomah,245,Portland SE,57,PORTLAND UA,16,U MN-ART,0,NA,NA,NA,NA,NA,NA,NA,NA,NA,NA,45,31,2.01,-122,39,36.25,45.51722499999967,-122.660069444444,NA,NA,NA,NA,01591,SE MORRISON ST,NA,05006,SE 6TH AVE,NA,1,70,7,NA,NA,3,STRGHT,0,NA,NA,0,0,0,4,NA,0,NONE,07,E,S-1STOP,3,REAR,4,INJ,1,CLR,1,DRY,1,DAY,099,UNKNOWN,1,5,NO RPT,NA,NA,NA,NA,NA,NA,29,F AVOID,NA,NA,NA,NA,NA,NA,0,0,0,0,0,9,"Over 200,000",1,PORTLAND CITY STREET,NA,NA,NA,1,02B,58_115672,NA,0,10/30/19 17:21:05,2,0,0,0,2,2,0,2,0,0,0,0,0,0,0,0,0,0,0,4,4,4,0,0,0,0,0,0,0,0,0,N
1790557,06923,08/07/18 00:00:00,08,07,2018,3,11,11A,26,Multnomah,245,Portland SE,57,PORTLAND UA,14,U PR-ART,1,068,NA,CASCADE HWY NORTH,1,0,MN,0,R,NA,006800100S00,45,30,17.36,-122,34,43.25,45.504822222222,-122.57868055555467,NA,NA,NA,NA,00614,SE DIVISION ST,NA,05082,SE 82ND AVE,NA,1,NA,1,4.23999977,35,1,INTER,0,1,CROSS,0,0,0,NA,0,NA,NA,06,E,S-1STOP,3,REAR,4,INJ,1,CLR,1,DRY,1,DAY,001,TRF SIGNAL,1,0,NONE,NA,NA,NA,NA,NA,NA,07,TOO-CLOS,NA,NA,NA,NA,NA,NA,0,0,0,0,0,9,"Over 200,000",2,PORTLAND HWY SYSTEM,OR,213,OR 213,1,02B,293_21402,NA,0,10/30/19 17:21:05,2,0,0,0,1,1,0,1,0,0,0,0,0,0,0,0,0,0,0,2,2,2,0,0,0,0,0,0,0,0,0,N
1790578,06645,07/30/18 00:00:00,07,30,2018,2,17,5P,26,Multnomah,245,Portland SE,57,PORTLAND UA,17,U MJ-COL,1,NA,NA,NA,NA,NA,NA,NA,NA,NA,NA,45,29,25.18,-122,39,4.15,45.49032777777733,-122.651152777777,NA,NA,NA,NA,01055,SE HOLGATE BLVD,NA,01567,SE MILWAUKIE AVE,NA,1,0,9,NA,NA,1,INTER,0,1,CROSS,0,0,0,NA,0,NA,NA,01,B,ANGL-OTH,1,ANGL,4,INJ,1,CLR,1,DRY,1,DAY,001,TRF SIGNAL,1,3,CITY,NA,NA,NA,NA,NA,NA,02,NO-YIELD,04,DIS SIG,NA,NA,0,0,0,0,0,0,1,9,"Over 200,000",1,PORTLAND CITY STREET,NA,NA,NA,1,02B,58_123943,NA,0,10/30/19 17:21:05,2,0,0,0,1,1,0,1,0,0,0,0,0,0,0,0,0,0,0,2,2,2,0,0,0,0,0,0,0,0,0,N
1790598,06650,07/30/18 00:00:00,07,30,2018,2,17,5P,26,Multnomah,245,Portland SE,57,PORTLAND UA,17,U MJ-COL,0,NA,NA,NA,NA,NA,NA,NA,NA,NA,NA,45,29,24.87,-122,34,38.06,45.490241666666336,-122.57723888888867,NA,NA,NA,NA,01055,SE HOLGATE BLVD,NA,05084,SE 84TH AVE,NA,1,100,7,NA,NA,3,STRGHT,0,NA,NA,1,0,0,2,NA,0,NONE,08,E,S-1STOP,3,REAR,4,INJ,1,CLR,1,DRY,1,DAY,099,UNKNOWN,1,0,NONE,004,INDRCT PED,NA,NA,NA,NA,29,F AVOID,NA,NA,NA,NA,NA,NA,0,0,0,0,0,9,"Over 200,000",1,PORTLAND CITY STREET,NA,NA,NA,1,02B,58_124478,NA,0,10/30/19 17:21:05,2,0,0,0,1,1,0,1,0,0,0,0,0,0,0,0,0,0,0,2,2,2,0,0,0,0,0,0,0,0,0,N
1790602,06652,07/30/18 00:00:00,07,30,2018,2,08,8A,26,Multnomah,245,Portland SE,57,PORTLAND UA,16,U MN-ART,0,NA,NA,NA,NA,NA,NA,NA,NA,NA,NA,45,30,59.38,-122,39,16.79,45.516494444444,-122.654663888888,NA,NA,NA,NA,00226,SE BELMONT ST,NA,05011,SE 11TH AVE,NA,1,0,9,NA,NA,1,INTER,0,1,CROSS,0,0,0,NA,0,NA,NA,03,B,ANGL-OTH,1,ANGL,4,INJ,1,CLR,1,DRY,1,DAY,001,TRF SIGNAL,1,0,NONE,NA,NA,NA,NA,NA,NA,02,NO-YIELD,04,DIS SIG,NA,NA,NA,NA,0,0,0,0,0,9,"Over 200,000",1,PORTLAND CITY STREET,NA,NA,NA,1,02B,58_115967,NA,0,10/30/19 17:21:05,2,0,0,1,0,1,0,2,0,0,0,0,0,0,0,0,0,0,0,3,3,3,0,0,0,0,0,0,0,0,0,N
1790609,06943,08/07/18 00:00:00,08,07,2018,3,11,11A,26,Multnomah,245,Portland SE,57,PORTLAND UA,16,U MN-ART,0,NA,NA,NA,NA,NA,NA,NA,NA,NA,NA,45,28,44.84,-122,34,7,45.47912222222167,-122.56861111111067,NA,NA,NA,NA,02658,SE WOODSTOCK BLVD,NA,05092,SE 92ND AVE,NA,1,0,5,NA,NA,1,INTER,0,1,CROSS,0,0,0,NA,0,NA,NA,06,6,BIKE,6,TURN,4,INJ,1,CLR,1,DRY,1,DAY,001,TRF SIGNAL,1,0,NONE,NA,NA,NA,NA,NA,NA,02,NO-YIELD,NA,NA,NA,NA,NA,NA,0,0,0,0,0,9,"Over 200,000",1,PORTLAND CITY STREET,NA,NA,NA,1,02B,58_141560,NA,0,10/30/19 17:21:05,1,0,0,0,1,1,0,1,0,0,0,0,1,0,0,1,0,0,0,1,2,0,0,2,0,0,0,0,0,0,0,N
1790633,06958,08/02/18 00:00:00,08,02,2018,5,08,8A,26,Multnomah,245,Portland SE,57,PORTLAND UA,19,U LOCAL,0,NA,NA,NA,NA,NA,NA,NA,NA,NA,NA,45,31,14.47,-122,37,55.31,45.52068611111067,-122.63203055555466,NA,NA,NA,NA,01928,SE PINE ST,NA,05032,SE 32ND AVE,NA,1,0,9,NA,NA,1,INTER,0,1,CROSS,0,0,0,NA,0,NA,NA,03,6,BIKE,1,ANGL,4,INJ,1,CLR,1,DRY,1,DAY,004,STOP SIGN,1,3,CITY,NA,NA,NA,NA,NA,NA,03,PAS-STOP,NA,NA,NA,NA,NA,NA,0,0,0,0,0,9,"Over 200,000",1,PORTLAND CITY STREET,NA,NA,NA,1,02B,58_114995,NA,0,10/30/19 17:21:05,1,0,0,0,1,1,0,1,0,0,0,0,1,0,0,1,0,0,0,1,2,0,2,0,0,0,0,0,0,0,0,N
1790643,06960,08/02/18 00:00:00,08,02,2018,5,18,6P,26,Multnomah,245,Portland SE,57,PORTLAND UA,16,U MN-ART,0,064,NA,EAST PORTLAND FREEWAY,1,6,CN,0,R,4,0064BN100S00,45,28,45.66,-122,34,0.56,45.47934999999967,-122.56682222222166,NA,NA,NA,NA,00824,SE FOSTER RD,NA,05094,SE 94TH AVE,NA,1,NA,4,17.9099998,NA,1,INTER,0,1,CROSS,0,0,0,NA,2,NA,NA,06,E,S-1STOP,3,REAR,4,INJ,1,CLR,1,DRY,1,DAY,001,TRF SIGNAL,1,3,CITY,013,FORCED,NA,NA,NA,NA,13,IMP LN C,NA,NA,NA,NA,NA,1,0,0,0,0,1,9,"Over 200,000",2,PORTLAND HWY SYSTEM,IS,205,I-205,1,02B,293_6093,NA,0,10/30/19 17:21:05,3,0,0,0,3,3,0,3,0,0,0,0,0,0,0,0,0,0,0,6,6,2,0,4,0,0,0,0,0,0,0,N
1790671,06970,08/08/18 00:00:00,08,08,2018,4,21,9P,26,Multnomah,245,Portland SE,57,PORTLAND UA,17,U MJ-COL,0,NA,NA,NA,NA,NA,NA,NA,NA,NA,NA,45,30,18.72,-122,34,50.99,45.5052,-122.58083055555467,NA,NA,NA,NA,00614,SE DIVISION ST,NA,05080,SE 80TH AVE,NA,1,0,0,NA,NA,1,INTER,0,3,3-LEG,0,0,0,NA,0,NA,NA,06,E,S-1STOP,3,REAR,4,INJ,1,CLR,1,DRY,2,DLIT,099,UNKNOWN,1,0,NONE,NA,NA,NA,NA,NA,NA,01,TOO-FAST,NA,NA,NA,NA,NA,NA,0,0,0,1,0,9,"Over 200,000",1,PORTLAND CITY STREET,NA,NA,NA,1,02B,58_119684,NA,0,10/30/19 17:21:05,2,0,0,0,1,1,0,1,0,0,0,0,0,0,0,0,0,0,0,2,2,0,0,2,0,0,0,0,0,0,0,N
1790699,06974,08/08/18 00:00:00,08,08,2018,4,08,8A,26,Multnomah,245,Portland SE,57,PORTLAND UA,11,U INTRST,1,064,NA,EAST PORTLAND FREEWAY,1,0,MN,0,R,NA,006400100S00,45,30,48.46,-122,33,55.01,45.513461111111,-122.565280555555,NA,NA,NA,NA,00745,EAST PORTLAND FY,NA,09723,NB EX WASH-STARK C1,NA,1,NA,5,20.2399998,55,3,STRGHT,0,NA,NA,0,0,0,6,NA,2,DIVMD,03,E,S-1STOP,3,REAR,4,INJ,1,CLR,1,DRY,1,DAY,099,UNKNOWN,1,0,NONE,013,FORCED,NA,NA,NA,NA,07,TOO-CLOS,NA,NA,NA,NA,NA,NA,0,0,0,0,0,9,"Over 200,000",2,PORTLAND HWY SYSTEM,IS,205,I-205,1,02B,293_5709,NA,0,10/30/19 17:21:05,3,0,1,0,0,1,0,2,0,0,0,0,0,0,0,0,0,0,0,3,3,3,0,0,0,0,0,0,0,0,0,N
1790711,06978,08/08/18 00:00:00,08,08,2018,4,05,5A,26,Multnomah,245,Portland SE,57,PORTLAND UA,14,U PR-ART,1,081,NA,PACIFIC HIGHWAY EAST,1,6,CN,0,R,2,0081BQ100S00,45,27,55.11,-122,38,17.86,45.465308333333,-122.63829444444433,NA,NA,NA,NA,01506,SE MCLOUGHLIN BLVD,NA,09730,NB EX-ENFR TACOMA,NA,1,NA,2,4.32999992,NA,1,INTER,0,3,3-LEG,0,0,0,NA,1,NA,NA,09,F,S-OTHER,3,REAR,4,INJ,1,CLR,1,DRY,4,DAWN,004,STOP SIGN,1,0,NONE,NA,NA,NA,NA,NA,NA,27,INATTENT,NA,NA,NA,NA,NA,NA,0,0,0,0,0,9,"Over 200,000",2,PORTLAND HWY SYSTEM,OR,99,OR 99E,1,02B,293_1898,NA,0,10/30/19 17:21:05,2,0,0,0,1,1,0,1,0,0,0,0,0,0,0,0,0,0,0,2,2,2,0,0,0,0,0,0,0,0,0,N
1790716,06979,08/08/18 00:00:00,08,08,2018,4,11,11A,26,Multnomah,245,Portland SE,57,PORTLAND UA,16,U MN-ART,0,NA,NA,NA,NA,NA,NA,NA,NA,NA,NA,45,30,54.09,-122,33,15.55,45.515025,-122.554319444444,NA,NA,NA,NA,00563,SE CHERRY BLOSSOM DR,NA,05106,SE 106TH AVE,NA,1,0,9,NA,NA,1,INTER,0,1,CROSS,0,0,0,NA,0,NA,NA,01,B,ANGL-OTH,1,ANGL,4,INJ,1,CLR,1,DRY,1,DAY,001,TRF SIGNAL,1,5,NO RPT,NA,NA,NA,NA,NA,NA,04,DIS SIG,NA,NA,NA,NA,NA,NA,0,0,0,0,0,9,"Over 200,000",1,PORTLAND CITY STREET,NA,NA,NA,1,02B,58_191646,NA,0,10/30/19 17:21:05,2,0,0,0,1,1,0,1,0,0,0,0,0,0,0,0,0,0,0,2,2,1,0,1,0,0,0,0,0,0,0,N
1790720,06982,08/08/18 00:00:00,08,08,2018,4,13,1P,26,Multnomah,245,Portland SE,57,PORTLAND UA,16,U MN-ART,0,NA,NA,NA,NA,NA,NA,NA,NA,NA,NA,45,31,8.6,-122,33,44.28,45.519055555554665,-122.5623,NA,NA,NA,NA,02259,SE STARK ST,NA,05099,SE 99TH AVE,NA,1,0,9,NA,NA,1,INTER,0,1,CROSS,0,0,0,NA,0,NA,NA,01,B,ANGL-OTH,1,ANGL,4,INJ,0,UNK,0,UNK,1,DAY,001,TRF SIGNAL,1,5,NO RPT,NA,NA,NA,NA,NA,NA,04,DIS SIG,NA,NA,NA,NA,NA,NA,0,0,0,0,0,9,"Over 200,000",1,PORTLAND CITY STREET,NA,NA,NA,1,02B,58_139139,NA,0,10/30/19 17:21:05,2,0,0,0,1,1,0,1,0,0,0,0,0,0,0,0,0,0,0,2,2,0,0,2,0,0,0,0,0,0,0,N
1790725,06984,08/08/18 00:00:00,08,08,2018,4,16,4P,26,Multnomah,245,Portland SE,57,PORTLAND UA,17,U MJ-COL,0,NA,NA,NA,NA,NA,NA,NA,NA,NA,NA,45,31,9.76,-122,39,51.19,45.51937777777767,-122.664219444444,NA,NA,NA,NA,02259,SE STARK ST,NA,05002,SE 2ND AVE,NA,1,92,7,NA,NA,3,STRGHT,0,NA,NA,0,0,0,2,NA,0,NONE,07,J,O-OTHER,-,BACK,4,INJ,1,CLR,1,DRY,1,DAY,099,UNKNOWN,1,0,NONE,NA,NA,NA,NA,NA,NA,10,OTHR-IMP,NA,NA,NA,NA,NA,NA,0,0,0,0,0,9,"Over 200,000",1,PORTLAND CITY STREET,NA,NA,NA,1,02B,58_138700,NA,0,10/30/19 17:21:05,2,0,0,0,1,1,0,1,0,0,0,0,0,0,0,0,0,0,0,2,2,0,0,2,0,0,0,0,0,0,0,N
1790745,06998,08/08/18 00:00:00,08,08,2018,4,09,9A,26,Multnomah,245,Portland SE,57,PORTLAND UA,17,U MJ-COL,0,NA,NA,NA,NA,NA,NA,NA,NA,NA,NA,45,30,50.49,-122,33,51.18,45.514025,-122.564216666666,NA,NA,NA,NA,01515,SE MAIN ST,NA,05096,SE 96TH AVE,NA,1,0,9,NA,NA,1,INTER,0,3,3-LEG,0,0,0,NA,0,NA,NA,04,6,BIKE,6,TURN,4,INJ,1,CLR,1,DRY,1,DAY,001,TRF SIGNAL,1,5,NO RPT,NA,NA,NA,NA,NA,NA,02,NO-YIELD,NA,NA,NA,NA,NA,NA,0,0,0,0,0,9,"Over 200,000",1,PORTLAND CITY STREET,NA,NA,NA,1,02B,58_199422,NA,0,10/30/19 17:21:05,1,0,0,0,1,1,0,1,0,0,0,0,1,0,0,1,0,0,0,1,2,1,0,1,0,0,0,0,0,0,0,N
1790746,07001,08/08/18 00:00:00,08,08,2018,4,12,12P,26,Multnomah,245,Portland SE,57,PORTLAND UA,11,U INTRST,1,064,NA,EAST PORTLAND FREEWAY,1,0,MN,0,R,NA,006400100S00,45,28,30.68,-122,33,55.42,45.47518888888867,-122.565394444444,NA,NA,NA,NA,00745,EAST PORTLAND FY,NA,09710,NB EX WOODSTOCK C1,NA,1,NA,1,17.5900002,55,3,STRGHT,0,NA,NA,0,0,0,6,NA,2,DIVMD,05,C,S-STRGHT,3,REAR,4,INJ,1,CLR,1,DRY,1,DAY,099,UNKNOWN,1,0,NONE,NA,NA,NA,NA,NA,NA,29,F AVOID,NA,NA,NA,NA,NA,NA,0,0,0,0,0,9,"Over 200,000",2,PORTLAND HWY SYSTEM,IS,205,I-205,1,02B,293_5705,NA,0,10/30/19 17:21:05,2,0,0,1,1,2,1,1,0,0,0,0,0,0,0,0,0,0,0,3,3,1,0,2,0,0,0,0,0,0,0,N
1790758,07007,08/02/18 00:00:00,08,02,2018,5,00,12A,26,Multnomah,245,Portland SE,57,PORTLAND UA,14,U PR-ART,1,026,NA,MT. HOOD,1,0,MN,0,R,NA,002600100S00,45,29,50.79,-122,35,35.87,45.49744166666633,-122.59329722222134,NA,NA,NA,NA,01940,SE POWELL BLVD,NA,05068,SE 68TH AVE,NA,1,NA,9,4.32999992,35,1,INTER,0,1,CROSS,0,0,0,NA,0,NA,NA,01,D,S-1TURN,6,TURN,4,INJ,0,UNK,0,UNK,2,DLIT,099,UNKNOWN,1,5,NO RPT,010,SUB OTRN,NA,NA,NA,NA,08,IMP-TURN,NA,NA,NA,NA,NA,NA,0,0,0,0,0,9,"Over 200,000",2,PORTLAND HWY SYSTEM,US,26,US 26,1,02B,293_19722,NA,0,10/30/19 17:21:05,2,0,0,0,1,1,0,1,0,0,0,0,0,0,0,0,0,0,0,2,2,0,0,2,0,0,0,0,0,0,0,N