CRASH_ID,SER_NO,CRASH_DT,CRASH_MO_NO,CRASH_DAY_NO,CRASH_YR_NO,CRASH_WK_DAY_CD,CRASH_HR_NO,CRASH_HR_SHORT_DESC,CNTY_ID,CNTY_NM,CITY_SECT_ID,CITY_SECT_NM,URB_AREA_CD,URB_AREA_SHORT_NM,FC_CD,FC_SHORT_DESC,NHS_FLG,HWY_NO,HWY_SFX_NO,HWY_MED_NM,RDWY_NO,HWY_COMPNT_CD,HWY_COMPNT_SHORT_DESC,MLGE_TYP_CD,MLGE_TYP_SHORT_DESC,RD_CON_NO,LRS_VAL,LAT_DEG_NO,LAT_MINUTE_NO,LAT_SEC_NO,LONGTD_DEG_NO,LONGTD_MINUTE_NO,LONGTD_SEC_NO,LAT_DD,LONGTD_DD,SPECL_JRSDCT_ID,SPECL_JRSDCT_SHORT_DESC,JRSDCT_GRP_CD,JRSDCT_GRP_LONG_DESC,AGY_ST_NO,ST_FULL_NM,RECRE_RD_NM,ISECT_AGY_ST_NO,ISECT_ST_FULL_NM,ISECT_RECRE_RD_NM,ISECT_SEQ_NO,FROM_ISECT_DSTNC_QTY,CMPSS_DIR_CD,MP_NO,POST_SPEED_LMT_VAL,RD_CHAR_CD,RD_CHAR_SHORT_DESC,OFF_RDWY_FLG,ISECT_TYP_CD,ISECT_TYP_SHORT_DESC,ISECT_REL_FLG,RNDABT_FLG,DRVWY_REL_FLG,LN_QTY,TURNG_LEG_QTY,MEDN_TYP_CD,MEDN_TYP_SHORT_DESC,IMPCT_LOC_CD,CRASH_TYP_CD,CRASH_TYP_SHORT_DESC,COLLIS_TYP_CD,COLLIS_TYP_SHORT_DESC,CRASH_SVRTY_CD,CRASH_SVRTY_SHORT_DESC,WTHR_COND_CD,WTHR_COND_SHORT_DESC,RD_SURF_COND_CD,RD_SURF_SHORT_DESC,LGT_COND_CD,LGT_COND_SHORT_DESC,TRAF_CNTL_DEVICE_CD,TRAF_CNTL_DEVICE_SHORT_DESC,TRAF_CNTL_FUNC_FLG,INVSTG_AGY_CD,INVSTG_AGY_SHORT_DESC,CRASH_EVNT_1_CD,CRASH_EVNT_1_SHORT_DESC,CRASH_EVNT_2_CD,CRASH_EVNT_2_SHORT_DESC,CRASH_EVNT_3_CD,CRASH_EVNT_3_SHORT_DESC,CRASH_CAUSE_1_CD,CRASH_CAUSE_1_SHORT_DESC,CRASH_CAUSE_2_CD,CRASH_CAUSE_2_SHORT_DESC,CRASH_CAUSE_3_CD,CRASH_CAUSE_3_SHORT_DESC,SCHL_ZONE_IND,WRK_ZONE_IND,ALCHL_INVLV_FLG,DRUG_INVLV_FLG,MJ_INVLV_FLG,CRASH_SPEED_INVLV_FLG,CRASH_HIT_RUN_FLG,POP_RNG_CD,POP_RNG_MED_DESC,RD_CNTL_CD,RD_CNTL_MED_DESC,RTE_TYP_CD,RTE_ID,RTE_NM,REG_ID,DIST_ID,SEG_MRK_ID,SEG_PT_LRS_MEAS,UNLOCT_FLG,CRASH_LAST_UD_DT,TOT_VHCL_CNT,TOT_FATAL_CNT,TOT_INJ_LVL_A_CNT,TOT_INJ_LVL_B_CNT,TOT_INJ_LVL_C_CNT,TOT_INJ_CNT,TOT_UNINJD_AGE00_04_CNT,TOT_UNINJD_PER_CNT,TOT_PED_CNT,TOT_PED_FATAL_CNT,TOT_PED_INJ_LVL_A_CNT,TOT_PED_INJ_CNT,TOT_PEDCYCL_CNT,TOT_PEDCYCL_FATAL_CNT,TOT_PEDCYCL_INJ_LVL_A_CNT,TOT_PEDCYCL_INJ_CNT,TOT_UNKNWN_CNT,TOT_UNKNWN_FATAL_CNT,TOT_UNKNWN_INJ_CNT,TOT_OCCUP_CNT,TOT_PER_INVLV_CNT,TOT_SFTY_EQUIP_USED_QTY,TOT_SFTY_EQUIP_UNUSED_QTY,TOT_SFTY_EQUIP_USE_UNKNWN_QTY,TOT_PSNGR_VHCL_OCC_UNRESTRND_FATAL_CNT,TOT_MCYCLST_FATAL_CNT,TOT_MCYCLST_INJ_LVL_A_CNT,TOT_MCYCLST_INJ_CNT,TOT_MCYCLST_UNHELMTD_FATAL_CNT,TOT_ALCHL_IMPAIRED_DRVR_INV_FATAL_CNT,TOT_DRVR_AGE_01_20_CNT,LANE_RDWY_DPRT_CRASH_FLG
1790768,07012,08/04/18 00:00:00,08,04,2018,7,05,5A,26,Multnomah,245,Portland SE,57,PORTLAND UA,16,U MN-ART,0,NA,NA,NA,NA,NA,NA,NA,NA,NA,NA,45,28,36.91,-122,31,24.83,45.476919444443666,-122.52356388888867,NA,NA,NA,NA,00824,SE FOSTER RD,NA,05136,SE 136TH AVE,NA,1,0,7,NA,NA,1,INTER,1,3,3-LEG,0,0,0,NA,0,NA,NA,05,8,FIX OBJ,9,FIX,4,INJ,1,CLR,1,DRY,4,DAWN,001,TRF SIGNAL,1,3,CITY,055,TRF SGNL,121,FENCE,NA,NA,01,TOO-FAST,NA,NA,NA,NA,0,0,1,0,0,1,0,9,"Over 200,000",1,PORTLAND CITY STREET,NA,NA,NA,1,02C,58_128227,NA,0,10/30/19 17:21:05,1,0,0,1,0,1,0,0,0,0,0,0,0,0,0,0,0,0,0,1,1,0,0,1,0,0,0,0,0,0,0,N
1790782,07014,08/09/18 00:00:00,08,09,2018,5,17,5P,26,Multnomah,245,Portland SE,57,PORTLAND UA,17,U MJ-COL,0,NA,NA,NA,NA,NA,NA,NA,NA,NA,NA,45,31,9.55,-122,38,43.89,45.51931944444367,-122.64552499999934,NA,NA,NA,NA,02259,SE STARK ST,NA,05020,SE 20TH AVE,NA,1,0,5,NA,NA,1,INTER,0,1,CROSS,0,0,0,NA,0,NA,NA,05,6,BIKE,6,TURN,4,INJ,1,CLR,1,DRY,1,DAY,001,TRF SIGNAL,1,3,CITY,NA,NA,NA,NA,NA,NA,02,NO-YIELD,NA,NA,NA,NA,0,0,0,0,0,0,0,9,"Over 200,000",1,PORTLAND CITY STREET,NA,NA,NA,1,02B,58_115249,NA,0,10/30/19 17:21:05,1,0,0,1,0,1,0,1,0,0,0,0,1,0,0,1,0,0,0,1,2,0,0,2,0,0,0,0,0,0,0,N
1790787,07016,08/09/18 00:00:00,08,09,2018,5,18,6P,26,Multnomah,245,Portland SE,57,PORTLAND UA,14,U PR-ART,1,NA,NA,NA,NA,NA,NA,NA,NA,NA,NA,45,30,15.13,-122,32,54.83,45.504202777777,-122.54856388888834,NA,NA,NA,NA,00614,SE DIVISION ST,NA,05112,SE 112TH AVE,NA,1,113,7,NA,NA,2,ALLEY,0,NA,NA,0,0,0,4,NA,0,NONE,08,6,BIKE,6,TURN,4,INJ,0,UNK,0,UNK,1,DAY,099,UNKNOWN,1,3,CITY,NA,NA,NA,NA,NA,NA,02,NO-YIELD,NA,NA,NA,NA,0,0,0,0,0,0,1,9,"Over 200,000",1,PORTLAND CITY STREET,NA,NA,NA,1,02B,58_120123,NA,0,10/30/19 17:21:05,1,0,0,0,1,1,0,1,0,0,0,0,1,0,0,1,0,0,0,1,2,0,0,2,0,0,0,0,0,0,0,N
1790791,07017,08/09/18 00:00:00,08,09,2018,5,10,10A,26,Multnomah,245,Portland SE,57,PORTLAND UA,16,U MN-ART,0,NA,NA,NA,NA,NA,NA,NA,NA,NA,NA,45,29,41.07,-122,36,25.8,45.494741666666336,-122.607166666666,NA,NA,NA,NA,00824,SE FOSTER RD,NA,00827,SE FRANCIS ST,NA,1,0,4,NA,NA,1,INTER,0,6,6-LEG,0,0,0,NA,0,NA,NA,06,E,S-1STOP,3,REAR,4,INJ,1,CLR,1,DRY,1,DAY,004,STOP SIGN,1,0,NONE,004,INDRCT PED,013,FORCED,NA,NA,07,TOO-CLOS,NA,NA,NA,NA,NA,NA,0,0,0,0,0,9,"Over 200,000",1,PORTLAND CITY STREET,NA,NA,NA,1,02B,58_122912,NA,0,10/30/19 17:21:05,3,0,0,0,2,2,0,3,0,0,0,0,0,0,0,0,0,0,0,5,5,1,0,4,0,0,0,0,0,0,0,N
1790792,06673,07/14/18 00:00:00,07,14,2018,7,09,9A,26,Multnomah,245,Portland SE,57,PORTLAND UA,11,U INTRST,1,064,NA,EAST PORTLAND FREEWAY,1,6,CN,0,R,2,0064BT100S00,45,30,15.75,-122,33,47.66,45.504375,-122.563238888888,NA,NA,NA,NA,00614,SE DIVISION ST,NA,09716,NB POWELL-DIV C2,NA,1,NA,9,19.6200008,NA,1,INTER,0,1,CROSS,0,0,0,NA,0,NA,NA,01,D,S-1TURN,6,TURN,4,INJ,1,CLR,1,DRY,1,DAY,001,TRF SIGNAL,1,0,NONE,NA,NA,NA,NA,NA,NA,08,IMP-TURN,NA,NA,NA,NA,NA,NA,0,0,0,0,0,9,"Over 200,000",2,PORTLAND HWY SYSTEM,IS,205,I-205,1,02B,293_6125,NA,0,10/30/19 17:21:05,2,0,0,0,1,1,0,1,0,0,0,0,0,0,0,0,0,0,0,2,2,0,0,2,0,0,0,0,0,0,0,N
1790799,06674,07/22/18 00:00:00,07,22,2018,1,02,2A,26,Multnomah,245,Portland SE,57,PORTLAND UA,16,U MN-ART,0,NA,NA,NA,NA,NA,NA,NA,NA,NA,NA,45,30,59.37,-122,39,13.15,45.516491666666,-122.653652777777,NA,NA,NA,NA,00226,SE BELMONT ST,NA,05012,SE 12TH AVE,NA,1,0,9,NA,25,1,INTER,0,1,CROSS,0,0,0,NA,0,NA,NA,04,B,ANGL-OTH,1,ANGL,4,INJ,1,CLR,1,DRY,2,DLIT,001,TRF SIGNAL,1,3,CITY,NA,NA,NA,NA,NA,NA,04,DIS SIG,33,RECKLESS,NA,NA,0,0,1,0,0,0,0,9,"Over 200,000",1,PORTLAND CITY STREET,NA,NA,NA,1,02B,58_116178,NA,0,10/30/19 17:21:05,2,0,0,0,1,1,0,1,0,0,0,0,0,0,0,0,0,0,0,2,2,0,0,2,0,0,0,0,0,0,0,N
1790823,06676,07/25/18 00:00:00,07,25,2018,4,14,2P,26,Multnomah,245,Portland SE,57,PORTLAND UA,14,U PR-ART,1,NA,NA,NA,NA,NA,NA,NA,NA,NA,NA,45,30,44.07,-122,39,38.77,45.512241666666,-122.660769444444,NA,NA,NA,NA,00929,SE GRAND AVE,NA,01028,SE HAWTHORNE BLVD,NA,1,0,3,NA,NA,1,INTER,0,1,CROSS,0,0,0,NA,0,NA,NA,06,E,S-1STOP,3,REAR,4,INJ,1,CLR,1,DRY,1,DAY,001,TRF SIGNAL,1,3,CITY,NA,NA,NA,NA,NA,NA,29,F AVOID,NA,NA,NA,NA,0,0,0,0,0,0,1,9,"Over 200,000",1,PORTLAND CITY STREET,NA,NA,NA,1,02B,58_199078,NA,0,10/30/19 17:21:05,2,0,0,0,1,1,0,1,0,0,0,0,0,0,0,0,0,0,0,2,2,0,0,2,0,0,0,0,0,0,0,N
1790846,03397,09/24/18 00:00:00,09,24,2018,2,13,1P,03,Clackamas,245,Portland SE,57,PORTLAND UA,16,U MN-ART,0,NA,NA,NA,NA,NA,NA,NA,NA,NA,NA,45,27,40.45,-122,36,54.02,45.461236111111,-122.615005555555,NA,NA,NA,NA,01201,SE JOHNSON CREEK BLVD,NA,01901,PRECISION CAST ENT,NA,1,333,8,NA,NA,3,STRGHT,0,NA,NA,0,0,0,2,NA,0,NONE,07,E,S-1STOP,3,REAR,4,INJ,1,CLR,1,DRY,1,DAY,099,UNKNOWN,1,0,NONE,013,FORCED,NA,NA,NA,NA,29,F AVOID,NA,NA,NA,NA,NA,NA,0,0,0,0,0,9,"Over 200,000",1,PORTLAND CITY STREET,NA,NA,NA,1,02B,58_340008,NA,0,10/30/19 17:21:05,3,0,0,1,0,1,0,2,0,0,0,0,0,0,0,0,0,0,0,3,3,3,0,0,0,0,0,0,0,0,0,N
1790847,06680,07/25/18 00:00:00,07,25,2018,4,11,11A,26,Multnomah,245,Portland SE,57,PORTLAND UA,16,U MN-ART,0,NA,NA,NA,NA,NA,NA,NA,NA,NA,NA,45,29,44.97,-122,32,15.59,45.495824999999336,-122.53766388888833,NA,NA,NA,NA,05122,SE 122ND AVE,NA,02126,SE RHONE ST,NA,1,100,1,NA,NA,2,ALLEY,0,NA,NA,0,0,0,4,NA,0,NONE,08,B,ANGL-OTH,6,TURN,4,INJ,1,CLR,1,DRY,1,DAY,099,UNKNOWN,1,3,CITY,NA,NA,NA,NA,NA,NA,02,NO-YIELD,NA,NA,NA,NA,0,0,0,0,0,0,1,9,"Over 200,000",1,PORTLAND CITY STREET,NA,NA,NA,1,02B,58_123056,NA,0,10/30/19 17:21:05,2,0,0,1,0,1,0,2,0,0,0,0,0,0,0,0,0,0,0,3,3,1,0,2,0,0,0,0,0,0,0,N
1790865,07026,08/09/18 00:00:00,08,09,2018,5,18,6P,26,Multnomah,245,Portland SE,57,PORTLAND UA,11,U INTRST,1,001,NA,PACIFIC,1,6,CN,0,R,2,0001TD100S00,45,30,59.14,-122,39,57.08,45.516427777777,-122.665855555555,NA,NA,NA,NA,09446,SB EX BELMONT ST C2,NA,00226,SE BELMONT ST,NA,1,NA,6,302.359985,35,8,BRIDGE,0,NA,NA,0,0,0,1,NA,0,NONE,03,E,S-1STOP,3,REAR,4,INJ,1,CLR,1,DRY,1,DAY,015,ONE-WAY,1,0,NONE,NA,NA,NA,NA,NA,NA,29,F AVOID,NA,NA,NA,NA,NA,NA,0,0,0,0,0,9,"Over 200,000",2,PORTLAND HWY SYSTEM,IS,5,I-5,1,02B,293_24203,NA,0,10/30/19 17:21:05,2,0,0,0,1,1,0,1,0,0,0,0,0,0,0,0,0,0,0,2,2,2,0,0,0,0,0,0,0,0,0,N
1790870,99997,10/15/18 00:00:00,10,15,2018,2,11,11A,26,Multnomah,245,Portland SE,57,PORTLAND UA,14,U PR-ART,1,068,NA,CASCADE HWY NORTH,1,0,MN,0,R,NA,006800100S00,45,28,12.14,-122,34,44.55,45.470038888888666,-122.57904166666667,NA,NA,NA,NA,01034,SE HENDERSON ST,NA,05082,SE 82ND AVE,NA,1,NA,9,6.63999987,35,1,INTER,0,3,3-LEG,0,0,0,NA,0,NA,NA,03,6,BIKE,6,TURN,2,FAT,1,CLR,1,DRY,1,DAY,004,STOP SIGN,1,3,CITY,NA,NA,NA,NA,NA,NA,02,NO-YIELD,06,IMP-OVER,32,CARELESS,0,0,0,1,0,0,0,9,"Over 200,000",2,PORTLAND HWY SYSTEM,OR,213,OR 213,1,02B,293_20014,NA,0,10/30/19 17:21:05,1,1,0,0,0,0,0,1,0,0,0,0,1,1,0,0,0,0,0,1,2,0,1,1,0,0,0,0,0,0,0,N
1790871,99994,10/26/18 00:00:00,10,26,2018,6,18,6P,26,Multnomah,245,Portland SE,57,PORTLAND UA,16,U MN-ART,0,NA,NA,NA,NA,NA,NA,NA,NA,NA,NA,45,31,8.87,-122,30,47.79,45.51913055555467,-122.513275,NA,NA,NA,NA,02259,SE STARK ST,NA,05146,SE 146TH AVE,NA,1,0,3,NA,30,1,INTER,0,1,CROSS,0,0,0,NA,0,NA,NA,06,3,PED,0,PED,2,FAT,3,RAIN,2,WET,2,DLIT,004,STOP SIGN,1,3,CITY,NA,NA,NA,NA,NA,NA,02,NO-YIELD,33,RECKLESS,19,NT VISBL,0,0,1,1,1,0,0,9,"Over 200,000",1,PORTLAND CITY STREET,NA,NA,NA,1,02B,58_115901,NA,0,10/30/19 17:21:05,1,1,0,0,0,0,0,1,1,1,0,0,0,0,0,0,0,0,0,1,2,1,0,0,0,0,0,0,0,1,0,N
1790873,06687,07/24/18 00:00:00,07,24,2018,3,06,6A,26,Multnomah,245,Portland SE,57,PORTLAND UA,14,U PR-ART,1,081,NA,PACIFIC HIGHWAY EAST,2,0,MN,0,R,NA,008100200S00,45,27,52.34,-122,38,17.77,45.464538888888,-122.63826944444433,NA,NA,NA,NA,01506,SE MCLOUGHLIN BLVD,NA,09730,NB EX-ENFR TACOMA,NA,1,NA,5,4.38000011,45,3,STRGHT,0,NA,NA,0,0,0,4,NA,1,RSDMD,05,C,S-STRGHT,3,REAR,4,INJ,1,CLR,1,DRY,1,DAY,017,MEDIAN BAR,1,5,NO RPT,013,FORCED,NA,NA,NA,NA,29,F AVOID,NA,NA,NA,NA,NA,NA,0,0,0,0,0,9,"Over 200,000",2,PORTLAND HWY SYSTEM,OR,99,OR 99E,1,02B,293_7572,NA,0,10/30/19 17:21:05,4,0,0,1,1,2,0,3,0,0,0,0,0,0,0,0,0,0,0,5,5,3,0,2,0,0,0,0,0,0,0,N
1790879,07028,08/09/18 00:00:00,08,09,2018,5,15,3P,26,Multnomah,245,Portland SE,57,PORTLAND UA,17,U MJ-COL,0,NA,NA,NA,NA,NA,NA,NA,NA,NA,NA,45,29,52.6,-122,38,22.63,45.497944444444336,-122.63961944444434,NA,NA,NA,NA,01940,SE POWELL BLVD,NA,05026,SE 26TH AVE,NA,1,0,1,NA,NA,1,INTER,0,1,CROSS,0,0,0,NA,0,NA,NA,06,E,S-1STOP,3,REAR,4,INJ,1,CLR,1,DRY,1,DAY,001,TRF SIGNAL,1,5,NO RPT,NA,NA,NA,NA,NA,NA,29,F AVOID,NA,NA,NA,NA,NA,NA,0,0,0,0,0,9,"Over 200,000",1,PORTLAND CITY STREET,NA,NA,NA,1,02B,58_121580,NA,0,10/30/19 17:21:05,2,0,0,1,0,1,0,2,0,0,0,0,0,0,0,0,0,0,0,3,3,2,0,1,0,0,0,0,0,0,1,N
1790880,83612,08/07/18 00:00:00,08,07,2018,3,01,1A,26,Multnomah,245,Portland SE,57,PORTLAND UA,11,U INTRST,1,064,NA,EAST PORTLAND FREEWAY,2,0,MN,0,R,NA,006400200S00,45,28,1.56,-122,33,59.93,45.46709999999967,-122.566647222222,NA,NA,NA,NA,00745,EAST PORTLAND FY,NA,09711,SB EF WOODSTOCK C8,NA,1,NA,5,17.0100002,55,3,STRGHT,0,NA,NA,0,0,0,6,NA,2,DIVMD,05,C,S-STRGHT,3,REAR,4,INJ,1,CLR,1,DRY,2,DLIT,099,UNKNOWN,1,5,NO RPT,NA,NA,NA,NA,NA,NA,29,F AVOID,NA,NA,NA,NA,NA,NA,0,0,0,0,0,9,"Over 200,000",2,PORTLAND HWY SYSTEM,IS,205,I-205,1,02B,293_5860,NA,0,10/30/19 17:21:05,2,0,0,0,1,1,0,2,0,0,0,0,0,0,0,0,0,0,0,3,3,3,0,0,0,0,0,0,0,0,0,N
1790895,07031,08/09/18 00:00:00,08,09,2018,5,15,3P,26,Multnomah,245,Portland SE,57,PORTLAND UA,16,U MN-ART,0,NA,NA,NA,NA,NA,NA,NA,NA,NA,NA,45,28,33.21,-122,29,58.84,45.47589166666667,-122.49967777777734,NA,NA,NA,NA,00824,SE FOSTER RD,NA,07159,SE 159TH DR,NA,1,86,4,NA,NA,3,STRGHT,0,NA,NA,0,0,0,2,NA,0,NONE,08,G,O-STRGHT,4,SS-M,4,INJ,1,CLR,1,DRY,1,DAY,099,UNKNOWN,1,3,CITY,062,TREE,NA,NA,NA,NA,06,IMP-OVER,NA,NA,NA,NA,NA,NA,0,0,0,0,1,9,"Over 200,000",1,PORTLAND CITY STREET,NA,NA,NA,1,02C,58_128733,NA,0,10/30/19 17:21:05,2,0,0,2,1,3,0,1,0,0,0,0,0,0,0,0,0,0,0,4,4,3,0,1,0,0,0,0,0,0,0,Y
1790905,07033,08/09/18 00:00:00,08,09,2018,5,09,9A,26,Multnomah,245,Portland SE,57,PORTLAND UA,19,U LOCAL,0,NA,NA,NA,NA,NA,NA,NA,NA,NA,NA,45,31,15.89,-122,32,25.32,45.52108055555467,-122.54036666666633,NA,NA,NA,NA,00134,SE ASH ST,NA,05119,SE 119TH AVE,NA,1,0,9,NA,NA,1,INTER,0,1,CROSS,0,0,0,NA,0,NA,NA,01,6,BIKE,1,ANGL,4,INJ,1,CLR,1,DRY,1,DAY,004,STOP SIGN,1,3,CITY,110,N-MTR,NA,NA,NA,NA,02,NO-YIELD,NA,NA,NA,NA,0,0,0,0,0,0,0,9,"Over 200,000",1,PORTLAND CITY STREET,NA,NA,NA,1,02B,58_199184,NA,0,10/30/19 17:21:05,1,0,0,1,0,1,0,1,0,0,0,0,1,0,0,1,0,0,0,1,2,0,0,2,0,0,0,0,0,0,0,N
1790915,07036,08/09/18 00:00:00,08,09,2018,5,16,4P,26,Multnomah,245,Portland SE,57,PORTLAND UA,14,U PR-ART,1,068,NA,CASCADE HWY NORTH,1,0,MN,0,R,NA,006800100S00,45,30,35.28,-122,34,43.17,45.5098,-122.57865833333267,NA,NA,NA,NA,05082,SE 82ND AVE,NA,01562,SE MILL ST,NA,1,NA,5,3.8900001,35,3,STRGHT,0,NA,NA,0,0,0,4,NA,0,NONE,04,E,S-1STOP,3,REAR,4,INJ,1,CLR,1,DRY,1,DAY,099,UNKNOWN,1,5,NO RPT,002,INTERFER,NA,NA,NA,NA,27,INATTENT,NA,NA,NA,NA,NA,NA,0,0,0,0,0,9,"Over 200,000",2,PORTLAND HWY SYSTEM,OR,213,OR 213,1,02B,293_21276,NA,0,10/30/19 17:21:05,2,0,0,0,2,2,0,3,0,0,0,0,0,0,0,0,0,0,0,5,5,3,0,2,0,0,0,0,0,0,0,N
1790951,07050,08/10/18 00:00:00,08,10,2018,6,15,3P,26,Multnomah,245,Portland SE,57,PORTLAND UA,11,U INTRST,1,064,NA,EAST PORTLAND FREEWAY,1,0,MN,0,R,NA,006400100S00,45,31,16.26,-122,33,54.71,45.521183333332665,-122.565197222222,NA,NA,NA,NA,00745,EAST PORTLAND FY,NA,09726,NB EX STARK-GLSN C1,NA,1,NA,1,20.7800007,55,3,STRGHT,0,NA,NA,0,0,0,6,NA,2,DIVMD,05,E,S-1STOP,3,REAR,4,INJ,1,CLR,1,DRY,1,DAY,099,UNKNOWN,1,0,NONE,NA,NA,NA,NA,NA,NA,29,F AVOID,NA,NA,NA,NA,NA,NA,0,0,0,0,0,9,"Over 200,000",2,PORTLAND HWY SYSTEM,IS,205,I-205,1,02B,293_5711,NA,0,10/30/19 17:21:05,2,0,0,0,1,1,0,1,0,0,0,0,0,0,0,0,0,0,0,2,2,1,0,1,0,0,0,0,0,0,1,N
1790961,06693,07/31/18 00:00:00,07,31,2018,3,10,10A,26,Multnomah,245,Portland SE,57,PORTLAND UA,17,U MJ-COL,0,NA,NA,NA,NA,NA,NA,NA,NA,NA,NA,45,28,26.26,-122,38,41.12,45.47396111111067,-122.64475555555534,NA,NA,NA,NA,00290,SE BYBEE BLVD,NA,05020,SE 20TH AVE,NA,1,0,9,NA,NA,1,INTER,0,1,CROSS,0,0,0,NA,0,NA,NA,02,B,ANGL-OTH,6,TURN,4,INJ,1,CLR,1,DRY,1,DAY,004,STOP SIGN,1,0,NONE,NA,NA,NA,NA,NA,NA,02,NO-YIELD,03,PAS-STOP,NA,NA,NA,NA,0,0,0,0,0,9,"Over 200,000",1,PORTLAND CITY STREET,NA,NA,NA,1,02B,58_128433,NA,0,10/30/19 17:21:05,2,0,0,1,2,3,0,0,0,0,0,0,0,0,0,0,0,0,0,3,3,3,0,0,0,0,0,0,0,0,0,N
1790963,06694,07/31/18 00:00:00,07,31,2018,3,19,7P,26,Multnomah,245,Portland SE,57,PORTLAND UA,19,U LOCAL,0,NA,NA,NA,NA,NA,NA,NA,NA,NA,NA,45,31,14.83,-122,39,31.3,45.52078611111067,-122.658694444444,NA,NA,NA,NA,01928,SE PINE ST,NA,05007,SE 7TH AVE,NA,1,0,9,NA,NA,1,INTER,0,1,CROSS,0,0,0,NA,0,NA,NA,02,B,ANGL-OTH,1,ANGL,4,INJ,1,CLR,1,DRY,1,DAY,004,STOP SIGN,1,5,NO RPT,NA,NA,NA,NA,NA,NA,02,NO-YIELD,03,PAS-STOP,NA,NA,NA,NA,0,0,0,0,0,9,"Over 200,000",1,PORTLAND CITY STREET,NA,NA,NA,1,02B,58_114852,NA,0,10/30/19 17:21:05,2,0,0,0,1,1,0,1,0,0,0,0,0,0,0,0,0,0,0,2,2,1,0,1,0,0,0,0,0,0,0,N
1790967,06696,07/31/18 00:00:00,07,31,2018,3,14,2P,26,Multnomah,245,Portland SE,57,PORTLAND UA,17,U MJ-COL,0,NA,NA,NA,NA,NA,NA,NA,NA,NA,NA,45,30,46.43,-122,38,44.01,45.512897222222,-122.64555833333333,NA,NA,NA,NA,01513,SE MADISON ST,NA,05020,SE 20TH AVE,NA,1,0,9,NA,NA,1,INTER,0,1,CROSS,0,0,0,NA,0,NA,NA,04,B,ANGL-OTH,1,ANGL,4,INJ,1,CLR,1,DRY,1,DAY,004,STOP SIGN,1,0,NONE,NA,NA,NA,NA,NA,NA,02,NO-YIELD,03,PAS-STOP,NA,NA,NA,NA,0,0,0,0,0,9,"Over 200,000",1,PORTLAND CITY STREET,NA,NA,NA,1,02B,58_117421,NA,0,10/30/19 17:21:05,2,0,0,0,1,1,0,1,0,0,0,0,0,0,0,0,0,0,0,2,2,1,0,1,0,0,0,0,0,0,0,N
1790971,06700,07/31/18 00:00:00,07,31,2018,3,14,2P,26,Multnomah,245,Portland SE,57,PORTLAND UA,17,U MJ-COL,0,NA,NA,NA,NA,NA,NA,NA,NA,NA,NA,45,28,48.11,-122,38,58.1,45.48003055555467,-122.64947222222133,NA,NA,NA,NA,01320,SE KNIGHT ST,NA,01567,SE MILWAUKIE AVE,NA,1,0,9,NA,25,1,INTER,0,1,CROSS,0,0,0,NA,0,NA,NA,04,&,OVERTURN,&,OTH,4,INJ,1,CLR,1,DRY,1,DAY,004,STOP SIGN,1,3,CITY,001,FEL/JUMP,083,VEG HID,NA,NA,10,OTHR-IMP,40,VIEW OBS,NA,NA,0,0,0,0,0,0,0,9,"Over 200,000",1,PORTLAND CITY STREET,NA,NA,NA,1,02B,58_126891,NA,0,10/30/19 17:21:05,1,0,1,0,0,1,0,0,0,0,0,0,0,0,0,0,0,0,0,1,1,0,1,0,0,0,1,1,0,0,0,N
1790974,06706,07/31/18 00:00:00,07,31,2018,3,12,12P,26,Multnomah,245,Portland SE,57,PORTLAND UA,14,U PR-ART,1,026,NA,MT. HOOD,1,0,MN,0,R,NA,002600100S00,45,29,48.29,-122,32,43.49,45.49674722222133,-122.54541388888833,NA,NA,NA,NA,01940,SE POWELL BLVD,NA,05115,SE 115TH AVE,NA,1,NA,7,6.82999992,35,1,INTER,0,1,CROSS,0,0,0,NA,0,NA,NA,06,E,S-1STOP,3,REAR,4,INJ,1,CLR,1,DRY,1,DAY,099,UNKNOWN,1,5,NO RPT,NA,NA,NA,NA,NA,NA,29,F AVOID,NA,NA,NA,NA,NA,NA,0,0,0,0,0,9,"Over 200,000",2,PORTLAND HWY SYSTEM,US,26,US 26,1,02B,293_13269,NA,0,10/30/19 17:21:05,2,0,0,0,2,2,0,1,0,0,0,0,0,0,0,0,0,0,0,3,3,1,0,2,0,0,0,0,0,0,0,N
1790975,06709,07/31/18 00:00:00,07,31,2018,3,17,5P,26,Multnomah,245,Portland SE,57,PORTLAND UA,16,U MN-ART,0,NA,NA,NA,NA,NA,NA,NA,NA,NA,NA,45,29,12.51,-122,32,16.16,45.486808333333336,-122.53782222222134,NA,NA,NA,NA,01424,SE LIEBE ST,NA,05122,SE 122ND AVE,NA,1,0,1,NA,NA,1,INTER,0,3,3-LEG,0,0,0,NA,0,NA,NA,06,G,O-STRGHT,2,HEAD,4,INJ,1,CLR,1,DRY,1,DAY,099,UNKNOWN,1,5,NO RPT,004,INDRCT PED,NA,NA,NA,NA,15,WRNG WAY,NA,NA,NA,NA,NA,NA,0,0,0,0,0,9,"Over 200,000",1,PORTLAND CITY STREET,NA,NA,NA,1,02C,58_125513,NA,0,10/30/19 17:21:05,2,0,0,0,1,1,0,1,0,0,0,0,0,0,0,0,0,0,0,2,2,1,0,1,0,0,0,0,0,0,1,N