CRASH_ID,SER_NO,CRASH_DT,CRASH_MO_NO,CRASH_DAY_NO,CRASH_YR_NO,CRASH_WK_DAY_CD,CRASH_HR_NO,CRASH_HR_SHORT_DESC,CNTY_ID,CNTY_NM,CITY_SECT_ID,CITY_SECT_NM,URB_AREA_CD,URB_AREA_SHORT_NM,FC_CD,FC_SHORT_DESC,NHS_FLG,HWY_NO,HWY_SFX_NO,HWY_MED_NM,RDWY_NO,HWY_COMPNT_CD,HWY_COMPNT_SHORT_DESC,MLGE_TYP_CD,MLGE_TYP_SHORT_DESC,RD_CON_NO,LRS_VAL,LAT_DEG_NO,LAT_MINUTE_NO,LAT_SEC_NO,LONGTD_DEG_NO,LONGTD_MINUTE_NO,LONGTD_SEC_NO,LAT_DD,LONGTD_DD,SPECL_JRSDCT_ID,SPECL_JRSDCT_SHORT_DESC,JRSDCT_GRP_CD,JRSDCT_GRP_LONG_DESC,AGY_ST_NO,ST_FULL_NM,RECRE_RD_NM,ISECT_AGY_ST_NO,ISECT_ST_FULL_NM,ISECT_RECRE_RD_NM,ISECT_SEQ_NO,FROM_ISECT_DSTNC_QTY,CMPSS_DIR_CD,MP_NO,POST_SPEED_LMT_VAL,RD_CHAR_CD,RD_CHAR_SHORT_DESC,OFF_RDWY_FLG,ISECT_TYP_CD,ISECT_TYP_SHORT_DESC,ISECT_REL_FLG,RNDABT_FLG,DRVWY_REL_FLG,LN_QTY,TURNG_LEG_QTY,MEDN_TYP_CD,MEDN_TYP_SHORT_DESC,IMPCT_LOC_CD,CRASH_TYP_CD,CRASH_TYP_SHORT_DESC,COLLIS_TYP_CD,COLLIS_TYP_SHORT_DESC,CRASH_SVRTY_CD,CRASH_SVRTY_SHORT_DESC,WTHR_COND_CD,WTHR_COND_SHORT_DESC,RD_SURF_COND_CD,RD_SURF_SHORT_DESC,LGT_COND_CD,LGT_COND_SHORT_DESC,TRAF_CNTL_DEVICE_CD,TRAF_CNTL_DEVICE_SHORT_DESC,TRAF_CNTL_FUNC_FLG,INVSTG_AGY_CD,INVSTG_AGY_SHORT_DESC,CRASH_EVNT_1_CD,CRASH_EVNT_1_SHORT_DESC,CRASH_EVNT_2_CD,CRASH_EVNT_2_SHORT_DESC,CRASH_EVNT_3_CD,CRASH_EVNT_3_SHORT_DESC,CRASH_CAUSE_1_CD,CRASH_CAUSE_1_SHORT_DESC,CRASH_CAUSE_2_CD,CRASH_CAUSE_2_SHORT_DESC,CRASH_CAUSE_3_CD,CRASH_CAUSE_3_SHORT_DESC,SCHL_ZONE_IND,WRK_ZONE_IND,ALCHL_INVLV_FLG,DRUG_INVLV_FLG,MJ_INVLV_FLG,CRASH_SPEED_INVLV_FLG,CRASH_HIT_RUN_FLG,POP_RNG_CD,POP_RNG_MED_DESC,RD_CNTL_CD,RD_CNTL_MED_DESC,RTE_TYP_CD,RTE_ID,RTE_NM,REG_ID,DIST_ID,SEG_MRK_ID,SEG_PT_LRS_MEAS,UNLOCT_FLG,CRASH_LAST_UD_DT,TOT_VHCL_CNT,TOT_FATAL_CNT,TOT_INJ_LVL_A_CNT,TOT_INJ_LVL_B_CNT,TOT_INJ_LVL_C_CNT,TOT_INJ_CNT,TOT_UNINJD_AGE00_04_CNT,TOT_UNINJD_PER_CNT,TOT_PED_CNT,TOT_PED_FATAL_CNT,TOT_PED_INJ_LVL_A_CNT,TOT_PED_INJ_CNT,TOT_PEDCYCL_CNT,TOT_PEDCYCL_FATAL_CNT,TOT_PEDCYCL_INJ_LVL_A_CNT,TOT_PEDCYCL_INJ_CNT,TOT_UNKNWN_CNT,TOT_UNKNWN_FATAL_CNT,TOT_UNKNWN_INJ_CNT,TOT_OCCUP_CNT,TOT_PER_INVLV_CNT,TOT_SFTY_EQUIP_USED_QTY,TOT_SFTY_EQUIP_UNUSED_QTY,TOT_SFTY_EQUIP_USE_UNKNWN_QTY,TOT_PSNGR_VHCL_OCC_UNRESTRND_FATAL_CNT,TOT_MCYCLST_FATAL_CNT,TOT_MCYCLST_INJ_LVL_A_CNT,TOT_MCYCLST_INJ_CNT,TOT_MCYCLST_UNHELMTD_FATAL_CNT,TOT_ALCHL_IMPAIRED_DRVR_INV_FATAL_CNT,TOT_DRVR_AGE_01_20_CNT,LANE_RDWY_DPRT_CRASH_FLG
1794815,09246,10/10/18 00:00:00,10,10,2018,4,14,2P,26,Multnomah,245,Portland SE,57,PORTLAND UA,19,U LOCAL,0,NA,NA,NA,NA,NA,NA,NA,NA,NA,NA,45,31,0.69,-122,32,34.43,45.516858333332664,-122.54289722222133,NA,NA,NA,NA,01591,SE MORRISON ST,NA,05117,SE 117TH AVE,NA,1,0,9,NA,NA,1,INTER,0,1,CROSS,0,0,0,NA,0,NA,NA,01,B,ANGL-OTH,1,ANGL,4,INJ,1,CLR,1,DRY,1,DAY,004,STOP SIGN,1,5,NO RPT,NA,NA,NA,NA,NA,NA,02,NO-YIELD,NA,NA,NA,NA,NA,NA,0,0,0,0,0,9,"Over 200,000",1,PORTLAND CITY STREET,NA,NA,NA,1,02B,58_116485,NA,0,10/30/19 17:21:05,2,0,0,0,1,1,0,1,0,0,0,0,0,0,0,0,0,0,0,2,2,1,0,1,0,0,0,0,0,0,0,N
1794817,09247,10/10/18 00:00:00,10,10,2018,4,17,5P,26,Multnomah,245,Portland SE,57,PORTLAND UA,11,U INTRST,1,001,NA,PACIFIC,1,6,CN,0,R,2,0001TD100S00,45,31,1.29,-122,39,59.04,45.51702499999967,-122.6664,NA,NA,NA,NA,09446,SB EX BELMONT ST C2,NA,09448,SB EXTO MORRSN BR C7,NA,1,NA,4,302.299988,35,8,BRIDGE,0,NA,NA,0,0,0,1,NA,0,NONE,03,E,S-1STOP,3,REAR,4,INJ,1,CLR,1,DRY,5,DUSK,015,ONE-WAY,1,0,NONE,NA,NA,NA,NA,NA,NA,29,F AVOID,NA,NA,NA,NA,NA,NA,0,0,0,0,0,9,"Over 200,000",2,PORTLAND HWY SYSTEM,IS,5,I-5,1,02B,293_24203,NA,0,10/30/19 17:21:05,2,0,0,0,2,2,0,1,0,0,0,0,0,0,0,0,0,0,0,3,3,1,0,2,0,0,0,0,0,0,0,N
1794830,09250,10/10/18 00:00:00,10,10,2018,4,16,4P,26,Multnomah,245,Portland SE,57,PORTLAND UA,17,U MJ-COL,0,NA,NA,NA,NA,NA,NA,NA,NA,NA,NA,45,29,22.65,-122,39,3.51,45.489624999999336,-122.650975,NA,NA,NA,NA,01567,SE MILWAUKIE AVE,NA,01905,SE PARDEE ST,NA,1,0,4,NA,NA,1,INTER,0,3,3-LEG,0,0,0,NA,0,NA,NA,05,3,PED,0,PED,4,INJ,1,CLR,1,DRY,1,DAY,004,STOP SIGN,1,3,CITY,NA,NA,NA,NA,NA,NA,02,NO-YIELD,27,INATTENT,NA,NA,NA,NA,0,0,0,0,0,9,"Over 200,000",1,PORTLAND CITY STREET,NA,NA,NA,1,02B,58_124374,NA,0,10/30/19 17:21:05,1,0,1,0,0,1,0,1,1,0,1,1,0,0,0,0,0,0,0,1,2,0,0,1,0,0,0,0,0,0,0,N
1794851,10121,11/02/18 00:00:00,11,02,2018,6,10,10A,26,Multnomah,245,Portland SE,57,PORTLAND UA,17,U MJ-COL,0,064,NA,EAST PORTLAND FREEWAY,1,6,CN,0,R,4,0064BV100S00,45,30,16.1,-122,34,7.08,45.504472222222,-122.56863333333267,NA,NA,NA,NA,00614,SE DIVISION ST,NA,05092,SE 92ND AVE,NA,1,NA,7,19.8799992,NA,1,INTER,0,1,CROSS,0,0,0,NA,0,NA,NA,06,E,S-1STOP,3,REAR,4,INJ,1,CLR,1,DRY,1,DAY,001,TRF SIGNAL,1,5,NO RPT,004,INDRCT PED,NA,NA,NA,NA,29,F AVOID,NA,NA,NA,NA,NA,NA,0,0,0,0,0,9,"Over 200,000",2,PORTLAND HWY SYSTEM,IS,205,I-205,1,02B,293_6130,NA,0,10/30/19 17:21:05,2,0,0,0,1,1,0,1,0,0,0,0,0,0,0,0,0,0,0,2,2,1,0,1,0,0,0,0,0,0,0,N
1794860,10122,11/02/18 00:00:00,11,02,2018,6,06,6A,26,Multnomah,245,Portland SE,57,PORTLAND UA,14,U PR-ART,1,081,NA,PACIFIC HIGHWAY EAST,1,6,CN,0,R,1,0081AC100S00,45,30,7.06,-122,39,37.28,45.501961111111,-122.660355555555,NA,NA,NA,NA,02659,SE WOODWARD ST,NA,01506,SE MCLOUGHLIN BLVD,NA,1,NA,3,1.49000001,NA,5,CURVE,0,NA,NA,0,0,0,1,NA,0,NONE,03,C,S-STRGHT,3,REAR,4,INJ,3,RAIN,2,WET,2,DLIT,099,UNKNOWN,1,3,CITY,NA,NA,NA,NA,NA,NA,29,F AVOID,NA,NA,NA,NA,0,0,0,0,0,0,1,9,"Over 200,000",2,PORTLAND HWY SYSTEM,OR,99,OR 99E,1,02B,293_8765,NA,0,10/30/19 17:21:05,2,0,0,0,1,1,0,1,0,0,0,0,0,0,0,0,0,0,0,2,2,0,0,2,0,0,0,0,0,0,0,N
1794897,10124,11/02/18 00:00:00,11,02,2018,6,08,8A,26,Multnomah,245,Portland SE,57,PORTLAND UA,19,U LOCAL,0,NA,NA,NA,NA,NA,NA,NA,NA,NA,NA,45,30,12.22,-122,38,40.63,45.503394444444,-122.64461944444433,NA,NA,NA,NA,00464,SE CLINTON ST,NA,05021,SE 21ST AVE,NA,1,0,9,NA,NA,1,INTER,0,1,CROSS,0,0,0,NA,0,NA,NA,01,6,BIKE,1,ANGL,4,INJ,1,CLR,1,DRY,4,DAWN,004,STOP SIGN,1,3,CITY,NA,NA,NA,NA,NA,NA,02,NO-YIELD,03,PAS-STOP,NA,NA,0,0,0,0,0,0,0,9,"Over 200,000",1,PORTLAND CITY STREET,NA,NA,NA,1,02B,58_119872,NA,0,10/30/19 17:21:05,1,0,0,0,1,1,0,1,0,0,0,0,1,0,0,1,0,0,0,1,2,1,0,1,0,0,0,0,0,0,0,N
1794900,10125,11/02/18 00:00:00,11,02,2018,6,14,2P,26,Multnomah,245,Portland SE,57,PORTLAND UA,14,U PR-ART,1,026,NA,MT. HOOD,1,0,MN,0,R,NA,002600100S00,45,29,45.39,-122,33,21.58,45.49594166666633,-122.555994444444,NA,NA,NA,NA,01940,SE POWELL BLVD,NA,05104,SE 104TH AVE,NA,1,NA,7,6.30999994,35,1,INTER,0,3,3-LEG,0,0,0,NA,0,NA,NA,06,E,S-1STOP,3,REAR,4,INJ,1,CLR,1,DRY,1,DAY,001,TRF SIGNAL,1,0,NONE,NA,NA,NA,NA,NA,NA,29,F AVOID,NA,NA,NA,NA,NA,NA,0,0,0,0,0,9,"Over 200,000",2,PORTLAND HWY SYSTEM,US,26,US 26,1,02B,293_2424,NA,0,10/30/19 17:21:05,2,0,0,0,1,1,0,1,0,0,0,0,0,0,0,0,0,0,0,2,2,1,0,1,0,0,0,0,0,0,1,N
1794914,10130,11/02/18 00:00:00,11,02,2018,6,05,5A,26,Multnomah,245,Portland SE,57,PORTLAND UA,14,U PR-ART,1,NA,NA,NA,NA,NA,NA,NA,NA,NA,NA,45,30,16.46,-122,29,47.85,45.504572222222,-122.49662499999933,NA,NA,NA,NA,00614,SE DIVISION ST,NA,05162,SE 162ND AVE,NA,1,0,9,NA,NA,1,INTER,0,1,CROSS,0,0,0,NA,0,NA,NA,04,B,ANGL-OTH,1,ANGL,4,INJ,3,RAIN,2,WET,2,DLIT,001,TRF SIGNAL,1,5,NO RPT,124,SLIPPERY,NA,NA,NA,NA,01,TOO-FAST,04,DIS SIG,NA,NA,NA,NA,0,0,0,1,0,9,"Over 200,000",1,PORTLAND CITY STREET,NA,NA,NA,1,02B,58_120303,NA,0,10/30/19 17:21:05,2,0,0,1,0,1,0,1,0,0,0,0,0,0,0,0,0,0,0,2,2,1,0,1,0,0,0,0,0,0,1,N
1794918,09277,10/11/18 00:00:00,10,11,2018,5,13,1P,26,Multnomah,245,Portland SE,57,PORTLAND UA,14,U PR-ART,1,NA,NA,NA,NA,NA,NA,NA,NA,NA,NA,45,30,15.45,-122,33,27.01,45.504291666666,-122.557502777777,NA,NA,NA,NA,00614,SE DIVISION ST,NA,05103,SE 103RD AVE,NA,1,0,3,NA,NA,1,INTER,0,3,3-LEG,0,0,0,NA,0,NA,NA,06,E,S-1STOP,3,REAR,4,INJ,1,CLR,1,DRY,1,DAY,099,UNKNOWN,1,0,NONE,013,FORCED,NA,NA,NA,NA,29,F AVOID,NA,NA,NA,NA,NA,NA,0,0,0,0,0,9,"Over 200,000",1,PORTLAND CITY STREET,NA,NA,NA,1,02B,58_120062,NA,0,10/30/19 17:21:05,3,0,0,0,2,2,0,1,0,0,0,0,0,0,0,0,0,0,0,3,3,2,0,1,0,0,0,0,0,0,0,N
1794941,09279,10/11/18 00:00:00,10,11,2018,5,14,2P,26,Multnomah,245,Portland SE,57,PORTLAND UA,14,U PR-ART,1,026,NA,MT. HOOD,1,0,MN,0,R,NA,002600100S00,45,29,52.6,-122,38,22.63,45.497944444444336,-122.63961944444434,NA,NA,NA,NA,01940,SE POWELL BLVD,NA,05026,SE 26TH AVE,NA,1,NA,9,2.06999993,35,1,INTER,0,1,CROSS,0,0,0,NA,0,NA,NA,02,F,S-OTHER,3,REAR,4,INJ,1,CLR,1,DRY,1,DAY,001,TRF SIGNAL,1,0,NONE,004,INDRCT PED,NA,NA,NA,NA,07,TOO-CLOS,NA,NA,NA,NA,NA,NA,0,0,0,0,0,9,"Over 200,000",2,PORTLAND HWY SYSTEM,US,26,US 26,1,02B,293_14612,NA,0,10/30/19 17:21:05,2,0,0,0,1,1,0,1,0,0,0,0,0,0,0,0,0,0,0,2,2,0,0,2,0,0,0,0,0,0,1,N
1794969,09286,10/11/18 00:00:00,10,11,2018,5,16,4P,26,Multnomah,245,Portland SE,57,PORTLAND UA,17,U MJ-COL,0,NA,NA,NA,NA,NA,NA,NA,NA,NA,NA,45,31,2.04,-122,33,46.22,45.51723333333267,-122.562838888888,NA,NA,NA,NA,05096,SE 96TH AVE,NA,02612,SE WASHINGTON ST,NA,1,407,5,NA,NA,2,ALLEY,0,NA,NA,0,0,0,2,NA,0,NONE,07,B,ANGL-OTH,1,ANGL,4,INJ,1,CLR,1,DRY,1,DAY,099,UNKNOWN,1,5,NO RPT,NA,NA,NA,NA,NA,NA,02,NO-YIELD,NA,NA,NA,NA,NA,NA,0,0,0,0,0,9,"Over 200,000",1,PORTLAND CITY STREET,NA,NA,NA,1,02B,58_199638,NA,0,10/30/19 17:21:05,2,0,0,1,0,1,0,1,0,0,0,0,0,0,0,0,0,0,0,2,2,1,0,1,0,0,0,0,0,0,1,N
1794974,09288,10/11/18 00:00:00,10,11,2018,5,13,1P,26,Multnomah,245,Portland SE,57,PORTLAND UA,16,U MN-ART,0,NA,NA,NA,NA,NA,NA,NA,NA,NA,NA,45,28,35.51,-122,32,15.63,45.47653055555467,-122.53767499999934,NA,NA,NA,NA,00824,SE FOSTER RD,NA,05122,SE 122ND AVE,NA,1,102,7,NA,NA,3,STRGHT,0,NA,NA,0,0,0,4,NA,0,NONE,07,F,S-OTHER,7,PARK,4,INJ,1,CLR,1,DRY,1,DAY,099,UNKNOWN,1,5,NO RPT,NA,NA,NA,NA,NA,NA,02,NO-YIELD,NA,NA,NA,NA,NA,NA,0,0,0,0,0,9,"Over 200,000",1,PORTLAND CITY STREET,NA,NA,NA,1,02C,58_194270,NA,0,10/30/19 17:21:05,2,0,0,0,2,2,0,1,0,0,0,0,0,0,0,0,0,0,0,3,3,0,0,3,0,0,0,0,0,0,0,N
1794976,09289,10/11/18 00:00:00,10,11,2018,5,23,11P,26,Multnomah,245,Portland SE,57,PORTLAND UA,16,U MN-ART,0,NA,NA,NA,NA,NA,NA,NA,NA,NA,NA,45,28,35.53,-122,32,13.57,45.47653611111067,-122.53710277777733,NA,NA,NA,NA,00824,SE FOSTER RD,NA,05122,SE 122ND AVE,NA,1,0,7,NA,NA,1,INTER,0,1,CROSS,0,0,0,NA,0,NA,NA,06,C,S-STRGHT,3,REAR,4,INJ,1,CLR,1,DRY,2,DLIT,001,TRF SIGNAL,1,3,CITY,010,SUB OTRN,NA,NA,NA,NA,13,IMP LN C,NA,NA,NA,NA,0,0,0,0,0,0,0,9,"Over 200,000",1,PORTLAND CITY STREET,NA,NA,NA,1,02C,58_170882,NA,0,10/30/19 17:21:05,2,0,2,0,0,2,0,1,0,0,0,0,0,0,0,0,0,0,0,3,3,0,0,3,0,0,2,2,0,0,0,N
1794987,10149,11/02/18 00:00:00,11,02,2018,6,21,9P,26,Multnomah,245,Portland SE,57,PORTLAND UA,14,U PR-ART,1,026,NA,MT. HOOD,1,0,MN,0,R,NA,002600100S00,45,29,44.83,-122,30,5.51,45.495786111110334,-122.501530555555,NA,NA,NA,NA,01940,SE POWELL BLVD,NA,05157,SE 157TH AVE,NA,1,NA,3,9.02000046,35,3,STRGHT,0,NA,NA,0,0,0,2,NA,0,NONE,03,C,S-STRGHT,3,REAR,4,INJ,1,CLR,1,DRY,2,DLIT,099,UNKNOWN,1,5,NO RPT,NA,NA,NA,NA,NA,NA,29,F AVOID,NA,NA,NA,NA,NA,NA,0,0,0,0,0,9,"Over 200,000",2,PORTLAND HWY SYSTEM,US,26,US 26,1,02B,293_19395,NA,0,10/30/19 17:21:05,2,0,0,0,1,1,0,1,0,0,0,0,0,0,0,0,0,0,0,2,2,1,0,1,0,0,0,0,0,0,0,N
1794992,10155,11/02/18 00:00:00,11,02,2018,6,14,2P,26,Multnomah,245,Portland SE,57,PORTLAND UA,19,U LOCAL,0,NA,NA,NA,NA,NA,NA,NA,NA,NA,NA,45,29,57.12,-122,29,29.89,45.499199999999334,-122.49163611111034,NA,NA,NA,NA,00828,SE FRANKLIN ST,NA,05166,SE 166TH AVE,NA,1,0,9,NA,NA,1,INTER,0,1,CROSS,0,0,0,NA,0,NA,NA,02,B,ANGL-OTH,1,ANGL,4,INJ,1,CLR,1,DRY,1,DAY,000,NONE,1,5,NO RPT,NA,NA,NA,NA,NA,NA,02,NO-YIELD,NA,NA,NA,NA,NA,NA,0,0,0,0,0,9,"Over 200,000",1,PORTLAND CITY STREET,NA,NA,NA,1,02B,58_122077,NA,0,10/30/19 17:21:05,2,0,0,0,1,1,0,1,0,0,0,0,0,0,0,0,0,0,0,2,2,1,0,1,0,0,0,0,0,0,1,N
1794993,84228,11/19/18 00:00:00,11,19,2018,2,17,5P,26,Multnomah,245,Portland SE,57,PORTLAND UA,14,U PR-ART,1,081,NA,PACIFIC HIGHWAY EAST,1,0,MN,0,R,NA,008100100S00,45,28,32.06,-122,38,26.79,45.475572222221665,-122.64077499999934,NA,NA,NA,NA,01506,SE MCLOUGHLIN BLVD,NA,00921,SE GLENWOOD ST,NA,1,NA,1,3.5999999,45,3,STRGHT,0,NA,NA,0,0,0,4,NA,1,RSDMD,04,E,S-1STOP,3,REAR,4,INJ,1,CLR,1,DRY,2,DLIT,099,UNKNOWN,1,0,NONE,NA,NA,NA,NA,NA,NA,29,F AVOID,NA,NA,NA,NA,NA,NA,0,0,0,0,0,9,"Over 200,000",2,PORTLAND HWY SYSTEM,OR,99,OR 99E,1,02B,293_10810,NA,0,10/30/19 17:21:05,2,0,0,0,1,1,0,1,0,0,0,0,0,0,0,0,0,0,0,2,2,1,0,1,0,0,0,0,0,0,0,N
1795006,10161,11/03/18 00:00:00,11,03,2018,7,20,8P,26,Multnomah,245,Portland SE,57,PORTLAND UA,17,U MJ-COL,0,NA,NA,NA,NA,NA,NA,NA,NA,NA,NA,45,30,32.7,-122,39,46.17,45.509083333333,-122.662825,NA,NA,NA,NA,05003,SE 3RD AVE,NA,02261,SE STEPHENS ST,NA,1,100,5,NA,NA,3,STRGHT,0,NA,NA,0,0,0,2,NA,0,NONE,07,G,O-STRGHT,2,HEAD,4,INJ,2,CLD,2,WET,3,DARK,099,UNKNOWN,1,3,CITY,NA,NA,NA,NA,NA,NA,15,WRNG WAY,33,RECKLESS,NA,NA,0,0,1,0,0,0,0,9,"Over 200,000",1,PORTLAND CITY STREET,NA,NA,NA,1,02B,58_192156,NA,0,10/30/19 17:21:05,2,0,0,2,0,2,0,2,0,0,0,0,0,0,0,0,0,0,0,4,4,2,0,2,0,0,0,0,0,0,1,N
1795009,10162,11/03/18 00:00:00,11,03,2018,7,22,10P,26,Multnomah,245,Portland SE,57,PORTLAND UA,16,U MN-ART,0,NA,NA,NA,NA,NA,NA,NA,NA,NA,NA,45,27,51.54,-122,38,42.19,45.464316666666,-122.64505277777734,NA,NA,NA,NA,02301,SE TACOMA ST,NA,05019,SE 19TH AVE,NA,1,0,7,NA,NA,1,INTER,0,1,CROSS,0,0,0,NA,0,NA,NA,06,E,S-1STOP,3,REAR,4,INJ,3,RAIN,2,WET,2,DLIT,019,SP PED SIG,1,5,NO RPT,004,INDRCT PED,NA,NA,NA,NA,29,F AVOID,NA,NA,NA,NA,NA,NA,0,0,0,0,0,9,"Over 200,000",1,PORTLAND CITY STREET,NA,NA,NA,1,02B,58_130368,NA,0,10/30/19 17:21:05,2,0,0,0,1,1,0,1,0,0,0,0,0,0,0,0,0,0,0,2,2,2,0,0,0,0,0,0,0,0,0,N
1795025,84425,12/02/18 00:00:00,12,02,2018,1,15,3P,26,Multnomah,245,Portland SE,57,PORTLAND UA,16,U MN-ART,0,NA,NA,NA,NA,NA,NA,NA,NA,NA,NA,45,27,31.25,-122,38,49.07,45.458680555555,-122.64696388888834,NA,NA,NA,NA,01806,SE OCHOCO ST,NA,05017,SE 17TH AVE,NA,1,0,1,NA,NA,1,INTER,0,3,3-LEG,0,0,0,NA,0,NA,NA,06,E,S-1STOP,3,REAR,4,INJ,3,RAIN,2,WET,1,DAY,004,STOP SIGN,1,0,NONE,NA,NA,NA,NA,NA,NA,29,F AVOID,NA,NA,NA,NA,NA,NA,0,0,0,0,0,9,"Over 200,000",1,PORTLAND CITY STREET,NA,NA,NA,1,02B,58_131301,NA,0,10/30/19 17:21:05,2,0,0,0,1,1,0,2,0,0,0,0,0,0,0,0,0,0,0,3,3,3,0,0,0,0,0,0,0,0,0,N
1795037,09304,10/12/18 00:00:00,10,12,2018,6,09,9A,26,Multnomah,245,Portland SE,57,PORTLAND UA,14,U PR-ART,1,026,NA,MT. HOOD,1,0,MN,0,R,NA,002600100S00,45,29,51.3,-122,31,30.79,45.49758333333333,-122.52521944444366,NA,NA,NA,NA,01940,SE POWELL BLVD,NA,05134,SE 134TH AVE,NA,1,NA,3,7.80999994,35,1,INTER,0,3,3-LEG,0,0,0,NA,0,NA,NA,06,E,S-1STOP,3,REAR,4,INJ,1,CLR,1,DRY,1,DAY,004,STOP SIGN,1,0,NONE,NA,NA,NA,NA,NA,NA,29,F AVOID,NA,NA,NA,NA,NA,NA,0,0,0,0,0,9,"Over 200,000",2,PORTLAND HWY SYSTEM,US,26,US 26,1,02B,293_19871,NA,0,10/30/19 17:21:05,2,0,0,0,1,1,0,1,0,0,0,0,0,0,0,0,0,0,0,2,2,1,0,1,0,0,0,0,0,0,0,N
1795041,84297,11/25/18 00:00:00,11,25,2018,1,17,5P,26,Multnomah,245,Portland SE,57,PORTLAND UA,14,U PR-ART,1,068,NA,CASCADE HWY NORTH,1,0,MN,0,R,NA,006800100S00,45,29,9.76,-122,34,43.99,45.48604444444433,-122.57888611111066,NA,NA,NA,NA,05082,SE 82ND AVE,NA,02113,SE RAYMOND CT,NA,1,NA,1,5.53999996,35,3,STRGHT,0,NA,NA,0,0,0,4,NA,0,NONE,03,H,O-1 L-TURN,6,TURN,4,INJ,1,CLR,1,DRY,2,DLIT,099,UNKNOWN,1,5,NO RPT,NA,NA,NA,NA,NA,NA,08,IMP-TURN,NA,NA,NA,NA,NA,NA,0,0,0,0,0,9,"Over 200,000",2,PORTLAND HWY SYSTEM,OR,213,OR 213,1,02B,293_20013,NA,0,10/30/19 17:21:05,2,0,0,0,1,1,0,1,0,0,0,0,0,0,0,0,0,0,0,2,2,1,0,1,0,0,0,0,0,0,0,N
1795045,09308,10/12/18 00:00:00,10,12,2018,6,13,1P,26,Multnomah,245,Portland SE,57,PORTLAND UA,14,U PR-ART,1,068,NA,CASCADE HWY NORTH,1,0,MN,0,R,NA,006800100S00,45,29,50.67,-122,34,43.34,45.49740833333333,-122.57870555555466,NA,NA,NA,NA,01940,SE POWELL BLVD,NA,05082,SE 82ND AVE,NA,1,NA,1,4.75,35,1,INTER,0,1,CROSS,0,0,0,NA,0,NA,NA,06,E,S-1STOP,3,REAR,4,INJ,1,CLR,1,DRY,1,DAY,001,TRF SIGNAL,1,0,NONE,NA,NA,NA,NA,NA,NA,07,TOO-CLOS,NA,NA,NA,NA,NA,NA,0,0,0,0,0,9,"Over 200,000",2,PORTLAND HWY SYSTEM,OR,213,OR 213,1,02B,293_18733,NA,0,10/30/19 17:21:05,2,0,0,0,1,1,0,1,0,0,0,0,0,0,0,0,0,0,0,2,2,1,0,1,0,0,0,0,0,0,0,N
1795046,10168,11/03/18 00:00:00,11,03,2018,7,16,4P,26,Multnomah,245,Portland SE,57,PORTLAND UA,17,U MJ-COL,0,NA,NA,NA,NA,NA,NA,NA,NA,NA,NA,45,30,19.41,-122,35,8.74,45.505391666666,-122.58576111111033,NA,NA,NA,NA,00614,DIVISION ST,NA,05075,SE 75TH AVE,NA,2,0,3,NA,NA,1,INTER,0,3,3-LEG,0,0,0,NA,0,NA,NA,06,E,S-1STOP,3,REAR,4,INJ,1,CLR,1,DRY,1,DAY,099,UNKNOWN,1,0,NONE,NA,NA,NA,NA,NA,NA,29,F AVOID,NA,NA,NA,NA,NA,NA,0,0,0,0,0,9,"Over 200,000",1,PORTLAND CITY STREET,NA,NA,NA,1,02B,58_119617,NA,0,10/30/19 17:21:05,2,0,0,0,2,2,0,1,0,0,0,0,0,0,0,0,0,0,0,3,3,0,0,3,0,0,0,0,0,0,0,N
1795059,09313,10/12/18 00:00:00,10,12,2018,6,17,5P,26,Multnomah,245,Portland SE,57,PORTLAND UA,17,U MJ-COL,0,NA,NA,NA,NA,NA,NA,NA,NA,NA,NA,45,30,29.08,-122,36,6.36,45.508077777777,-122.601766666666,NA,NA,NA,NA,01426,SE LINCOLN ST,NA,05090,SE 90TH AVE,NA,1,0,1,NA,NA,1,INTER,0,3,3-LEG,0,0,0,NA,0,NA,NA,05,6,BIKE,6,TURN,4,INJ,1,CLR,1,DRY,1,DAY,004,STOP SIGN,1,3,CITY,NA,NA,NA,NA,NA,NA,02,NO-YIELD,40,VIEW OBS,NA,NA,0,0,0,0,0,0,0,9,"Over 200,000",1,PORTLAND CITY STREET,NA,NA,NA,1,02B,58_118782,NA,0,10/30/19 17:21:05,1,0,0,1,0,1,0,1,0,0,0,0,1,0,0,1,0,0,0,1,2,2,0,0,0,0,0,0,0,0,0,N