CRASH_ID,SER_NO,CRASH_DT,CRASH_MO_NO,CRASH_DAY_NO,CRASH_YR_NO,CRASH_WK_DAY_CD,CRASH_HR_NO,CRASH_HR_SHORT_DESC,CNTY_ID,CNTY_NM,CITY_SECT_ID,CITY_SECT_NM,URB_AREA_CD,URB_AREA_SHORT_NM,FC_CD,FC_SHORT_DESC,NHS_FLG,HWY_NO,HWY_SFX_NO,HWY_MED_NM,RDWY_NO,HWY_COMPNT_CD,HWY_COMPNT_SHORT_DESC,MLGE_TYP_CD,MLGE_TYP_SHORT_DESC,RD_CON_NO,LRS_VAL,LAT_DEG_NO,LAT_MINUTE_NO,LAT_SEC_NO,LONGTD_DEG_NO,LONGTD_MINUTE_NO,LONGTD_SEC_NO,LAT_DD,LONGTD_DD,SPECL_JRSDCT_ID,SPECL_JRSDCT_SHORT_DESC,JRSDCT_GRP_CD,JRSDCT_GRP_LONG_DESC,AGY_ST_NO,ST_FULL_NM,RECRE_RD_NM,ISECT_AGY_ST_NO,ISECT_ST_FULL_NM,ISECT_RECRE_RD_NM,ISECT_SEQ_NO,FROM_ISECT_DSTNC_QTY,CMPSS_DIR_CD,MP_NO,POST_SPEED_LMT_VAL,RD_CHAR_CD,RD_CHAR_SHORT_DESC,OFF_RDWY_FLG,ISECT_TYP_CD,ISECT_TYP_SHORT_DESC,ISECT_REL_FLG,RNDABT_FLG,DRVWY_REL_FLG,LN_QTY,TURNG_LEG_QTY,MEDN_TYP_CD,MEDN_TYP_SHORT_DESC,IMPCT_LOC_CD,CRASH_TYP_CD,CRASH_TYP_SHORT_DESC,COLLIS_TYP_CD,COLLIS_TYP_SHORT_DESC,CRASH_SVRTY_CD,CRASH_SVRTY_SHORT_DESC,WTHR_COND_CD,WTHR_COND_SHORT_DESC,RD_SURF_COND_CD,RD_SURF_SHORT_DESC,LGT_COND_CD,LGT_COND_SHORT_DESC,TRAF_CNTL_DEVICE_CD,TRAF_CNTL_DEVICE_SHORT_DESC,TRAF_CNTL_FUNC_FLG,INVSTG_AGY_CD,INVSTG_AGY_SHORT_DESC,CRASH_EVNT_1_CD,CRASH_EVNT_1_SHORT_DESC,CRASH_EVNT_2_CD,CRASH_EVNT_2_SHORT_DESC,CRASH_EVNT_3_CD,CRASH_EVNT_3_SHORT_DESC,CRASH_CAUSE_1_CD,CRASH_CAUSE_1_SHORT_DESC,CRASH_CAUSE_2_CD,CRASH_CAUSE_2_SHORT_DESC,CRASH_CAUSE_3_CD,CRASH_CAUSE_3_SHORT_DESC,SCHL_ZONE_IND,WRK_ZONE_IND,ALCHL_INVLV_FLG,DRUG_INVLV_FLG,MJ_INVLV_FLG,CRASH_SPEED_INVLV_FLG,CRASH_HIT_RUN_FLG,POP_RNG_CD,POP_RNG_MED_DESC,RD_CNTL_CD,RD_CNTL_MED_DESC,RTE_TYP_CD,RTE_ID,RTE_NM,REG_ID,DIST_ID,SEG_MRK_ID,SEG_PT_LRS_MEAS,UNLOCT_FLG,CRASH_LAST_UD_DT,TOT_VHCL_CNT,TOT_FATAL_CNT,TOT_INJ_LVL_A_CNT,TOT_INJ_LVL_B_CNT,TOT_INJ_LVL_C_CNT,TOT_INJ_CNT,TOT_UNINJD_AGE00_04_CNT,TOT_UNINJD_PER_CNT,TOT_PED_CNT,TOT_PED_FATAL_CNT,TOT_PED_INJ_LVL_A_CNT,TOT_PED_INJ_CNT,TOT_PEDCYCL_CNT,TOT_PEDCYCL_FATAL_CNT,TOT_PEDCYCL_INJ_LVL_A_CNT,TOT_PEDCYCL_INJ_CNT,TOT_UNKNWN_CNT,TOT_UNKNWN_FATAL_CNT,TOT_UNKNWN_INJ_CNT,TOT_OCCUP_CNT,TOT_PER_INVLV_CNT,TOT_SFTY_EQUIP_USED_QTY,TOT_SFTY_EQUIP_UNUSED_QTY,TOT_SFTY_EQUIP_USE_UNKNWN_QTY,TOT_PSNGR_VHCL_OCC_UNRESTRND_FATAL_CNT,TOT_MCYCLST_FATAL_CNT,TOT_MCYCLST_INJ_LVL_A_CNT,TOT_MCYCLST_INJ_CNT,TOT_MCYCLST_UNHELMTD_FATAL_CNT,TOT_ALCHL_IMPAIRED_DRVR_INV_FATAL_CNT,TOT_DRVR_AGE_01_20_CNT,LANE_RDWY_DPRT_CRASH_FLG
1795627,09432,10/15/18 00:00:00,10,15,2018,2,02,2A,26,Multnomah,245,Portland SE,57,PORTLAND UA,16,U MN-ART,0,NA,NA,NA,NA,NA,NA,NA,NA,NA,NA,45,31,6.25,-122,34,49.05,45.518402777777666,-122.58029166666667,NA,NA,NA,NA,02612,SE WASHINGTON ST,NA,05081,SE 81ST AVE,NA,1,0,7,NA,NA,1,INTER,0,1,CROSS,0,0,0,NA,0,NA,NA,06,&,OVERTURN,8,NCOL,4,INJ,2,CLD,1,DRY,2,DLIT,004,STOP SIGN,1,3,CITY,NA,NA,NA,NA,NA,NA,10,OTHR-IMP,NA,NA,NA,NA,0,0,0,0,0,0,0,9,"Over 200,000",1,PORTLAND CITY STREET,NA,NA,NA,1,02B,58_115786,NA,0,10/30/19 17:21:05,1,0,1,0,0,1,0,0,0,0,0,0,0,0,0,0,0,0,0,1,1,1,0,0,0,0,1,1,0,0,0,N
1795636,10367,11/09/18 00:00:00,11,09,2018,6,06,6A,26,Multnomah,245,Portland SE,57,PORTLAND UA,16,U MN-ART,0,NA,NA,NA,NA,NA,NA,NA,NA,NA,NA,45,28,3.4,-122,36,36.06,45.467611111110664,-122.610016666666,NA,NA,NA,NA,00852,SE FLAVEL DR,NA,05052,SE 52ND AVE,NA,1,0,9,NA,NA,1,INTER,0,1,CROSS,0,0,0,NA,0,NA,NA,01,6,BIKE,1,ANGL,4,INJ,5,FOG,2,WET,4,DAWN,004,STOP SIGN,1,3,CITY,NA,NA,NA,NA,NA,NA,02,NO-YIELD,03,PAS-STOP,NA,NA,0,0,0,0,0,0,0,9,"Over 200,000",1,PORTLAND CITY STREET,NA,NA,NA,1,02B,58_130003,NA,0,10/30/19 17:21:05,1,0,0,1,0,1,0,1,0,0,0,0,1,0,0,1,0,0,0,1,2,2,0,0,0,0,0,0,0,0,0,N
1795650,10370,11/09/18 00:00:00,11,09,2018,6,08,8A,26,Multnomah,245,Portland SE,57,PORTLAND UA,16,U MN-ART,0,NA,NA,NA,NA,NA,NA,NA,NA,NA,NA,45,28,51.43,-122,36,31.42,45.48095277777767,-122.608727777777,NA,NA,NA,NA,02107,SE RAMONA ST,NA,05052,SE 52ND AVE,NA,1,0,9,NA,NA,1,INTER,0,1,CROSS,0,0,0,NA,0,NA,NA,04,6,BIKE,6,TURN,4,INJ,1,CLR,1,DRY,4,DAWN,099,UNKNOWN,1,0,NONE,NA,NA,NA,NA,NA,NA,02,NO-YIELD,NA,NA,NA,NA,NA,NA,0,0,0,0,0,9,"Over 200,000",1,PORTLAND CITY STREET,NA,NA,NA,1,02B,58_126821,NA,0,10/30/19 17:21:05,1,0,0,1,0,1,0,1,0,0,0,0,1,0,0,1,0,0,0,1,2,2,0,0,0,0,0,0,0,0,0,N
1795659,09438,10/15/18 00:00:00,10,15,2018,2,17,5P,26,Multnomah,245,Portland SE,57,PORTLAND UA,14,U PR-ART,1,026,NA,MT. HOOD,1,0,MN,0,R,NA,002600100S00,45,29,50.11,-122,31,56.6,45.497252777777334,-122.53238888888866,NA,NA,NA,NA,01940,SE POWELL BLVD,NA,05128,SE 128TH AVE,NA,1,NA,7,7.46999979,35,2,ALLEY,0,NA,NA,0,0,0,2,NA,0,NONE,03,B,ANGL-OTH,6,TURN,4,INJ,1,CLR,1,DRY,1,DAY,099,UNKNOWN,1,5,NO RPT,NA,NA,NA,NA,NA,NA,02,NO-YIELD,NA,NA,NA,NA,NA,NA,0,0,0,0,0,9,"Over 200,000",2,PORTLAND HWY SYSTEM,US,26,US 26,1,02B,293_18793,NA,0,10/30/19 17:21:05,2,0,0,0,1,1,0,1,0,0,0,0,0,0,0,0,0,0,0,2,2,1,0,1,0,0,0,0,0,0,0,N
1795680,10389,11/10/18 00:00:00,11,10,2018,7,11,11A,26,Multnomah,245,Portland SE,57,PORTLAND UA,14,U PR-ART,1,026,NA,MT. HOOD,1,0,MN,0,R,NA,002600100S00,45,29,50.58,-122,34,6.57,45.49738333333333,-122.56849166666667,NA,NA,NA,NA,01940,SE POWELL BLVD,NA,05092,SE 92ND AVE,NA,1,NA,1,5.59000015,35,1,INTER,0,1,CROSS,0,0,0,NA,0,NA,NA,06,E,S-1STOP,3,REAR,4,INJ,1,CLR,1,DRY,1,DAY,001,TRF SIGNAL,1,3,CITY,NA,NA,NA,NA,NA,NA,01,TOO-FAST,16,FATIGUE,29,F AVOID,0,0,0,0,0,1,1,9,"Over 200,000",2,PORTLAND HWY SYSTEM,US,26,US 26,1,02B,293_10834,NA,0,10/30/19 17:21:05,2,0,0,1,2,3,0,1,0,0,0,0,0,0,0,0,0,0,0,4,4,3,0,1,0,0,0,0,0,0,0,N
1795691,09448,10/15/18 00:00:00,10,15,2018,2,17,5P,26,Multnomah,245,Portland SE,57,PORTLAND UA,16,U MN-ART,0,NA,NA,NA,NA,NA,NA,NA,NA,NA,NA,45,31,8.59,-122,33,30.31,45.51905277777767,-122.558419444444,NA,NA,NA,NA,02259,SE STARK ST,NA,05102,SE 102ND AVE,NA,1,0,5,NA,NA,1,INTER,0,1,CROSS,0,0,0,NA,0,NA,NA,05,3,PED,0,PED,4,INJ,1,CLR,1,DRY,5,DUSK,001,TRF SIGNAL,1,3,CITY,NA,NA,NA,NA,NA,NA,02,NO-YIELD,40,VIEW OBS,NA,NA,0,0,0,0,0,0,0,9,"Over 200,000",1,PORTLAND CITY STREET,NA,NA,NA,1,02B,58_193288,NA,0,10/30/19 17:21:05,1,0,0,0,1,1,0,1,1,0,0,1,0,0,0,0,0,0,0,1,2,1,0,0,0,0,0,0,0,0,0,N
1795701,10393,11/10/18 00:00:00,11,10,2018,7,12,12P,26,Multnomah,245,Portland SE,57,PORTLAND UA,17,U MJ-COL,0,NA,NA,NA,NA,NA,NA,NA,NA,NA,NA,45,29,26.15,-122,37,57.69,45.49059722222133,-122.63269166666667,NA,NA,NA,NA,01055,SE HOLGATE BLVD,NA,05032,SE 32ND AVE,NA,1,0,3,NA,NA,1,INTER,0,3,3-LEG,0,0,0,NA,0,NA,NA,05,3,PED,0,PED,4,INJ,1,CLR,1,DRY,1,DAY,001,TRF SIGNAL,1,3,CITY,NA,NA,NA,NA,NA,NA,02,NO-YIELD,18,IN RDWY,NA,NA,0,0,0,0,0,0,0,9,"Over 200,000",1,PORTLAND CITY STREET,NA,NA,NA,1,02B,58_183600,NA,0,10/30/19 17:21:05,1,0,0,0,2,2,0,1,2,0,0,2,0,0,0,0,0,0,0,1,3,1,0,0,0,0,0,0,0,0,0,N
1795703,10397,11/10/18 00:00:00,11,10,2018,7,00,12A,26,Multnomah,245,Portland SE,57,PORTLAND UA,11,U INTRST,1,064,NA,EAST PORTLAND FREEWAY,2,0,MN,0,R,NA,006400200S00,45,30,39.49,-122,33,56.48,45.510969444444,-122.565688888888,NA,NA,NA,NA,00745,EAST PORTLAND FY,NA,09722,SB EX DIVISION C6,NA,1,NA,1,20.0799999,55,3,STRGHT,0,NA,NA,0,0,0,6,NA,2,DIVMD,05,E,S-1STOP,3,REAR,4,INJ,1,CLR,1,DRY,3,DARK,017,MEDIAN BAR,1,3,CITY,NA,NA,NA,NA,NA,NA,29,F AVOID,NA,NA,NA,NA,0,1,0,0,0,0,1,9,"Over 200,000",2,PORTLAND HWY SYSTEM,IS,205,I-205,1,02B,293_5894,NA,0,10/30/19 17:21:05,2,0,0,0,2,2,0,1,0,0,0,0,0,0,0,0,0,0,0,3,3,0,0,3,0,0,0,0,0,0,0,N
1795710,10399,11/10/18 00:00:00,11,10,2018,7,12,12P,26,Multnomah,245,Portland SE,57,PORTLAND UA,11,U INTRST,1,001,NA,PACIFIC,2,0,MN,0,R,NA,000100200S00,45,30,39.21,-122,40,0.23,45.510891666666,-122.66673055555466,NA,NA,NA,NA,00302,PACIFIC HY I-5,NA,09452,SB EX MARQUAM BR,NA,1,NA,1,300.640015,50,3,STRGHT,0,NA,NA,0,0,0,6,NA,1,RSDMD,03,C,S-STRGHT,3,REAR,4,INJ,1,CLR,1,DRY,1,DAY,017,MEDIAN BAR,1,0,NONE,NA,NA,NA,NA,NA,NA,29,F AVOID,NA,NA,NA,NA,NA,NA,0,0,0,0,0,9,"Over 200,000",2,PORTLAND HWY SYSTEM,IS,5,I-5,1,02B,293_3024,NA,0,10/30/19 17:21:05,2,0,0,1,2,3,1,4,0,0,0,0,0,0,0,0,0,0,0,7,7,7,0,0,0,0,0,0,0,0,0,N
1795724,10404,11/10/18 00:00:00,11,10,2018,7,21,9P,26,Multnomah,245,Portland SE,57,PORTLAND UA,16,U MN-ART,0,NA,NA,NA,NA,NA,NA,NA,NA,NA,NA,45,30,34.04,-122,29,47.63,45.509455555555,-122.49656388888833,NA,NA,NA,NA,05162,SE 162ND AVE,NA,02261,SE STEPHENS ST,NA,1,100,1,NA,NA,3,STRGHT,0,NA,NA,0,0,0,4,NA,0,NONE,08,C,S-STRGHT,3,REAR,4,INJ,1,CLR,1,DRY,2,DLIT,099,UNKNOWN,1,5,NO RPT,NA,NA,NA,NA,NA,NA,29,F AVOID,NA,NA,NA,NA,NA,NA,0,0,0,0,0,9,"Over 200,000",1,PORTLAND CITY STREET,NA,NA,NA,1,02B,58_118979,NA,0,10/30/19 17:21:05,2,0,0,0,1,1,0,1,0,0,0,0,0,0,0,0,0,0,0,2,2,0,0,2,0,0,0,0,0,0,0,N
1795728,10406,11/07/18 00:00:00,11,07,2018,4,09,9A,26,Multnomah,245,Portland SE,57,PORTLAND UA,14,U PR-ART,1,026,NA,MT. HOOD,1,0,MN,0,R,NA,002600100S00,45,30,4.55,-122,39,17.22,45.501263888888,-122.654783333333,NA,NA,NA,NA,01940,SE POWELL BLVD,NA,05011,SE 11TH AVE,NA,1,NA,8,1.29999995,35,1,INTER,0,3,3-LEG,0,0,0,NA,0,NA,NA,06,E,S-1STOP,3,REAR,4,INJ,1,CLR,1,DRY,1,DAY,099,UNKNOWN,1,0,NONE,NA,NA,NA,NA,NA,NA,29,F AVOID,NA,NA,NA,NA,NA,NA,0,0,0,0,0,9,"Over 200,000",2,PORTLAND HWY SYSTEM,US,26,US 26,1,02B,293_15034,NA,0,10/30/19 17:21:05,2,0,0,0,2,2,0,1,0,0,0,0,0,0,0,0,0,0,0,3,3,2,0,1,0,0,0,0,0,0,0,N
1795751,10417,11/12/18 00:00:00,11,12,2018,2,14,2P,26,Multnomah,245,Portland SE,57,PORTLAND UA,14,U PR-ART,1,NA,NA,NA,NA,NA,NA,NA,NA,NA,NA,45,30,14.73,-122,32,15.66,45.504091666666,-122.53768333333333,NA,NA,NA,NA,00614,SE DIVISION ST,NA,05122,SE 122ND AVE,NA,1,0,7,NA,NA,1,INTER,0,1,CROSS,0,0,0,NA,0,NA,NA,06,I,O-1STOP,4,SS-M,4,INJ,1,CLR,1,DRY,1,DAY,022,L-GRN-SIG,1,3,CITY,NA,NA,NA,NA,NA,NA,05,LEFT-CTR,NA,NA,NA,NA,0,0,0,0,0,0,0,9,"Over 200,000",1,PORTLAND CITY STREET,NA,NA,NA,1,02B,58_120255,NA,0,10/30/19 17:21:05,4,0,0,0,1,1,0,3,0,0,0,0,0,0,0,0,0,0,0,4,4,0,1,3,0,0,0,0,0,0,0,N
1795752,10418,11/12/18 00:00:00,11,12,2018,2,17,5P,26,Multnomah,245,Portland SE,57,PORTLAND UA,19,U LOCAL,0,NA,NA,NA,NA,NA,NA,NA,NA,NA,NA,45,28,9.86,-122,36,56.31,45.469405555554665,-122.615641666666,NA,NA,NA,NA,00817,SE FLAVEL ST,NA,05045,SE 45TH AVE,NA,1,75,3,NA,NA,3,STRGHT,0,NA,NA,0,0,0,2,NA,0,NONE,07,G,O-STRGHT,2,HEAD,4,INJ,1,CLR,1,DRY,5,DUSK,099,UNKNOWN,1,5,NO RPT,NA,NA,NA,NA,NA,NA,15,WRNG WAY,NA,NA,NA,NA,NA,NA,0,0,0,0,0,9,"Over 200,000",1,PORTLAND CITY STREET,NA,NA,NA,1,02B,58_129496,NA,0,10/30/19 17:21:05,2,0,1,0,0,1,0,1,0,0,0,0,0,0,0,0,0,0,0,2,2,1,0,1,0,0,0,0,0,0,0,N
1795778,10424,11/12/18 00:00:00,11,12,2018,2,12,12P,26,Multnomah,245,Portland SE,57,PORTLAND UA,16,U MN-ART,0,NA,NA,NA,NA,NA,NA,NA,NA,NA,NA,45,31,2.18,-122,33,29.94,45.51727222222166,-122.558316666666,NA,NA,NA,NA,00563,SE CHERRY BLOSSOM DR,NA,01592,SE MORRISON CT,NA,1,0,4,NA,NA,1,INTER,0,1,CROSS,0,0,0,NA,0,NA,NA,05,C,S-STRGHT,5,SS-O,4,INJ,1,CLR,1,DRY,1,DAY,015,ONE-WAY,1,0,NONE,NA,NA,NA,NA,NA,NA,13,IMP LN C,NA,NA,NA,NA,NA,NA,0,0,0,0,0,9,"Over 200,000",1,PORTLAND CITY STREET,NA,NA,NA,1,02B,58_194926,NA,0,10/30/19 17:21:05,2,0,0,0,3,3,0,2,0,0,0,0,0,0,0,0,0,0,0,5,5,3,0,2,0,0,0,0,0,0,0,N
1795835,09466,10/16/18 00:00:00,10,16,2018,3,05,5A,26,Multnomah,245,Portland SE,57,PORTLAND UA,17,U MJ-COL,0,NA,NA,NA,NA,NA,NA,NA,NA,NA,NA,45,30,19.23,-122,36,17.58,45.505341666666,-122.604883333333,NA,NA,NA,NA,00614,SE DIVISION ST,NA,05057,SE 57TH AVE,NA,1,0,7,NA,NA,1,INTER,0,3,3-LEG,0,0,0,NA,0,NA,NA,05,G,O-STRGHT,2,HEAD,4,INJ,1,CLR,1,DRY,2,DLIT,001,TRF SIGNAL,1,3,CITY,NA,NA,NA,NA,NA,NA,05,LEFT-CTR,NA,NA,NA,NA,1,NA,0,0,0,0,1,9,"Over 200,000",1,PORTLAND CITY STREET,NA,NA,NA,1,02B,58_119504,NA,0,10/30/19 17:21:05,2,0,0,0,1,1,0,1,0,0,0,0,0,0,0,0,0,0,0,2,2,1,0,1,0,0,0,0,0,0,0,N
1795847,84602,12/15/18 00:00:00,12,15,2018,7,14,2P,26,Multnomah,245,Portland SE,57,PORTLAND UA,11,U INTRST,1,064,NA,EAST PORTLAND FREEWAY,1,0,MN,0,R,NA,006400100S00,45,28,1.31,-122,33,58.24,45.467030555554665,-122.566177777777,NA,NA,NA,NA,00745,EAST PORTLAND FY,NA,09710,NB EX WOODSTOCK C1,NA,1,NA,5,17.0200005,55,3,STRGHT,0,NA,NA,0,0,0,6,NA,2,DIVMD,05,E,S-1STOP,3,REAR,4,INJ,1,CLR,1,DRY,1,DAY,099,UNKNOWN,1,0,NONE,013,FORCED,NA,NA,NA,NA,29,F AVOID,NA,NA,NA,NA,NA,NA,0,0,0,0,0,9,"Over 200,000",2,PORTLAND HWY SYSTEM,IS,205,I-205,1,02B,293_5703,NA,0,10/30/19 17:21:05,3,0,0,0,3,3,1,4,0,0,0,0,0,0,0,0,0,0,0,7,7,6,0,1,0,0,0,0,0,0,0,N
1795848,09469,10/16/18 00:00:00,10,16,2018,3,17,5P,26,Multnomah,245,Portland SE,57,PORTLAND UA,14,U PR-ART,1,026,NA,MT. HOOD,1,0,MN,0,R,NA,002600100S00,45,29,41.21,-122,29,47.96,45.49478055555533,-122.49665555555534,NA,NA,NA,NA,01940,SE POWELL BLVD,NA,05162,SE 162ND AVE,NA,1,NA,8,9.27000046,35,1,INTER,0,1,CROSS,0,0,0,NA,0,NA,NA,06,E,S-1STOP,3,REAR,4,INJ,1,CLR,1,DRY,1,DAY,001,TRF SIGNAL,1,0,NONE,013,FORCED,NA,NA,NA,NA,01,TOO-FAST,NA,NA,NA,NA,NA,NA,0,0,0,1,0,9,"Over 200,000",2,PORTLAND HWY SYSTEM,US,26,US 26,1,02B,293_17374,NA,0,10/30/19 17:21:05,3,0,0,0,3,3,0,1,0,0,0,0,0,0,0,0,0,0,0,4,4,2,0,2,0,0,0,0,0,0,1,N
1795856,10430,11/12/18 00:00:00,11,12,2018,2,12,12P,26,Multnomah,245,Portland SE,57,PORTLAND UA,16,U MN-ART,0,NA,NA,NA,NA,NA,NA,NA,NA,NA,NA,45,30,49.16,-122,39,31.32,45.513655555555,-122.6587,NA,NA,NA,NA,01515,SE MAIN ST,NA,05007,SE 7TH AVE,NA,1,0,9,NA,NA,1,INTER,0,1,CROSS,0,0,0,NA,0,NA,NA,03,B,ANGL-OTH,1,ANGL,4,INJ,1,CLR,1,DRY,1,DAY,004,STOP SIGN,1,0,NONE,NA,NA,NA,NA,NA,NA,02,NO-YIELD,03,PAS-STOP,NA,NA,NA,NA,0,0,0,0,0,9,"Over 200,000",1,PORTLAND CITY STREET,NA,NA,NA,1,02B,58_116874,NA,0,10/30/19 17:21:05,2,0,0,0,1,1,0,1,0,0,0,0,0,0,0,0,0,0,0,2,2,1,0,1,0,0,0,0,0,0,0,N
1795883,10443,11/12/18 00:00:00,11,12,2018,2,13,1P,26,Multnomah,245,Portland SE,57,PORTLAND UA,16,U MN-ART,0,NA,NA,NA,NA,NA,NA,NA,NA,NA,NA,45,31,8.63,-122,34,2.8,45.51906388888867,-122.56744444444367,NA,NA,NA,NA,02259,SE STARK ST,NA,05094,SE 94TH AVE,NA,1,130,7,NA,NA,2,ALLEY,0,NA,NA,0,0,0,3,NA,0,NONE,08,D,S-1TURN,6,TURN,4,INJ,1,CLR,1,DRY,1,DAY,015,ONE-WAY,1,5,NO RPT,121,FENCE,013,FORCED,NA,NA,08,IMP-TURN,NA,NA,NA,NA,NA,NA,0,0,0,0,0,9,"Over 200,000",1,PORTLAND CITY STREET,NA,NA,NA,1,02B,58_139095,NA,0,10/30/19 17:21:05,4,0,0,0,1,1,0,3,0,0,0,0,0,0,0,0,0,0,0,4,4,4,0,0,0,0,0,0,0,0,0,N
1795896,09477,10/16/18 00:00:00,10,16,2018,3,15,3P,26,Multnomah,245,Portland SE,57,PORTLAND UA,14,U PR-ART,1,026,NA,MT. HOOD,1,0,MN,0,R,NA,002600100S00,45,29,50.61,-122,34,11.14,45.49739166666633,-122.56976111111067,NA,NA,NA,NA,01940,SE POWELL BLVD,NA,05090,SE 90TH AVE,NA,1,NA,3,5.53000021,35,3,STRGHT,0,NA,NA,0,0,0,4,NA,0,NONE,04,C,S-STRGHT,5,SS-O,4,INJ,1,CLR,1,DRY,1,DAY,099,UNKNOWN,1,0,NONE,NA,NA,NA,NA,NA,NA,13,IMP LN C,NA,NA,NA,NA,NA,NA,0,0,0,0,0,9,"Over 200,000",2,PORTLAND HWY SYSTEM,US,26,US 26,1,02B,293_10834,NA,0,10/30/19 17:21:05,2,0,0,0,1,1,0,2,0,0,0,0,0,0,0,0,0,0,0,3,3,1,0,2,0,0,0,0,0,0,0,N
1795935,09488,10/16/18 00:00:00,10,16,2018,3,16,4P,26,Multnomah,245,Portland SE,57,PORTLAND UA,16,U MN-ART,0,NA,NA,NA,NA,NA,NA,NA,NA,NA,NA,45,30,43.95,-122,39,13.23,45.512208333333,-122.653675,NA,NA,NA,NA,01028,SE HAWTHORNE BLVD,NA,05012,SE 12TH AVE,NA,1,0,9,NA,NA,1,INTER,0,5,5-LEG,0,0,0,NA,0,NA,NA,01,B,ANGL-OTH,6,TURN,4,INJ,1,CLR,1,DRY,1,DAY,001,TRF SIGNAL,1,0,NONE,NA,NA,NA,NA,NA,NA,04,DIS SIG,NA,NA,NA,NA,NA,NA,0,0,0,0,0,9,"Over 200,000",1,PORTLAND CITY STREET,NA,NA,NA,1,02B,58_117348,NA,0,10/30/19 17:21:05,2,0,0,0,1,1,0,1,0,0,0,0,0,0,0,0,0,0,0,2,2,2,0,0,0,0,0,0,0,0,0,N
1795937,10458,11/11/18 00:00:00,11,11,2018,1,16,4P,26,Multnomah,245,Portland SE,57,PORTLAND UA,14,U PR-ART,1,064,NA,EAST PORTLAND FREEWAY,1,6,CN,0,R,4,0064BV100S00,45,30,15.75,-122,33,47.66,45.504375,-122.563238888888,NA,NA,NA,NA,00614,SE DIVISION ST,NA,05096,SE 96TH AVE,NA,1,NA,3,19.6200008,NA,1,INTER,0,1,CROSS,0,0,0,NA,0,NA,NA,06,E,S-1STOP,3,REAR,4,INJ,1,CLR,1,DRY,1,DAY,001,TRF SIGNAL,1,0,NONE,013,FORCED,NA,NA,NA,NA,27,INATTENT,29,F AVOID,NA,NA,NA,NA,0,0,0,0,0,9,"Over 200,000",2,PORTLAND HWY SYSTEM,IS,205,I-205,1,02B,293_6127,NA,0,10/30/19 17:21:05,3,0,0,0,2,2,0,3,0,0,0,0,0,0,0,0,0,0,0,5,5,5,0,0,0,0,0,0,0,0,0,N
1795956,09496,10/16/18 00:00:00,10,16,2018,3,22,10P,26,Multnomah,245,Portland SE,57,PORTLAND UA,14,U PR-ART,1,NA,NA,NA,NA,NA,NA,NA,NA,NA,NA,45,30,16.46,-122,29,47.85,45.504572222222,-122.49662499999933,NA,NA,NA,NA,00614,SE DIVISION ST,NA,05162,SE 162ND AVE,NA,1,0,7,NA,NA,1,INTER,0,1,CROSS,0,0,0,NA,0,NA,NA,06,E,S-1STOP,3,REAR,4,INJ,0,UNK,0,UNK,2,DLIT,001,TRF SIGNAL,1,0,NONE,NA,NA,NA,NA,NA,NA,29,F AVOID,NA,NA,NA,NA,NA,NA,0,0,0,0,0,9,"Over 200,000",1,PORTLAND CITY STREET,NA,NA,NA,1,02B,58_120303,NA,0,10/30/19 17:21:05,2,0,0,0,1,1,0,1,0,0,0,0,0,0,0,0,0,0,0,2,2,0,0,2,0,0,0,0,0,0,0,N
1795974,10465,11/11/18 00:00:00,11,11,2018,1,12,12P,26,Multnomah,245,Portland SE,57,PORTLAND UA,14,U PR-ART,1,NA,NA,NA,NA,NA,NA,NA,NA,NA,NA,45,30,59.48,-122,39,38.71,45.516522222222,-122.660752777777,NA,NA,NA,NA,00226,SE BELMONT ST,NA,00929,SE GRAND AVE,NA,1,0,9,NA,NA,1,INTER,0,1,CROSS,0,0,0,NA,0,NA,NA,04,B,ANGL-OTH,1,ANGL,4,INJ,1,CLR,1,DRY,1,DAY,001,TRF SIGNAL,1,5,NO RPT,013,FORCED,NA,NA,NA,NA,02,NO-YIELD,04,DIS SIG,NA,NA,NA,NA,0,0,0,0,0,9,"Over 200,000",1,PORTLAND CITY STREET,NA,NA,NA,1,02B,58_501178,NA,0,10/30/19 17:21:05,3,0,0,1,0,1,0,2,0,0,0,0,0,0,0,0,0,0,0,3,3,1,0,2,0,0,0,0,0,0,0,N
1795975,09527,10/17/18 00:00:00,10,17,2018,4,09,9A,26,Multnomah,245,Portland SE,57,PORTLAND UA,14,U PR-ART,1,026,NA,MT. HOOD,1,0,MN,0,R,NA,002600100S00,45,29,50.58,-122,34,6.58,45.49738333333333,-122.56849444444367,NA,NA,NA,NA,01940,SE POWELL BLVD,NA,05092,SE 92ND AVE,NA,1,NA,7,5.59000015,35,1,INTER,0,1,CROSS,0,0,0,NA,0,NA,NA,06,C,S-STRGHT,5,SS-O,4,INJ,1,CLR,1,DRY,1,DAY,001,TRF SIGNAL,1,5,NO RPT,NA,NA,NA,NA,NA,NA,13,IMP LN C,NA,NA,NA,NA,NA,NA,0,0,0,0,0,9,"Over 200,000",2,PORTLAND HWY SYSTEM,US,26,US 26,1,02B,293_10834,NA,0,10/30/19 17:21:05,2,0,0,0,2,2,0,2,0,0,0,0,0,0,0,0,0,0,0,4,4,3,0,1,0,0,0,0,0,0,0,N