CRASH_ID,SER_NO,CRASH_DT,CRASH_MO_NO,CRASH_DAY_NO,CRASH_YR_NO,CRASH_WK_DAY_CD,CRASH_HR_NO,CRASH_HR_SHORT_DESC,CNTY_ID,CNTY_NM,CITY_SECT_ID,CITY_SECT_NM,URB_AREA_CD,URB_AREA_SHORT_NM,FC_CD,FC_SHORT_DESC,NHS_FLG,HWY_NO,HWY_SFX_NO,HWY_MED_NM,RDWY_NO,HWY_COMPNT_CD,HWY_COMPNT_SHORT_DESC,MLGE_TYP_CD,MLGE_TYP_SHORT_DESC,RD_CON_NO,LRS_VAL,LAT_DEG_NO,LAT_MINUTE_NO,LAT_SEC_NO,LONGTD_DEG_NO,LONGTD_MINUTE_NO,LONGTD_SEC_NO,LAT_DD,LONGTD_DD,SPECL_JRSDCT_ID,SPECL_JRSDCT_SHORT_DESC,JRSDCT_GRP_CD,JRSDCT_GRP_LONG_DESC,AGY_ST_NO,ST_FULL_NM,RECRE_RD_NM,ISECT_AGY_ST_NO,ISECT_ST_FULL_NM,ISECT_RECRE_RD_NM,ISECT_SEQ_NO,FROM_ISECT_DSTNC_QTY,CMPSS_DIR_CD,MP_NO,POST_SPEED_LMT_VAL,RD_CHAR_CD,RD_CHAR_SHORT_DESC,OFF_RDWY_FLG,ISECT_TYP_CD,ISECT_TYP_SHORT_DESC,ISECT_REL_FLG,RNDABT_FLG,DRVWY_REL_FLG,LN_QTY,TURNG_LEG_QTY,MEDN_TYP_CD,MEDN_TYP_SHORT_DESC,IMPCT_LOC_CD,CRASH_TYP_CD,CRASH_TYP_SHORT_DESC,COLLIS_TYP_CD,COLLIS_TYP_SHORT_DESC,CRASH_SVRTY_CD,CRASH_SVRTY_SHORT_DESC,WTHR_COND_CD,WTHR_COND_SHORT_DESC,RD_SURF_COND_CD,RD_SURF_SHORT_DESC,LGT_COND_CD,LGT_COND_SHORT_DESC,TRAF_CNTL_DEVICE_CD,TRAF_CNTL_DEVICE_SHORT_DESC,TRAF_CNTL_FUNC_FLG,INVSTG_AGY_CD,INVSTG_AGY_SHORT_DESC,CRASH_EVNT_1_CD,CRASH_EVNT_1_SHORT_DESC,CRASH_EVNT_2_CD,CRASH_EVNT_2_SHORT_DESC,CRASH_EVNT_3_CD,CRASH_EVNT_3_SHORT_DESC,CRASH_CAUSE_1_CD,CRASH_CAUSE_1_SHORT_DESC,CRASH_CAUSE_2_CD,CRASH_CAUSE_2_SHORT_DESC,CRASH_CAUSE_3_CD,CRASH_CAUSE_3_SHORT_DESC,SCHL_ZONE_IND,WRK_ZONE_IND,ALCHL_INVLV_FLG,DRUG_INVLV_FLG,MJ_INVLV_FLG,CRASH_SPEED_INVLV_FLG,CRASH_HIT_RUN_FLG,POP_RNG_CD,POP_RNG_MED_DESC,RD_CNTL_CD,RD_CNTL_MED_DESC,RTE_TYP_CD,RTE_ID,RTE_NM,REG_ID,DIST_ID,SEG_MRK_ID,SEG_PT_LRS_MEAS,UNLOCT_FLG,CRASH_LAST_UD_DT,TOT_VHCL_CNT,TOT_FATAL_CNT,TOT_INJ_LVL_A_CNT,TOT_INJ_LVL_B_CNT,TOT_INJ_LVL_C_CNT,TOT_INJ_CNT,TOT_UNINJD_AGE00_04_CNT,TOT_UNINJD_PER_CNT,TOT_PED_CNT,TOT_PED_FATAL_CNT,TOT_PED_INJ_LVL_A_CNT,TOT_PED_INJ_CNT,TOT_PEDCYCL_CNT,TOT_PEDCYCL_FATAL_CNT,TOT_PEDCYCL_INJ_LVL_A_CNT,TOT_PEDCYCL_INJ_CNT,TOT_UNKNWN_CNT,TOT_UNKNWN_FATAL_CNT,TOT_UNKNWN_INJ_CNT,TOT_OCCUP_CNT,TOT_PER_INVLV_CNT,TOT_SFTY_EQUIP_USED_QTY,TOT_SFTY_EQUIP_UNUSED_QTY,TOT_SFTY_EQUIP_USE_UNKNWN_QTY,TOT_PSNGR_VHCL_OCC_UNRESTRND_FATAL_CNT,TOT_MCYCLST_FATAL_CNT,TOT_MCYCLST_INJ_LVL_A_CNT,TOT_MCYCLST_INJ_CNT,TOT_MCYCLST_UNHELMTD_FATAL_CNT,TOT_ALCHL_IMPAIRED_DRVR_INV_FATAL_CNT,TOT_DRVR_AGE_01_20_CNT,LANE_RDWY_DPRT_CRASH_FLG
1796344,09562,10/18/18 00:00:00,10,18,2018,5,13,1P,26,Multnomah,245,Portland SE,57,PORTLAND UA,16,U MN-ART,0,NA,NA,NA,NA,NA,NA,NA,NA,NA,NA,45,30,57.23,-122,33,22.99,45.515897222222,-122.556386111111,NA,NA,NA,NA,00563,SE CHERRY BLOSSOM DR,NA,07103,SE 103RD DR,NA,1,81,4,NA,NA,2,ALLEY,0,NA,NA,0,0,0,4,NA,0,NONE,08,B,ANGL-OTH,6,TURN,4,INJ,1,CLR,1,DRY,1,DAY,099,UNKNOWN,1,5,NO RPT,NA,NA,NA,NA,NA,NA,02,NO-YIELD,NA,NA,NA,NA,NA,NA,0,0,0,0,0,NA,NA,1,PORTLAND CITY STREET,NA,NA,NA,1,02B,58_116751,NA,0,10/31/19 08:56:24,2,0,0,0,2,2,1,1,0,0,0,0,0,0,0,0,0,0,0,3,3,1,1,1,0,0,0,0,0,0,0,N
1796345,10638,11/17/18 00:00:00,11,17,2018,7,19,7P,26,Multnomah,245,Portland SE,57,PORTLAND UA,16,U MN-ART,0,NA,NA,NA,NA,NA,NA,NA,NA,NA,NA,45,31,8.6,-122,33,44.28,45.519055555554665,-122.5623,NA,NA,NA,NA,02259,SE STARK ST,NA,05099,SE 99TH AVE,NA,1,0,9,NA,NA,1,INTER,0,1,CROSS,0,0,0,NA,0,NA,NA,02,B,ANGL-OTH,1,ANGL,4,INJ,3,RAIN,2,WET,2,DLIT,001,TRF SIGNAL,1,0,NONE,NA,NA,NA,NA,NA,NA,02,NO-YIELD,04,DIS SIG,NA,NA,NA,NA,0,0,0,0,0,NA,NA,1,PORTLAND CITY STREET,NA,NA,NA,1,02B,58_139139,NA,0,10/31/19 08:56:24,2,0,0,0,2,2,0,1,0,0,0,0,0,0,0,0,0,0,0,3,3,0,0,3,0,0,0,0,0,0,0,N
1796350,09563,10/18/18 00:00:00,10,18,2018,5,07,7A,26,Multnomah,245,Portland SE,57,PORTLAND UA,17,U MJ-COL,0,NA,NA,NA,NA,NA,NA,NA,NA,NA,NA,45,29,40.6,-122,38,53.98,45.49461111111033,-122.64832777777734,NA,NA,NA,NA,05017,SE 17TH AVE,NA,00432,SE CENTER ST,NA,1,210,1,NA,NA,2,ALLEY,0,NA,NA,0,0,0,2,NA,1,RSDMD,07,6,BIKE,6,TURN,4,INJ,1,CLR,1,DRY,1,DAY,099,UNKNOWN,1,3,CITY,110,N-MTR,NA,NA,NA,NA,27,INATTENT,02,NO-YIELD,NA,NA,NA,NA,0,0,0,0,0,NA,NA,1,PORTLAND CITY STREET,NA,NA,NA,1,02B,58_122855,NA,0,10/31/19 08:56:25,1,0,0,0,1,1,0,1,0,0,0,0,1,0,0,1,0,0,0,1,2,1,0,1,0,0,0,0,0,0,0,N
1796359,09567,10/18/18 00:00:00,10,18,2018,5,17,5P,26,Multnomah,245,Portland SE,57,PORTLAND UA,16,U MN-ART,0,NA,NA,NA,NA,NA,NA,NA,NA,NA,NA,45,28,18.76,-122,36,35.94,45.471877777777664,-122.609983333333,NA,NA,NA,NA,02154,SE RURAL ST,NA,05052,SE 52ND AVE,NA,1,0,9,NA,NA,1,INTER,0,1,CROSS,0,0,0,NA,0,NA,NA,04,H,O-1 L-TURN,6,TURN,4,INJ,1,CLR,1,DRY,1,DAY,004,STOP SIGN,1,5,NO RPT,NA,NA,NA,NA,NA,NA,02,NO-YIELD,NA,NA,NA,NA,NA,NA,0,0,0,0,0,NA,NA,1,PORTLAND CITY STREET,NA,NA,NA,1,02B,58_129151,NA,0,10/31/19 08:56:26,2,0,0,1,0,1,0,2,0,0,0,0,0,0,0,0,0,0,0,3,3,3,0,0,0,0,0,0,0,0,0,N
1796377,09568,10/18/18 00:00:00,10,18,2018,5,21,9P,26,Multnomah,245,Portland SE,57,PORTLAND UA,17,U MJ-COL,0,NA,NA,NA,NA,NA,NA,NA,NA,NA,NA,45,28,5.62,-122,35,21.66,45.46822777777767,-122.58934999999933,NA,NA,NA,NA,05072,SE 72ND AVE,NA,00817,SE FLAVEL ST,NA,1,137,5,NA,NA,2,ALLEY,0,NA,NA,0,0,0,2,NA,0,NONE,07,6,BIKE,6,TURN,4,INJ,1,CLR,1,DRY,2,DLIT,099,UNKNOWN,1,5,NO RPT,110,N-MTR,NA,NA,NA,NA,02,NO-YIELD,NA,NA,NA,NA,NA,NA,0,0,0,0,0,NA,NA,1,PORTLAND CITY STREET,NA,NA,NA,1,02B,58_183176,NA,0,10/31/19 08:56:28,1,0,0,1,0,1,0,1,0,0,0,0,1,0,0,1,0,0,0,1,2,0,0,2,0,0,0,0,0,0,0,N
1796388,10642,11/17/18 00:00:00,11,17,2018,7,12,12P,26,Multnomah,245,Portland SE,57,PORTLAND UA,11,U INTRST,1,064,NA,EAST PORTLAND FREEWAY,2,0,MN,0,R,NA,006400200S00,45,29,54.95,-122,33,56.1,45.498597222221335,-122.565583333333,NA,NA,NA,NA,00745,EAST PORTLAND FY,NA,09718,SB EF DIV-POWELL C9,NA,1,NA,5,19.1900005,55,3,STRGHT,0,NA,NA,0,0,0,6,NA,2,DIVMD,04,C,S-STRGHT,3,REAR,4,INJ,1,CLR,1,DRY,1,DAY,017,MEDIAN BAR,1,0,NONE,NA,NA,NA,NA,NA,NA,29,F AVOID,NA,NA,NA,NA,NA,NA,0,0,0,0,0,NA,NA,2,PORTLAND HWY SYSTEM,IS,205,I-205,1,02B,293_5864,NA,0,10/31/19 08:56:29,2,0,0,0,1,1,0,3,0,0,0,0,0,0,0,0,0,0,0,4,4,4,0,0,0,0,0,0,0,0,1,N
1796389,09572,10/18/18 00:00:00,10,18,2018,5,15,3P,26,Multnomah,245,Portland SE,57,PORTLAND UA,14,U PR-ART,1,026,NA,MT. HOOD,1,0,MN,0,R,NA,002600100S00,45,29,38.61,-122,29,34.99,45.494058333333335,-122.49305277777734,NA,NA,NA,NA,01940,SE POWELL BLVD,NA,05166,SE 166TH AVE,NA,1,NA,8,9.46000004,35,1,INTER,0,3,3-LEG,0,0,0,NA,0,NA,NA,06,E,S-1STOP,3,REAR,4,INJ,1,CLR,1,DRY,1,DAY,004,STOP SIGN,1,5,NO RPT,013,FORCED,NA,NA,NA,NA,27,INATTENT,NA,NA,NA,NA,NA,NA,0,0,0,0,0,NA,NA,2,PORTLAND HWY SYSTEM,US,26,US 26,1,02B,293_19396,NA,0,10/31/19 08:56:29,3,0,0,1,0,1,0,3,0,0,0,0,0,0,0,0,0,0,0,4,4,3,0,1,0,0,0,0,0,0,0,N
1796391,09573,10/19/18 00:00:00,10,19,2018,6,15,3P,26,Multnomah,245,Portland SE,57,PORTLAND UA,14,U PR-ART,1,026,NA,MT. HOOD,1,0,MN,0,R,NA,002600100S00,45,29,49.49,-122,32,15.58,45.497080555555335,-122.53766111111034,NA,NA,NA,NA,01940,SE POWELL BLVD,NA,05122,SE 122ND AVE,NA,1,NA,9,7.21000004,35,1,INTER,0,1,CROSS,0,0,0,NA,0,NA,NA,04,F,S-OTHER,6,TURN,4,INJ,1,CLR,1,DRY,1,DAY,001,TRF SIGNAL,1,0,NONE,NA,NA,NA,NA,NA,NA,08,IMP-TURN,NA,NA,NA,NA,NA,NA,0,0,0,0,0,NA,NA,2,PORTLAND HWY SYSTEM,US,26,US 26,1,02B,293_18791,NA,0,10/31/19 08:56:29,2,0,0,0,2,2,0,1,0,0,0,0,0,0,0,0,0,0,0,3,3,3,0,0,0,0,0,0,0,0,1,N
1796396,09574,10/18/18 00:00:00,10,18,2018,5,18,6P,26,Multnomah,245,Portland SE,57,PORTLAND UA,14,U PR-ART,1,068,NA,CASCADE HWY NORTH,1,0,MN,0,R,NA,006800100S00,45,29,48.74,-122,34,43.43,45.496872222221334,-122.57873055555467,NA,NA,NA,NA,02158,SE RHINE ST,NA,05082,SE 82ND AVE,NA,1,NA,9,4.78999996,35,1,INTER,0,1,CROSS,0,0,0,NA,0,NA,NA,04,B,ANGL-OTH,6,TURN,4,INJ,1,CLR,1,DRY,2,DLIT,004,STOP SIGN,1,5,NO RPT,NA,NA,NA,NA,NA,NA,02,NO-YIELD,NA,NA,NA,NA,NA,NA,0,0,0,0,0,NA,NA,2,PORTLAND HWY SYSTEM,OR,213,OR 213,1,02B,293_16866,NA,0,10/31/19 08:56:30,2,0,0,0,1,1,0,1,0,0,0,0,0,0,0,0,0,0,0,2,2,1,0,1,0,0,0,0,0,0,0,N
1796397,10644,11/17/18 00:00:00,11,17,2018,7,18,6P,26,Multnomah,245,Portland SE,57,PORTLAND UA,17,U MJ-COL,0,NA,NA,NA,NA,NA,NA,NA,NA,NA,NA,45,31,0.63,-122,34,8.85,45.516841666666664,-122.56912499999967,NA,NA,NA,NA,01591,SE MORRISON ST,NA,05092,SE 92ND AVE,NA,1,0,9,NA,NA,1,INTER,0,1,CROSS,0,0,0,NA,0,NA,NA,04,B,ANGL-OTH,1,ANGL,4,INJ,1,CLR,1,DRY,5,DUSK,004,STOP SIGN,1,3,CITY,010,SUB OTRN,NA,NA,NA,NA,03,PAS-STOP,30,SPEED,33,RECKLESS,NA,NA,0,1,0,1,0,NA,NA,1,PORTLAND CITY STREET,NA,NA,NA,1,02B,58_139539,NA,0,10/31/19 08:56:30,2,0,1,0,2,3,0,0,0,0,0,0,0,0,0,0,0,0,0,3,3,2,0,1,0,0,0,0,0,0,0,N
1796404,10645,11/17/18 00:00:00,11,17,2018,7,18,6P,26,Multnomah,245,Portland SE,57,PORTLAND UA,14,U PR-ART,1,068,NA,CASCADE HWY NORTH,1,0,MN,0,R,NA,006800100S00,45,29,43.79,-122,34,43.42,45.49549722222133,-122.57872777777767,NA,NA,NA,NA,02126,SE RHONE ST,NA,05082,SE 82ND AVE,NA,1,NA,5,4.88000011,35,1,INTER,0,1,CROSS,0,0,0,NA,0,NA,NA,06,C,S-STRGHT,5,SS-O,4,INJ,1,CLR,1,DRY,5,DUSK,090,L-TURN REF,1,3,CITY,NA,NA,NA,NA,NA,NA,05,LEFT-CTR,NA,NA,NA,NA,NA,NA,0,0,0,0,1,NA,NA,2,PORTLAND HWY SYSTEM,OR,213,OR 213,1,02B,293_17823,NA,0,10/31/19 08:56:30,2,0,0,0,2,2,0,1,0,0,0,0,0,0,0,0,0,0,0,3,3,1,0,2,0,0,0,0,0,0,0,N
1796412,09578,10/18/18 00:00:00,10,18,2018,5,07,7A,26,Multnomah,245,Portland SE,57,PORTLAND UA,14,U PR-ART,1,026,NA,MT. HOOD,1,0,MN,0,R,NA,002600100S00,45,29,38.61,-122,29,34.99,45.494058333333335,-122.49305277777734,NA,NA,NA,NA,01940,SE POWELL BLVD,NA,05166,SE 166TH AVE,NA,1,NA,4,9.46000004,35,1,INTER,0,3,3-LEG,0,0,0,NA,0,NA,NA,06,E,S-1STOP,3,REAR,4,INJ,1,CLR,1,DRY,1,DAY,004,STOP SIGN,1,5,NO RPT,NA,NA,NA,NA,NA,NA,27,INATTENT,NA,NA,NA,NA,NA,NA,0,0,0,0,0,NA,NA,2,PORTLAND HWY SYSTEM,US,26,US 26,1,02B,293_19396,NA,0,10/31/19 08:56:31,2,0,0,0,1,1,0,1,0,0,0,0,0,0,0,0,0,0,0,2,2,2,0,0,0,0,0,0,0,0,0,N
1796423,09581,10/18/18 00:00:00,10,18,2018,5,22,10P,26,Multnomah,245,Portland SE,57,PORTLAND UA,17,U MJ-COL,0,NA,NA,NA,NA,NA,NA,NA,NA,NA,NA,45,31,9.68,-122,39,27.87,45.51935555555467,-122.657741666666,NA,NA,NA,NA,02210,SE SANDY BLVD,NA,02259,SE STARK ST,NA,1,0,3,NA,NA,1,INTER,0,6,6-LEG,0,0,0,NA,0,NA,NA,06,3,PED,0,PED,4,INJ,1,CLR,1,DRY,2,DLIT,001,TRF SIGNAL,1,3,CITY,093,CELL PHONE,NA,NA,NA,NA,32,CARELESS,04,DIS SIG,27,INATTENT,NA,NA,0,0,0,0,0,NA,NA,1,PORTLAND CITY STREET,NA,NA,NA,1,02B,58_115179,NA,0,10/31/19 08:56:33,1,0,0,1,0,1,0,1,1,0,0,1,0,0,0,0,0,0,0,1,2,1,0,0,0,0,0,0,0,0,0,N
1796440,10653,11/17/18 00:00:00,11,17,2018,7,09,9A,26,Multnomah,245,Portland SE,57,PORTLAND UA,14,U PR-ART,1,NA,NA,NA,NA,NA,NA,NA,NA,NA,NA,45,30,16.51,-122,29,22.6,45.504586111111,-122.48961111111034,NA,NA,NA,NA,00614,SE DIVISION ST,NA,05168,SE 168TH AVE,NA,1,0,3,NA,NA,1,INTER,0,1,CROSS,0,0,0,NA,0,NA,NA,05,3,PED,0,PED,4,INJ,1,CLR,1,DRY,1,DAY,001,TRF SIGNAL,1,3,CITY,NA,NA,NA,NA,NA,NA,02,NO-YIELD,NA,NA,NA,NA,0,0,0,0,0,0,0,NA,NA,1,PORTLAND CITY STREET,NA,NA,NA,1,02B,58_501735,NA,0,10/31/19 08:56:34,1,0,0,1,0,1,0,1,1,0,0,1,0,0,0,0,0,0,0,1,2,1,0,0,0,0,0,0,0,0,0,N
1796443,10667,11/18/18 00:00:00,11,18,2018,1,18,6P,26,Multnomah,245,Portland SE,57,PORTLAND UA,17,U MJ-COL,0,NA,NA,NA,NA,NA,NA,NA,NA,NA,NA,45,30,17.27,-122,37,57.38,45.504797222222,-122.63260555555466,NA,NA,NA,NA,00614,SE DIVISION ST,NA,05032,SE 32ND AVE,NA,1,0,3,NA,NA,1,INTER,0,1,CROSS,0,0,0,NA,0,NA,NA,06,E,S-1STOP,3,REAR,4,INJ,0,UNK,0,UNK,5,DUSK,099,UNKNOWN,1,0,NONE,004,INDRCT PED,NA,NA,NA,NA,29,F AVOID,NA,NA,NA,NA,NA,NA,0,0,0,0,0,NA,NA,1,PORTLAND CITY STREET,NA,NA,NA,1,02B,58_119538,NA,0,10/31/19 08:56:34,2,0,0,0,1,1,0,1,0,0,0,0,0,0,0,0,0,0,0,2,2,0,0,2,0,0,0,0,0,0,0,N
1796452,10670,11/18/18 00:00:00,11,18,2018,1,19,7P,26,Multnomah,245,Portland SE,57,PORTLAND UA,17,U MJ-COL,0,NA,NA,NA,NA,NA,NA,NA,NA,NA,NA,45,31,9.34,-122,36,8.54,45.519261111110666,-122.602372222222,NA,NA,NA,NA,02259,SE STARK ST,NA,05060,SE 60TH AVE,NA,1,0,9,NA,NA,1,INTER,0,4,4-LEG,0,0,0,NA,0,NA,NA,02,H,O-1 L-TURN,6,TURN,4,INJ,1,CLR,1,DRY,2,DLIT,001,TRF SIGNAL,1,5,NO RPT,NA,NA,NA,NA,NA,NA,02,NO-YIELD,NA,NA,NA,NA,NA,NA,0,0,0,0,0,NA,NA,1,PORTLAND CITY STREET,NA,NA,NA,1,02B,58_115420,NA,0,10/31/19 08:56:35,2,0,0,0,2,2,0,1,0,0,0,0,0,0,0,0,0,0,0,3,3,2,0,1,0,0,0,0,0,0,1,N
1796469,09598,10/19/18 00:00:00,10,19,2018,6,18,6P,26,Multnomah,245,Portland SE,57,PORTLAND UA,16,U MN-ART,0,NA,NA,NA,NA,NA,NA,NA,NA,NA,NA,45,28,34.27,-122,32,53.29,45.476186111110664,-122.54813611111034,NA,NA,NA,NA,00824,SE FOSTER RD,NA,05111,SE 111TH AVE,NA,1,303,3,NA,NA,3,STRGHT,0,NA,NA,1,0,0,4,NA,0,NONE,08,E,S-1STOP,3,REAR,4,INJ,1,CLR,1,DRY,2,DLIT,092,EMR SGN/FL,1,5,NO RPT,NA,NA,NA,NA,NA,NA,29,F AVOID,NA,NA,NA,NA,NA,NA,0,0,0,0,0,NA,NA,1,PORTLAND CITY STREET,NA,NA,NA,1,02C,58_194396,NA,0,10/31/19 08:56:37,2,0,0,0,2,2,0,1,0,0,0,0,0,0,0,0,0,0,0,3,3,2,0,1,0,0,0,0,0,0,0,N
1796471,10681,11/18/18 00:00:00,11,18,2018,1,03,3A,26,Multnomah,245,Portland SE,57,PORTLAND UA,11,U INTRST,1,064,NA,EAST PORTLAND FREEWAY,1,6,CN,0,R,1,0064BS100S00,45,29,50.18,-122,33,52.84,45.49727222222133,-122.564677777777,NA,NA,NA,NA,01940,SE POWELL BLVD,NA,09714,NB EX POWELL BVD C1,NA,1,NA,9,19.1100006,NA,1,INTER,0,1,CROSS,0,0,0,NA,0,NA,NA,04,B,ANGL-OTH,1,ANGL,4,INJ,1,CLR,1,DRY,2,DLIT,001,TRF SIGNAL,1,5,NO RPT,NA,NA,NA,NA,NA,NA,02,NO-YIELD,04,DIS SIG,NA,NA,NA,NA,0,0,0,0,0,NA,NA,2,PORTLAND HWY SYSTEM,IS,205,I-205,1,02B,293_25906,NA,0,10/31/19 08:56:38,2,0,0,0,1,1,0,1,0,0,0,0,0,0,0,0,0,0,0,2,2,1,0,1,0,0,0,0,0,0,0,N
1796559,09610,10/19/18 00:00:00,10,19,2018,6,12,12P,26,Multnomah,245,Portland SE,57,PORTLAND UA,14,U PR-ART,1,026,NA,MT. HOOD,1,0,MN,0,R,NA,002600100S00,45,29,50.43,-122,37,21.37,45.49734166666633,-122.62260277777767,NA,NA,NA,NA,01940,SE POWELL BLVD,NA,05039,SE 39TH AV/CESAR CHAVEZ,NA,1,NA,9,2.91000009,35,1,INTER,0,1,CROSS,0,0,0,NA,0,NA,NA,04,B,ANGL-OTH,1,ANGL,4,INJ,1,CLR,1,DRY,1,DAY,092,EMR SGN/FL,1,3,CITY,108,OFFICER,NA,NA,NA,NA,02,NO-YIELD,NA,NA,NA,NA,0,0,0,0,0,0,0,9,"Over 200,000",2,PORTLAND HWY SYSTEM,US,26,US 26,1,02B,293_19721,NA,0,11/04/19 08:39:43,2,0,0,0,3,3,0,0,0,0,0,0,0,0,0,0,0,0,0,3,3,2,0,1,0,0,0,0,0,0,0,N
1796564,10686,11/19/18 00:00:00,11,19,2018,2,18,6P,26,Multnomah,245,Portland SE,57,PORTLAND UA,16,U MN-ART,0,NA,NA,NA,NA,NA,NA,NA,NA,NA,NA,45,31,8.32,-122,32,49.05,45.518977777777664,-122.54695833333334,NA,NA,NA,NA,02259,SE STARK ST,NA,05113,SE 113TH AVE,NA,1,0,1,NA,NA,1,INTER,0,4,4-LEG,0,0,0,NA,0,NA,NA,06,B,ANGL-OTH,6,TURN,4,INJ,1,CLR,1,DRY,5,DUSK,099,UNKNOWN,1,3,CITY,NA,NA,NA,NA,NA,NA,03,PAS-STOP,33,RECKLESS,NA,NA,0,0,1,0,0,0,0,9,"Over 200,000",1,PORTLAND CITY STREET,NA,NA,NA,1,02B,58_115784,NA,0,11/04/19 08:39:43,3,0,0,1,1,2,0,1,0,0,0,0,0,0,0,0,0,0,0,3,3,3,0,0,0,0,0,0,0,0,0,N
1796567,09620,10/19/18 00:00:00,10,19,2018,6,16,4P,26,Multnomah,245,Portland SE,57,PORTLAND UA,16,U MN-ART,0,NA,NA,NA,NA,NA,NA,NA,NA,NA,NA,45,31,8.5,-122,32,13.28,45.519027777777666,-122.53702222222134,NA,NA,NA,NA,02259,SE STARK ST,NA,05122,SE 122ND AVE,NA,1,160,3,NA,NA,2,ALLEY,0,NA,NA,0,0,0,4,NA,0,NONE,07,H,O-1 L-TURN,6,TURN,4,INJ,1,CLR,1,DRY,1,DAY,099,UNKNOWN,1,5,NO RPT,NA,NA,NA,NA,NA,NA,02,NO-YIELD,NA,NA,NA,NA,NA,NA,0,0,0,0,0,9,"Over 200,000",1,PORTLAND CITY STREET,NA,NA,NA,1,02B,58_115806,NA,0,11/04/19 08:39:44,2,0,0,0,1,1,0,1,0,0,0,0,0,0,0,0,0,0,0,2,2,1,0,1,0,0,0,0,0,0,0,N
1796580,09628,10/20/18 00:00:00,10,20,2018,7,15,3P,26,Multnomah,245,Portland SE,57,PORTLAND UA,17,U MJ-COL,0,NA,NA,NA,NA,NA,NA,NA,NA,NA,NA,45,29,23.23,-122,33,20.74,45.489786111110334,-122.555761111111,NA,NA,NA,NA,01055,SE HOLGATE BLVD,NA,05104,SE 104TH AVE,NA,1,0,3,NA,NA,1,INTER,0,1,CROSS,0,0,0,NA,0,NA,NA,06,E,S-1STOP,3,REAR,4,INJ,1,CLR,1,DRY,1,DAY,001,TRF SIGNAL,1,0,NONE,013,FORCED,NA,NA,NA,NA,29,F AVOID,NA,NA,NA,NA,NA,NA,0,0,0,0,0,9,"Over 200,000",1,PORTLAND CITY STREET,NA,NA,NA,1,02C,58_124703,NA,0,11/04/19 08:39:45,3,0,0,0,2,2,0,1,0,0,0,0,0,0,0,0,0,0,0,3,3,2,0,1,0,0,0,0,0,0,0,N
1796589,10690,11/19/18 00:00:00,11,19,2018,2,13,1P,26,Multnomah,245,Portland SE,57,PORTLAND UA,16,U MN-ART,0,NA,NA,NA,NA,NA,NA,NA,NA,NA,NA,45,31,8.58,-122,33,32.86,45.519049999999666,-122.559127777777,NA,NA,NA,NA,02259,SE STARK ST,NA,05102,SE 102ND AVE,NA,1,150,7,NA,NA,3,STRGHT,0,NA,NA,0,0,0,4,NA,0,NONE,08,C,S-STRGHT,5,SS-O,4,INJ,1,CLR,1,DRY,1,DAY,015,ONE-WAY,1,0,NONE,NA,NA,NA,NA,NA,NA,13,IMP LN C,NA,NA,NA,NA,NA,NA,0,0,0,0,0,9,"Over 200,000",1,PORTLAND CITY STREET,NA,NA,NA,1,02B,58_115679,NA,0,11/04/19 08:39:46,2,0,0,0,1,1,0,2,0,0,0,0,0,0,0,0,0,0,0,3,3,2,0,1,0,0,0,0,0,0,0,N
1796622,10698,11/19/18 00:00:00,11,19,2018,2,20,8P,26,Multnomah,245,Portland SE,57,PORTLAND UA,14,U PR-ART,1,026,NA,MT. HOOD,1,0,MN,0,R,NA,002600100S00,45,29,50.78,-122,35,20.82,45.49743888888833,-122.58911666666633,NA,NA,NA,NA,01940,SE POWELL BLVD,NA,05072,SE 72ND AVE,NA,1,NA,7,4.53999996,35,1,INTER,0,3,3-LEG,0,0,0,NA,0,NA,NA,06,E,S-1STOP,3,REAR,4,INJ,1,CLR,1,DRY,2,DLIT,001,TRF SIGNAL,1,0,NONE,NA,NA,NA,NA,NA,NA,29,F AVOID,NA,NA,NA,NA,NA,NA,0,0,0,0,0,9,"Over 200,000",2,PORTLAND HWY SYSTEM,US,26,US 26,1,02B,293_19988,NA,0,11/04/19 08:39:51,2,0,0,0,1,1,0,2,0,0,0,0,0,0,0,0,0,0,0,3,3,3,0,0,0,0,0,0,0,0,0,N
1796625,09634,10/20/18 00:00:00,10,20,2018,7,12,12P,26,Multnomah,245,Portland SE,57,PORTLAND UA,14,U PR-ART,1,026,NA,MT. HOOD,1,0,MN,0,R,NA,002600100S00,45,29,45.83,-122,33,16.02,45.49606388888833,-122.55445,NA,NA,NA,NA,01940,SE POWELL BLVD,NA,05104,SE 104TH AVE,NA,1,NA,3,6.38999987,35,3,STRGHT,0,NA,NA,0,0,0,2,NA,0,NONE,04,E,S-1STOP,3,REAR,4,INJ,1,CLR,1,DRY,1,DAY,099,UNKNOWN,1,5,NO RPT,NA,NA,NA,NA,NA,NA,27,INATTENT,NA,NA,NA,NA,NA,NA,0,0,0,0,0,9,"Over 200,000",2,PORTLAND HWY SYSTEM,US,26,US 26,1,02B,293_3088,NA,0,11/04/19 08:39:51,3,0,0,0,3,3,0,2,0,0,0,0,0,0,0,0,0,0,0,5,5,4,0,1,0,0,0,0,0,0,0,N