CRASH_ID,SER_NO,CRASH_DT,CRASH_MO_NO,CRASH_DAY_NO,CRASH_YR_NO,CRASH_WK_DAY_CD,CRASH_HR_NO,CRASH_HR_SHORT_DESC,CNTY_ID,CNTY_NM,CITY_SECT_ID,CITY_SECT_NM,URB_AREA_CD,URB_AREA_SHORT_NM,FC_CD,FC_SHORT_DESC,NHS_FLG,HWY_NO,HWY_SFX_NO,HWY_MED_NM,RDWY_NO,HWY_COMPNT_CD,HWY_COMPNT_SHORT_DESC,MLGE_TYP_CD,MLGE_TYP_SHORT_DESC,RD_CON_NO,LRS_VAL,LAT_DEG_NO,LAT_MINUTE_NO,LAT_SEC_NO,LONGTD_DEG_NO,LONGTD_MINUTE_NO,LONGTD_SEC_NO,LAT_DD,LONGTD_DD,SPECL_JRSDCT_ID,SPECL_JRSDCT_SHORT_DESC,JRSDCT_GRP_CD,JRSDCT_GRP_LONG_DESC,AGY_ST_NO,ST_FULL_NM,RECRE_RD_NM,ISECT_AGY_ST_NO,ISECT_ST_FULL_NM,ISECT_RECRE_RD_NM,ISECT_SEQ_NO,FROM_ISECT_DSTNC_QTY,CMPSS_DIR_CD,MP_NO,POST_SPEED_LMT_VAL,RD_CHAR_CD,RD_CHAR_SHORT_DESC,OFF_RDWY_FLG,ISECT_TYP_CD,ISECT_TYP_SHORT_DESC,ISECT_REL_FLG,RNDABT_FLG,DRVWY_REL_FLG,LN_QTY,TURNG_LEG_QTY,MEDN_TYP_CD,MEDN_TYP_SHORT_DESC,IMPCT_LOC_CD,CRASH_TYP_CD,CRASH_TYP_SHORT_DESC,COLLIS_TYP_CD,COLLIS_TYP_SHORT_DESC,CRASH_SVRTY_CD,CRASH_SVRTY_SHORT_DESC,WTHR_COND_CD,WTHR_COND_SHORT_DESC,RD_SURF_COND_CD,RD_SURF_SHORT_DESC,LGT_COND_CD,LGT_COND_SHORT_DESC,TRAF_CNTL_DEVICE_CD,TRAF_CNTL_DEVICE_SHORT_DESC,TRAF_CNTL_FUNC_FLG,INVSTG_AGY_CD,INVSTG_AGY_SHORT_DESC,CRASH_EVNT_1_CD,CRASH_EVNT_1_SHORT_DESC,CRASH_EVNT_2_CD,CRASH_EVNT_2_SHORT_DESC,CRASH_EVNT_3_CD,CRASH_EVNT_3_SHORT_DESC,CRASH_CAUSE_1_CD,CRASH_CAUSE_1_SHORT_DESC,CRASH_CAUSE_2_CD,CRASH_CAUSE_2_SHORT_DESC,CRASH_CAUSE_3_CD,CRASH_CAUSE_3_SHORT_DESC,SCHL_ZONE_IND,WRK_ZONE_IND,ALCHL_INVLV_FLG,DRUG_INVLV_FLG,MJ_INVLV_FLG,CRASH_SPEED_INVLV_FLG,CRASH_HIT_RUN_FLG,POP_RNG_CD,POP_RNG_MED_DESC,RD_CNTL_CD,RD_CNTL_MED_DESC,RTE_TYP_CD,RTE_ID,RTE_NM,REG_ID,DIST_ID,SEG_MRK_ID,SEG_PT_LRS_MEAS,UNLOCT_FLG,CRASH_LAST_UD_DT,TOT_VHCL_CNT,TOT_FATAL_CNT,TOT_INJ_LVL_A_CNT,TOT_INJ_LVL_B_CNT,TOT_INJ_LVL_C_CNT,TOT_INJ_CNT,TOT_UNINJD_AGE00_04_CNT,TOT_UNINJD_PER_CNT,TOT_PED_CNT,TOT_PED_FATAL_CNT,TOT_PED_INJ_LVL_A_CNT,TOT_PED_INJ_CNT,TOT_PEDCYCL_CNT,TOT_PEDCYCL_FATAL_CNT,TOT_PEDCYCL_INJ_LVL_A_CNT,TOT_PEDCYCL_INJ_CNT,TOT_UNKNWN_CNT,TOT_UNKNWN_FATAL_CNT,TOT_UNKNWN_INJ_CNT,TOT_OCCUP_CNT,TOT_PER_INVLV_CNT,TOT_SFTY_EQUIP_USED_QTY,TOT_SFTY_EQUIP_UNUSED_QTY,TOT_SFTY_EQUIP_USE_UNKNWN_QTY,TOT_PSNGR_VHCL_OCC_UNRESTRND_FATAL_CNT,TOT_MCYCLST_FATAL_CNT,TOT_MCYCLST_INJ_LVL_A_CNT,TOT_MCYCLST_INJ_CNT,TOT_MCYCLST_UNHELMTD_FATAL_CNT,TOT_ALCHL_IMPAIRED_DRVR_INV_FATAL_CNT,TOT_DRVR_AGE_01_20_CNT,LANE_RDWY_DPRT_CRASH_FLG
1796643,11703,11/19/18 00:00:00,11,19,2018,2,14,2P,26,Multnomah,245,Portland SE,57,PORTLAND UA,11,U INTRST,1,064,NA,EAST PORTLAND FREEWAY,1,0,MN,0,R,NA,006400100S00,45,28,21.9,-122,33,54.98,45.472749999999664,-122.565272222222,NA,NA,NA,NA,00745,EAST PORTLAND FY,NA,09710,NB EX WOODSTOCK C1,NA,1,NA,5,17.4200001,55,3,STRGHT,0,NA,NA,0,0,0,6,NA,2,DIVMD,05,C,S-STRGHT,3,REAR,4,INJ,1,CLR,1,DRY,1,DAY,017,MEDIAN BAR,1,3,CITY,NA,NA,NA,NA,NA,NA,29,F AVOID,NA,NA,NA,NA,0,0,0,0,0,0,0,9,"Over 200,000",2,PORTLAND HWY SYSTEM,IS,205,I-205,1,02B,293_5703,NA,0,11/04/19 08:39:53,3,0,0,0,4,4,0,1,0,0,0,0,0,0,0,0,0,0,0,5,5,5,0,0,0,0,0,0,0,0,0,N
1796665,09652,10/21/18 00:00:00,10,21,2018,1,02,2A,26,Multnomah,245,Portland SE,57,PORTLAND UA,16,U MN-ART,0,NA,NA,NA,NA,NA,NA,NA,NA,NA,NA,45,28,58.11,-122,34,44.22,45.48280833333267,-122.57894999999967,NA,NA,NA,NA,00824,SE FOSTER RD,NA,05082,SE 82ND AVE,NA,1,0,7,NA,NA,1,INTER,0,1,CROSS,0,0,0,NA,0,NA,NA,06,E,S-1STOP,3,REAR,4,INJ,1,CLR,1,DRY,2,DLIT,001,TRF SIGNAL,1,3,CITY,013,FORCED,NA,NA,NA,NA,29,F AVOID,NA,NA,NA,NA,0,0,1,0,0,0,1,9,"Over 200,000",1,PORTLAND CITY STREET,NA,NA,NA,1,02B,58_126367,NA,0,11/04/19 08:39:56,4,0,0,0,1,1,0,2,0,0,0,0,0,0,0,0,0,0,0,3,3,2,0,1,0,0,0,0,0,0,0,N
1796685,10734,11/20/18 00:00:00,11,20,2018,3,08,8A,26,Multnomah,245,Portland SE,57,PORTLAND UA,14,U PR-ART,1,NA,NA,NA,NA,NA,NA,NA,NA,NA,NA,45,30,16.46,-122,29,47.85,45.504572222222,-122.49662499999933,NA,NA,NA,NA,00614,SE DIVISION ST,NA,05162,SE 162ND AVE,NA,1,0,9,NA,NA,1,INTER,0,1,CROSS,0,0,0,NA,0,NA,NA,03,B,ANGL-OTH,1,ANGL,4,INJ,1,CLR,1,DRY,4,DAWN,001,TRF SIGNAL,1,3,CITY,NA,NA,NA,NA,NA,NA,02,NO-YIELD,04,DIS SIG,NA,NA,0,0,0,0,0,0,1,9,"Over 200,000",1,PORTLAND CITY STREET,NA,NA,NA,1,02B,58_120303,NA,0,11/04/19 08:39:58,2,0,0,0,1,1,1,2,0,0,0,0,0,0,0,0,0,0,0,3,3,2,0,1,0,0,0,0,0,0,0,N
1796686,10736,11/20/18 00:00:00,11,20,2018,3,10,10A,26,Multnomah,245,Portland SE,57,PORTLAND UA,17,U MJ-COL,0,NA,NA,NA,NA,NA,NA,NA,NA,NA,NA,45,31,1.87,-122,38,53.03,45.51718611111067,-122.64806388888833,NA,NA,NA,NA,01591,SE MORRISON ST,NA,05017,SE 17TH AVE,NA,1,115,7,NA,NA,3,STRGHT,0,NA,NA,0,0,0,2,NA,0,NONE,07,C,S-STRGHT,5,SS-O,4,INJ,1,CLR,1,DRY,1,DAY,015,ONE-WAY,1,0,NONE,NA,NA,NA,NA,NA,NA,13,IMP LN C,NA,NA,NA,NA,NA,NA,0,0,0,0,0,9,"Over 200,000",1,PORTLAND CITY STREET,NA,NA,NA,1,02B,58_115780,NA,0,11/04/19 08:39:58,2,0,0,0,4,4,0,0,0,0,0,0,0,0,0,0,0,0,0,4,4,1,0,3,0,0,0,0,0,0,0,N
1796690,10739,11/20/18 00:00:00,11,20,2018,3,18,6P,26,Multnomah,245,Portland SE,57,PORTLAND UA,14,U PR-ART,1,026,NA,MT. HOOD,1,0,MN,0,R,NA,002600100S00,45,29,52.28,-122,31,24.78,45.49785555555533,-122.52354999999967,NA,NA,NA,NA,01940,SE POWELL BLVD,NA,05136,SE 136TH AVE,NA,1,NA,3,7.9000001,35,1,INTER,0,1,CROSS,0,0,0,NA,0,NA,NA,05,6,BIKE,1,ANGL,4,INJ,1,CLR,1,DRY,5,DUSK,001,TRF SIGNAL,1,5,NO RPT,NA,NA,NA,NA,NA,NA,02,NO-YIELD,04,DIS SIG,NA,NA,NA,NA,0,0,0,0,0,9,"Over 200,000",2,PORTLAND HWY SYSTEM,US,26,US 26,1,02B,293_14853,NA,0,11/04/19 08:39:59,1,0,0,0,1,1,0,1,0,0,0,0,1,0,0,1,0,0,0,1,2,0,0,2,0,0,0,0,0,0,0,N
1796707,10759,11/21/18 00:00:00,11,21,2018,4,06,6A,26,Multnomah,245,Portland SE,57,PORTLAND UA,11,U INTRST,1,001,NA,PACIFIC,1,0,MN,0,R,NA,000100100S00,45,31,15.6,-122,39,57.07,45.52099999999967,-122.665852777777,NA,NA,NA,NA,00302,PACIFIC HY I-5,NA,09439,SB ENFR BANFIELD C2,NA,1,NA,5,301.329987,50,3,STRGHT,0,NA,NA,0,0,0,6,NA,1,RSDMD,06,E,S-1STOP,3,REAR,4,INJ,3,RAIN,2,WET,4,DAWN,017,MEDIAN BAR,1,0,NONE,013,FORCED,NA,NA,NA,NA,29,F AVOID,NA,NA,NA,NA,NA,NA,0,0,0,0,0,9,"Over 200,000",2,PORTLAND HWY SYSTEM,IS,5,I-5,1,02B,293_3645,NA,0,11/04/19 08:40:02,3,0,0,0,1,1,0,2,0,0,0,0,0,0,0,0,0,0,0,3,3,2,0,1,0,0,0,0,0,0,0,N
1796709,10760,11/21/18 00:00:00,11,21,2018,4,16,4P,26,Multnomah,245,Portland SE,57,PORTLAND UA,17,U MJ-COL,0,NA,NA,NA,NA,NA,NA,NA,NA,NA,NA,45,30,17.41,-122,38,55.18,45.504836111111,-122.64866111111033,NA,NA,NA,NA,00614,SE DIVISION ST,NA,05017,SE 17TH AVE,NA,1,0,7,NA,NA,1,INTER,0,3,3-LEG,0,0,0,NA,0,NA,NA,06,E,S-1STOP,3,REAR,4,INJ,2,CLD,2,WET,1,DAY,001,TRF SIGNAL,1,0,NONE,099,CELL WTNSD,013,FORCED,NA,NA,27,INATTENT,29,F AVOID,NA,NA,NA,NA,0,0,0,0,0,9,"Over 200,000",1,PORTLAND CITY STREET,NA,NA,NA,1,02B,58_119415,NA,0,11/04/19 08:40:02,3,0,0,0,1,1,0,2,0,0,0,0,0,0,0,0,0,0,0,3,3,2,0,1,0,0,0,0,0,0,0,N
1796813,10763,11/21/18 00:00:00,11,21,2018,4,12,12P,26,Multnomah,245,Portland SE,57,PORTLAND UA,11,U INTRST,1,064,NA,EAST PORTLAND FREEWAY,2,0,MN,0,R,NA,006400200S00,45,31,1.8,-122,33,56.08,45.51716666666667,-122.565577777777,NA,NA,NA,NA,00745,EAST PORTLAND FY,NA,09724,SB EF WASH-STARK C4,NA,1,NA,1,20.5200005,55,3,STRGHT,0,NA,NA,0,0,0,6,NA,2,DIVMD,03,C,S-STRGHT,3,REAR,4,INJ,3,RAIN,2,WET,1,DAY,017,MEDIAN BAR,1,1,STATE,NA,NA,NA,NA,NA,NA,27,INATTENT,29,F AVOID,NA,NA,0,0,0,0,0,0,1,9,"Over 200,000",2,PORTLAND HWY SYSTEM,IS,205,I-205,1,02B,293_5895,NA,0,11/05/19 07:07:55,2,0,0,1,1,2,0,0,0,0,0,0,0,0,0,0,0,0,0,2,2,2,0,0,0,0,0,0,0,0,0,N
1796814,10766,11/21/18 00:00:00,11,21,2018,4,20,8P,26,Multnomah,245,Portland SE,57,PORTLAND UA,17,U MJ-COL,0,NA,NA,NA,NA,NA,NA,NA,NA,NA,NA,45,30,41.64,-122,32,34.16,45.511566666666,-122.54282222222133,NA,NA,NA,NA,01528,SE MARKET ST,NA,05117,SE 117TH AVE,NA,1,0,9,NA,NA,1,INTER,0,1,CROSS,0,0,0,NA,0,NA,NA,04,6,BIKE,1,ANGL,4,INJ,3,RAIN,2,WET,2,DLIT,004,STOP SIGN,1,0,NONE,NA,NA,NA,NA,NA,NA,02,NO-YIELD,03,PAS-STOP,NA,NA,NA,NA,0,0,0,0,0,9,"Over 200,000",1,PORTLAND CITY STREET,NA,NA,NA,1,02B,58_118096,NA,0,11/05/19 07:07:55,1,0,0,0,1,1,0,1,0,0,0,0,1,0,0,1,0,0,0,1,2,0,0,2,0,0,0,0,0,0,0,N
1796848,10779,11/21/18 00:00:00,11,21,2018,4,17,5P,26,Multnomah,245,Portland SE,57,PORTLAND UA,14,U PR-ART,1,NA,NA,NA,NA,NA,NA,NA,NA,NA,NA,45,30,14.8,-122,32,20.24,45.504111111111,-122.53895555555533,NA,NA,NA,NA,00614,SE DIVISION ST,NA,05121,SE 121ST AVE,NA,1,0,7,NA,30,1,INTER,0,3,3-LEG,0,0,0,NA,0,NA,NA,06,3,PED,0,PED,4,INJ,2,CLD,2,WET,2,DLIT,090,L-TURN REF,1,3,CITY,NA,NA,NA,NA,NA,NA,18,IN RDWY,NA,NA,NA,NA,0,0,0,0,0,0,0,9,"Over 200,000",1,PORTLAND CITY STREET,NA,NA,NA,1,02B,58_183193,NA,0,11/05/19 07:07:59,1,0,0,0,1,1,0,3,1,0,0,1,0,0,0,0,0,0,0,3,4,3,0,0,0,0,0,0,0,0,0,N
1796854,10780,11/21/18 00:00:00,11,21,2018,4,21,9P,26,Multnomah,245,Portland SE,57,PORTLAND UA,16,U MN-ART,0,NA,NA,NA,NA,NA,NA,NA,NA,NA,NA,45,31,8.96,-122,29,51.81,45.51915555555467,-122.49772499999933,NA,NA,NA,NA,02259,SE STARK ST,NA,05162,SE 162ND AVE,NA,1,275,7,NA,30,3,STRGHT,0,NA,NA,0,0,0,4,NA,0,NONE,07,3,PED,0,PED,4,INJ,2,CLD,1,DRY,2,DLIT,099,UNKNOWN,1,3,CITY,NA,NA,NA,NA,NA,NA,18,IN RDWY,19,NT VISBL,NA,NA,0,0,1,0,0,0,0,9,"Over 200,000",1,PORTLAND CITY STREET,NA,NA,NA,1,02B,58_500722,NA,0,11/05/19 07:07:59,1,0,0,1,0,1,0,2,1,0,0,1,0,0,0,0,0,0,0,2,3,0,0,2,0,0,0,0,0,0,0,N
1796867,10785,11/22/18 00:00:00,11,22,2018,5,17,5P,26,Multnomah,245,Portland SE,57,PORTLAND UA,16,U MN-ART,0,NA,NA,NA,NA,NA,NA,NA,NA,NA,NA,45,30,12,-122,30,37.58,45.503333333333,-122.510438888888,NA,NA,NA,NA,05148,SE 148TH AVE,NA,00614,SE DIVISION ST,NA,1,300,5,NA,NA,2,ALLEY,0,NA,NA,0,0,0,4,NA,0,NONE,07,B,ANGL-OTH,6,TURN,4,INJ,3,RAIN,2,WET,5,DUSK,099,UNKNOWN,1,0,NONE,NA,NA,NA,NA,NA,NA,02,NO-YIELD,NA,NA,NA,NA,NA,NA,0,0,0,0,0,9,"Over 200,000",1,PORTLAND CITY STREET,NA,NA,NA,1,02B,58_120911,NA,0,11/05/19 07:08:01,2,0,0,0,1,1,0,1,0,0,0,0,0,0,0,0,0,0,0,2,2,1,0,1,0,0,0,0,0,0,1,N
1796903,10796,11/22/18 00:00:00,11,22,2018,5,02,2A,26,Multnomah,245,Portland SE,57,PORTLAND UA,14,U PR-ART,1,068,NA,CASCADE HWY NORTH,1,0,MN,0,R,NA,006800100S00,45,28,46.11,-122,34,44.44,45.47947499999967,-122.57901111111067,NA,NA,NA,NA,02658,SE WOODSTOCK BLVD,NA,05082,SE 82ND AVE,NA,1,NA,7,5.98000002,35,1,INTER,1,1,CROSS,0,0,0,NA,0,NA,NA,06,8,FIX OBJ,9,FIX,4,INJ,3,RAIN,2,WET,2,DLIT,001,TRF SIGNAL,1,3,CITY,040,CURB,053,POLE UTL,093,CELL PHONE,01,TOO-FAST,NA,NA,NA,NA,0,0,0,0,0,1,0,9,"Over 200,000",2,PORTLAND HWY SYSTEM,OR,213,OR 213,1,02B,293_21278,NA,0,11/06/19 07:36:24,2,0,0,0,1,1,0,0,0,0,0,0,0,0,0,0,0,0,0,1,1,1,0,0,0,0,0,0,0,0,0,N
1796925,09654,10/21/18 00:00:00,10,21,2018,1,19,7P,26,Multnomah,245,Portland SE,57,PORTLAND UA,14,U PR-ART,1,NA,NA,NA,NA,NA,NA,NA,NA,NA,NA,45,31,9.72,-122,39,38.63,45.51936666666667,-122.660730555555,NA,NA,NA,NA,00929,SE GRAND AVE,NA,02259,SE STARK ST,NA,1,0,9,NA,NA,1,INTER,0,1,CROSS,0,0,0,NA,0,NA,NA,04,H,O-1 L-TURN,6,TURN,4,INJ,1,CLR,1,DRY,2,DLIT,001,TRF SIGNAL,1,0,NONE,113,S CAR ROW,NA,NA,NA,NA,02,NO-YIELD,NA,NA,NA,NA,NA,NA,0,0,0,0,0,9,"Over 200,000",1,PORTLAND CITY STREET,NA,NA,NA,1,02B,58_115162,NA,0,11/06/19 07:36:26,2,0,0,0,1,1,0,5,0,0,0,0,0,0,0,0,0,0,0,6,6,1,0,5,0,0,0,0,0,0,1,N
1796955,09656,10/21/18 00:00:00,10,21,2018,1,14,2P,26,Multnomah,245,Portland SE,57,PORTLAND UA,14,U PR-ART,1,064,NA,EAST PORTLAND FREEWAY,1,6,CN,0,R,4,0064BV100S00,45,30,15.76,-122,33,45.83,45.504377777777,-122.562730555555,NA,NA,NA,NA,00614,SE DIVISION ST,NA,05098,SE 98TH AVE,NA,1,NA,7,19.6000004,NA,1,INTER,0,4,4-LEG,0,0,0,NA,0,NA,NA,05,E,S-1STOP,3,REAR,4,INJ,1,CLR,1,DRY,1,DAY,004,STOP SIGN,1,0,NONE,NA,NA,NA,NA,NA,NA,29,F AVOID,NA,NA,NA,NA,NA,NA,0,0,0,0,0,9,"Over 200,000",2,PORTLAND HWY SYSTEM,IS,205,I-205,1,02B,293_6127,NA,0,11/06/19 07:36:30,2,0,0,0,1,1,1,4,0,0,0,0,0,0,0,0,0,0,0,5,5,4,1,0,0,0,0,0,0,0,0,N
1796959,09659,10/21/18 00:00:00,10,21,2018,1,14,2P,26,Multnomah,245,Portland SE,57,PORTLAND UA,14,U PR-ART,1,068,NA,CASCADE HWY NORTH,1,0,MN,0,R,NA,006800100S00,45,29,37.61,-122,34,43.49,45.49378055555533,-122.57874722222166,NA,NA,NA,NA,05082,SE 82ND AVE,NA,00432,SE CENTER ST,NA,1,NA,1,5,35,3,STRGHT,0,NA,NA,0,0,0,4,NA,0,NONE,03,3,PED,0,PED,4,INJ,1,CLR,1,DRY,1,DAY,019,SP PED SIG,1,3,CITY,NA,NA,NA,NA,NA,NA,32,CARELESS,02,NO-YIELD,NA,NA,NA,NA,0,0,0,0,0,9,"Over 200,000",2,PORTLAND HWY SYSTEM,OR,213,OR 213,1,02B,293_20453,NA,0,11/06/19 07:36:30,1,0,1,1,0,2,0,1,2,0,1,2,0,0,0,0,0,0,0,1,3,1,0,0,0,0,0,0,0,0,0,N
1797021,10853,11/25/18 00:00:00,11,25,2018,1,01,1A,26,Multnomah,245,Portland SE,57,PORTLAND UA,14,U PR-ART,1,026,NA,MT. HOOD,1,0,MN,0,R,NA,002600100S00,45,29,57.26,-122,30,54.85,45.499238888888335,-122.515236111111,NA,NA,NA,NA,01940,SE POWELL BLVD,NA,05144,SE 144TH AVE,NA,1,NA,7,8.31999969,35,5,CURVE,1,NA,NA,0,0,0,2,NA,0,NONE,07,8,FIX OBJ,9,FIX,4,INJ,2,CLD,2,WET,2,DLIT,099,UNKNOWN,1,3,CITY,058,OTH SIGN,053,POLE UTL,121,FENCE,30,SPEED,33,RECKLESS,NA,NA,NA,NA,1,0,0,1,1,9,"Over 200,000",2,PORTLAND HWY SYSTEM,US,26,US 26,1,02B,293_19393,NA,0,11/06/19 07:36:37,1,0,0,0,1,1,0,2,0,0,0,0,0,0,0,0,0,0,0,3,3,0,0,3,0,0,0,0,0,0,1,Y
1797048,10860,11/24/18 00:00:00,11,24,2018,7,23,11P,26,Multnomah,245,Portland SE,57,PORTLAND UA,14,U PR-ART,1,NA,NA,NA,NA,NA,NA,NA,NA,NA,NA,45,31,7.16,-122,39,42.43,45.518655555554666,-122.661786111111,NA,NA,NA,NA,02402,SE MLK/UNION,NA,02612,SE WASHINGTON ST,NA,1,0,9,NA,30,1,INTER,0,1,CROSS,0,0,0,NA,0,NA,NA,01,B,ANGL-OTH,1,ANGL,4,INJ,5,FOG,1,DRY,2,DLIT,004,STOP SIGN,1,3,CITY,NA,NA,NA,NA,NA,NA,02,NO-YIELD,03,PAS-STOP,30,SPEED,0,0,0,0,0,1,1,9,"Over 200,000",1,PORTLAND CITY STREET,NA,NA,NA,1,02B,58_138987,NA,0,11/06/19 07:36:40,2,0,0,0,1,1,0,2,0,0,0,0,0,0,0,0,0,0,0,3,3,2,0,1,0,0,0,0,0,0,1,N
1797089,10870,11/24/18 00:00:00,11,24,2018,7,16,4P,26,Multnomah,245,Portland SE,57,PORTLAND UA,16,U MN-ART,0,NA,NA,NA,NA,NA,NA,NA,NA,NA,NA,45,28,26.19,-122,29,39.85,45.47394166666667,-122.49440277777734,NA,NA,NA,NA,00824,SE FOSTER RD,NA,01221,SE JENNE RD,NA,1,0,9,NA,NA,1,INTER,0,3,3-LEG,0,0,0,NA,0,NA,NA,02,F,S-OTHER,6,TURN,4,INJ,2,CLD,1,DRY,1,DAY,001,TRF SIGNAL,1,3,CITY,NA,NA,NA,NA,NA,NA,06,IMP-OVER,NA,NA,NA,NA,0,0,0,0,0,0,0,9,"Over 200,000",1,PORTLAND CITY STREET,NA,NA,NA,1,02C,58_129218,NA,0,11/07/19 07:14:29,2,0,0,0,1,1,0,2,0,0,0,0,0,0,0,0,0,0,0,3,3,3,0,0,0,0,0,0,0,0,0,N
1797109,09682,10/22/18 00:00:00,10,22,2018,2,09,9A,26,Multnomah,245,Portland SE,57,PORTLAND UA,14,U PR-ART,1,026,NA,MT. HOOD,1,0,MN,0,R,NA,002600100S00,45,29,50.7,-122,34,47.36,45.49741666666633,-122.57982222222167,NA,NA,NA,NA,01940,SE POWELL BLVD,NA,05082,SE 82ND AVE,NA,1,NA,7,4.98999977,35,2,ALLEY,1,NA,NA,0,0,0,4,NA,0,NONE,01,6,BIKE,6,TURN,4,INJ,1,CLR,1,DRY,1,DAY,099,UNKNOWN,1,3,CITY,110,N-MTR,NA,NA,NA,NA,02,NO-YIELD,NA,NA,NA,NA,NA,NA,0,0,0,0,0,9,"Over 200,000",2,PORTLAND HWY SYSTEM,US,26,US 26,1,02B,293_21461,NA,0,11/07/19 07:14:31,1,0,0,1,0,1,0,1,0,0,0,0,1,0,0,1,0,0,0,1,2,1,1,0,0,0,0,0,0,0,0,Y
1797113,09686,10/23/18 00:00:00,10,23,2018,3,17,5P,26,Multnomah,245,Portland SE,57,PORTLAND UA,14,U PR-ART,1,NA,NA,NA,NA,NA,NA,NA,NA,NA,NA,45,30,15.98,-122,30,6.19,45.504438888888,-122.501719444444,NA,NA,NA,NA,00614,SE DIVISION ST,NA,05157,SE 157TH AVE,NA,1,0,7,NA,NA,1,INTER,0,1,CROSS,0,0,0,NA,0,NA,NA,06,E,S-1STOP,3,REAR,4,INJ,2,CLD,1,DRY,1,DAY,004,STOP SIGN,1,3,CITY,NA,NA,NA,NA,NA,NA,29,F AVOID,NA,NA,NA,NA,NA,NA,0,0,0,0,1,9,"Over 200,000",1,PORTLAND CITY STREET,NA,NA,NA,1,02B,58_120321,NA,0,11/07/19 07:14:31,2,0,0,0,2,2,0,2,0,0,0,0,0,0,0,0,0,0,0,4,4,3,0,1,0,0,0,0,0,0,0,N
1797117,09688,10/22/18 00:00:00,10,22,2018,2,14,2P,26,Multnomah,245,Portland SE,57,PORTLAND UA,16,U MN-ART,0,NA,NA,NA,NA,NA,NA,NA,NA,NA,NA,45,29,48.72,-122,32,15.58,45.496866666666335,-122.53766111111034,NA,NA,NA,NA,05122,SE 122ND AVE,NA,01940,SE POWELL BLVD,NA,1,56,5,NA,NA,2,ALLEY,0,NA,NA,0,0,0,4,NA,0,NONE,07,H,O-1 L-TURN,6,TURN,4,INJ,1,CLR,1,DRY,1,DAY,099,UNKNOWN,1,5,NO RPT,NA,NA,NA,NA,NA,NA,02,NO-YIELD,NA,NA,NA,NA,NA,NA,0,0,0,0,0,9,"Over 200,000",1,PORTLAND CITY STREET,NA,NA,NA,1,02B,58_123056,NA,0,11/07/19 07:14:31,2,0,0,0,1,1,0,1,0,0,0,0,0,0,0,0,0,0,0,2,2,0,0,2,0,0,0,0,0,0,0,N
1797120,10881,11/27/18 00:00:00,11,27,2018,3,09,9A,26,Multnomah,245,Portland SE,57,PORTLAND UA,16,U MN-ART,0,NA,NA,NA,NA,NA,NA,NA,NA,NA,NA,45,31,5.96,-122,34,8.84,45.51832222222167,-122.56912222222167,NA,NA,NA,NA,02612,SE WASHINGTON ST,NA,05092,SE 92ND AVE,NA,1,0,9,NA,NA,1,INTER,0,1,CROSS,0,0,0,NA,0,NA,NA,04,B,ANGL-OTH,1,ANGL,4,INJ,3,RAIN,2,WET,1,DAY,001,TRF SIGNAL,1,5,NO RPT,013,FORCED,NA,NA,NA,NA,02,NO-YIELD,04,DIS SIG,NA,NA,NA,NA,0,0,0,0,0,9,"Over 200,000",1,PORTLAND CITY STREET,NA,NA,NA,1,02B,58_184553,NA,0,11/07/19 07:14:32,3,0,0,0,1,1,0,3,0,0,0,0,0,0,0,0,0,0,0,4,4,1,0,3,0,0,0,0,0,0,0,N
1797129,10886,11/27/18 00:00:00,11,27,2018,3,08,8A,26,Multnomah,245,Portland SE,57,PORTLAND UA,16,U MN-ART,0,NA,NA,NA,NA,NA,NA,NA,NA,NA,NA,45,29,25.06,-122,37,21.95,45.49029444444433,-122.62276388888867,NA,NA,NA,NA,01055,SE HOLGATE BLVD,NA,05039,SE 39TH AV/CESAR CHAVEZ,NA,1,0,9,NA,30,1,INTER,0,1,CROSS,0,0,0,NA,0,NA,NA,03,H,O-1 L-TURN,6,TURN,4,INJ,2,CLD,2,WET,4,DAWN,001,TRF SIGNAL,1,3,CITY,NA,NA,NA,NA,NA,NA,02,NO-YIELD,NA,NA,NA,NA,NA,NA,0,0,0,0,0,9,"Over 200,000",1,PORTLAND CITY STREET,NA,NA,NA,1,02B,58_124155,NA,0,11/07/19 07:14:33,2,0,0,1,0,1,0,1,0,0,0,0,0,0,0,0,0,0,0,2,2,2,0,0,0,0,0,0,0,0,0,N
1797142,10895,11/27/18 00:00:00,11,27,2018,3,17,5P,26,Multnomah,245,Portland SE,57,PORTLAND UA,16,U MN-ART,0,NA,NA,NA,NA,NA,NA,NA,NA,NA,NA,45,30,3.21,-122,29,48.69,45.500891666666,-122.49685833333334,NA,NA,NA,NA,00268,SE BROOKLYN ST,NA,05162,SE 162ND AVE,NA,1,0,9,NA,NA,1,INTER,0,3,3-LEG,0,0,0,NA,0,NA,NA,02,B,ANGL-OTH,6,TURN,4,INJ,5,FOG,2,WET,5,DUSK,004,STOP SIGN,1,5,NO RPT,NA,NA,NA,NA,NA,NA,02,NO-YIELD,03,PAS-STOP,NA,NA,NA,NA,0,0,0,0,0,9,"Over 200,000",1,PORTLAND CITY STREET,NA,NA,NA,1,02B,58_121454,NA,0,11/07/19 07:14:34,2,0,0,0,2,2,0,0,0,0,0,0,0,0,0,0,0,0,0,2,2,1,0,1,0,0,0,0,0,0,0,N